,asin,title,brand,Sponsored,Best Seller,Amazon's Choice,Price,Rating,NoofRatings,Discount,Delivery,Prime Delivery,base
0,B089VXHKMH,"Sunon Office Table 47"" Computer Desk Study Writing Table for Home Office, Modern Simple Style PC Desk, Black Metal Frame Laptop Table, Size-47.2 X 23.6 X 28.9 Inch",Sunon,1,0,0,"5,599",4.6,593,53,"Tue, 22 Feb, 8:00 am - 5:00 pm",0,593
1,B098LF2QQS,Pazano Multipurpose Engineered Wood Finish Office Table Computer Desk (90x60x75cm) Modern Sturdy Office Desk PC Laptop Study Writing Table for Home Office - (White) (PZ-2C),Pazano,1,1,0,"2,999",3.8,397,40,"Saturday, February 19",1,397
2,B0874BZTTQ,"Mr IRONSTONE L Shaped Gaming Desk, Textured Carbon Fiber Computer Corner Game Desk, Home Office Writing Workstation with Large Monitor Stand,Cup Holder & Headphone Hook",Mr,1,0,0,"10,999",4.7,"16,527",27,"Saturday, February 19",1,"16,527"
3,B094R97X31,"Monarch Elevate Height Adjustable Table Desk | Electric | 3 Stage Dual Bosch Motor | Ergonomic Sit-Stand Solution | Laminate Table Top Desk (1200mm X 600mm X 25mm ) OR (48 Inch X 28 Inch X 1 Inch ) OR (4 Ft X 2.3 Ft), Everest White),Load Capacity 120KG,",Monarch,1,0,0,"46,566",4.7,28,5,"Wednesday, February 23",0,28
4,B0956XP4QM,"STAR WORK Metal Frame Workstation Modern Simple Style PC Desk with Storage Bag and Hook (Black, 30"" X 32"" X19"")",STAR,0,0,0,"2,983",3.8,"1,088",40,"Monday, February 21",1,"1,088"
5,B08BXFPQR9,"Amazon Brand - Solimo Fame MDF Study Desk(Walnut Finish,Brown)",Amazon,0,0,0,"4,799",4.0,545,36,"Thu, 17 Feb, 7:00 am - 9:00 pm",0,545
6,B098LF2QQS,Pazano Multipurpose Engineered Wood Finish Office Table Computer Desk (90x60x75cm) Modern Sturdy Office Desk PC Laptop Study Writing Table for Home Office - (White) (PZ-2C),Pazano,0,1,0,"2,999",3.8,397,40,"Saturday, February 19",1,397
7,B09QMN1X75,Lukzer Engineered Wood Study Table Desk with 2 Spacious Shelves Computer Organizer for Home Office Hotel Shops Wooden Table for Kids Room (Wenge),Lukzer,0,0,0,"3,199",0,0,54,"Monday, February 21",1,"₹3,199
₹6,999 Save ₹3,800 (54%)"
8,B07X54ZPLW,"Deckup Versa Engineered Wood Study Table and Office Desk (Walnut, Matte Finish)",Deckup,0,0,0,"6,749",4.2,"3,469",44,"Saturday, February 26",0,"3,469"
9,B09NVZT3YY,"Ettorez Height Adjustable Home/Office Engineered Wood Computer Desk with Wheels, Multipurpose Study Laptop Desk,Bedside Portable Table for Adults & Kids- Brown",Ettorez,0,0,0,"3,999",4.2,13,33,"Sunday, February 20",1,13
10,B08NYW1K5D,"Anexo Metal Folding Computer Work from Home Wooden Table for Laptop Study Office Foldable Desk (Powder Coated Finish , Mahogany)",Anexo,0,0,0,"1,950",3.9,364,67,"Tuesday, February 22",0,364
11,B07VSRQB89,"BLUEWUD Mallium Engineered Wood Study & Computer Table, Office Desk (Wenge)",BLUEWUD,0,0,0,"3,549",4.0,"1,994",44,"Tuesday, February 22",1,"1,994"
12,B0919QBZQQ,"Spacecrafts Engineered Wood Office Desk; Study Desk ; Folding Desk (Wenge finish,Wenge)",Spacecrafts,0,0,0,"2,199",4.3,"1,209",45,"Tuesday, February 22",0,"1,209"
13,B08ZHTVGB8,"The Wall Home or Office Desk Study Table (100x60x75cm) (Black Frame, Walnut Wood)",The,0,0,0,"2,754",4.3,96,61,"Sunday, February 20",1,96
14,B096FYTV26,"DlandHome Large Computer Desk, Long Home Office Table, Writing Desk Study Table Gaming Desk Workstation (63 inch, Wood Teak Finish)",DlandHome,0,0,0,"4,999",4.5,864,17,"Monday, February 21",1,864
15,B09NLQC6K9,Spacecrafts Wooden Desktop Computer Table Study Office Laptop Desk FW-550 (Walnut),Spacecrafts,0,0,0,"2,799",4.2,108,60,"Tuesday, February 22",0,108
16,B09J2RX7B9,"Callas Computer Desk Home/Office Desk 29.52 Inch Height Writing Study Desk Modern Simple Desk | Small Desks for Small Spaces | Sturdy Desk for Home, Office, Bedroom, Living Room (Wallnut | CA-ST-02)",Callas,0,0,0,"1,999",3.7,39,71,,0,39
17,B08PKBCL7Y,"Compal Wall Mounted mounting Folding Table Drop-Leaf Folding Kitchen and Dining Laptop Solid Wood Computer Desk (White ,18.5""X31.5"")",Compal,0,0,0,"2,499",4.5,297,58,"Tuesday, February 22",1,297
18,B096YK91XF,Streem Sheesham Wooden Finish Study Table for Students Laptop Office Desk Workstation Writing Tables for Study Room Home Wooden Finish Furniture for Study Room 86 * 50 * 75 cm,Streem,0,0,0,"7,999",4.6,23,53,"Friday, February 25",0,23
19,B09NTY4Y16,SUNNYCRAFT Multipurpose Home Engineered Wood Powder Coated Finish Study Desk/Work from Home (Brown- Size 90x60x75cm) Modern Study Desk Laptop Table for Home & Office (White),SUNNYCRAFT,0,0,0,"2,600",4.4,21,48,"Saturday, February 19",1,21
20,B099X5JCKG,"DecorMaster Multipurpose Study Table, Office Table, Laptop Table, Computer Table, Workstation Table, Computer Desk, Study Desk, Office Desk, Writing Table, Work from Home Table, Size-90x60x75CM (DM-2B)",DecorMaster,1,0,0,"2,999",3.9,432,40,"Saturday, February 19",1,432
21,B09K3CBNPD,"HOMERLEY Multipurpose Study Table, Office Table, Laptop Table, Computer Table, Workstation Table, Computer Desk, Study Desk, Office Desk, Writing Table, Work from Home Table, Size-90x60x75CM (HOME-3A)",HOMERLEY,1,0,0,"3,399",3.8,39,46,"Saturday, February 19",1,39
22,B08PVRF99X,DAINTREE Sheesham Wood Iron Frame Multipurpose Study Table Writing Desk for Study Room Living Room Office Home (Walnut Finish & Black),DAINTREE,1,0,0,"8,999",3.6,6,39,"Monday, February 28",0,6
23,B09GYHV49N,"CATIVE Multipurpose Table, Writing Table, Computer Desk, Office Table, Workstation Table, Laptop Table (White)(2 Year Manufacturing Warranty)",CATIVE,1,0,0,"2,499",3.9,302,50,"Monday, February 21",1,302
24,B07FVSWD54,"Deckup Turrano Engineered Wood Study Table and Office Desk (Dark Wenge, Matte Finish)",Deckup,0,0,0,"6,299",3.9,800,48,"Saturday, February 26",0,800
25,B089G9VVGS,"Home Centre Engineered Wood Finish Lewis Promo Computer Desk, Beige, Walnut",Home,0,0,0,"5,288",3.9,36,60,"Thu, 3 Mar, 7:00 am - 9:00 pm",0,36
26,B09PV8LG14,"FURNITURE HUB Study Table Home Office 2 Drawer Laptop Computer Living Room Wood Table, Writing Desk for Home and Office Made of Sheesham Wood Bedside",FURNITURE,0,0,0,"8,599",0,0,27,"Saturday, February 19",0,"₹8,599
₹11,799 Save ₹3,200 (27%)"
27,B09NQ2G3RH,"Redwud Westie Engineered Wood Study Table, Writing Desk, Computer Desk, Study Desk, Office Desk, Small Office Table, Laptop Table with Drawer, Computer Table (White) (D.I.Y) Matte Finish",Redwud,0,0,0,"3,389",0,0,79,"Monday, February 21",1,"₹3,389
₹15,999 Save ₹12,610 (79%)"
28,B07V7TQ1FS,"BLUEWUD Clonard Engineered Wood Study & Computer Table, Office Desk - Large (Wenge)",BLUEWUD,0,0,0,"3,199",4.0,841,11,"Tuesday, February 22",1,841
29,B08GPKRWRZ,Haryana Mart Engineered Wood Matte Finish Study Table Desk for Home and Office,Haryana,0,0,0,0,4.8,29,0,,0,29
30,B09GYHV49N,"CATIVE Multipurpose Table, Writing Table, Computer Desk, Office Table, Workstation Table, Laptop Table (White)(2 Year Manufacturing Warranty)",CATIVE,0,0,0,"2,499",3.9,302,50,"Monday, February 21",1,302
31,B085W7Z88D,"Deckup Bonton Engineered Wood Study Table and Office Desk (Walnut, Matte Finish)",Deckup,0,0,0,"3,549",4.2,"1,260",49,"Saturday, February 26",0,"1,260"
32,B092LLZMJQ,"Craftos Hazel Engineered Wood Office Table and Study Desk with Drawer (Dark Wenge, Matte Finish)",Craftos,0,0,0,"3,299",3.7,3,40,"Thu, 17 Feb, 7:00 am - 9:00 pm",0,3
33,B09PBDMHV9,"DeckUp Plank Aries Engineered Wood Study Table and Office Desk (Wotan Oak and White, Matte Finish)",DeckUp,0,0,0,"4,559",4.7,357,49,"Saturday, February 26",0,357
34,B07VSY6LGW,"VASAGLE ALINRU Computer Desk, Writing Table with Iron Frame Top, in The Office and Home Study, Easy Assembly, Stable and Space-Saving, Industrial, Rustic Brown ULWD40X",VASAGLE,0,0,0,"3,299",4.8,723,34,"Monday, February 21",1,723
35,B08BFC932Q,"Folding Computer Desk for Small Spaces, Simple Space-Saving Home Office Desk, Foldable Computer Table, Laptop Table, Writing Desk, Compact Study Reading Table (Dark Brown)",Folding,0,0,0,"2,980",3.8,"1,137",25,"Monday, February 21",1,"1,137"
36,B08CDLW663,"Home Centre Engineered Wood Study Desk(Walnut Finish,Brown)",Home,0,0,0,"5,733",3.1,10,60,"Thu, 3 Mar, 7:00 am - 9:00 pm",0,10
37,B09RWT9J49,"Satshree Metal Modern Simple Desk Industrial Style PC Laptop Table for Home Office, Brown (Bedside C Shape)",Satshree,0,0,0,"4,999",0,0,17,"Monday, February 21",0,"₹4,999
₹5,999 Save ₹1,000 (17%)"
38,B07YY2H7S7,"LUMI Brateck Imported Electric Height Adjustable Standing Desk Frame with Dual Motor - 3 Stage Premium Lifting Columns , 3 Memory Settings , Sit Stand Reminder Function - 125 kg Capacity , white",LUMI,0,0,0,"32,499",5.0,15,57,"Friday, February 25",0,15
39,B09BW3XWV5,Wilson 2 Foldable Multipurpose Wooden Table| Study Table | Bed Table | Foldable | Laptop Table | Non-Slip Legs Ideal for Work from Home(Red),Wilson,0,0,0,749,4.1,171,42,"Tuesday, February 22",0,171
40,B09RG368KC,"Dime Store Wall Mount Folding Table Wall Shelf with Wall Brackets | Study Table Computer Laptop Table Workstation Desk (White, 18 x 32 Inch)",Dime,0,0,0,"2,099",0,0,40,"Wednesday, February 23",1,"₹2,099
₹3,499 Save ₹1,400 (40%)"
41,B09QSXJJ2L,Pazano Multipurpose Computer Desk Table Modern Sturdy Office Desk PC Laptop Study Writing Table for Home Office (90x45x75cm) (Brown) (PZ-12B-LITE),Pazano,0,0,0,"2,999",3.8,14,40,"Saturday, February 19",1,14
42,B09GYJS7LY,CATIVE Multipurpose Engineered Wood Finish Office Table Computer Desk (100x60x75cm) Modern Sturdy Office Desk PC Laptop Study Writing Table for Home Office (Black & Black),CATIVE,0,0,0,"2,499",3.5,34,0,"Monday, February 21",1,34
43,B08HTYZFZC,Amazon Brand - Solimo Prize Engineered Wood Walnut Finish Study Desk (Brown),Amazon,0,0,0,"3,999",4.0,121,62,"Thu, 17 Feb, 7:00 am - 9:00 pm",0,121
44,B08WKKH1C5,"Woodbuzz Duke Study Table, Laptop, Computer Table Desk for Home & Office - Frosty White and Pink",Woodbuzz,0,0,0,"3,980",3.8,279,41,"Friday, February 25",0,279
45,B07H3C61C4,"Deckup Reno Engineered Wood Study Table and Office Desk (Walnut, Matte Finish)",Deckup,0,0,0,"5,199",4.2,"1,168",48,"Saturday, February 26",0,"1,168"
46,B09JWYQSN9,Indian Armar Enginneered Plywood Top Powder Coated Leg Study Desk (Brown Colour),Indian,0,0,0,"1,799",3.7,243,55,"Wednesday, February 23",0,243
47,B09NRDWS65,"AVANI METROBUZZ Foldable Adjustable Engineered Wood Dining Table, Study Desk Folding Work from Home, Laptop Table, Computer Desk ASM01",AVANI,0,0,0,599,0,0,73,"Monday, February 21",1,"₹599
₹2,199 Save ₹1,600 (73%)"
48,B084GR5T23,"ANEXO Engineered Wood Office Desk; Study Desk(Walnut Finish,Brown)",ANEXO,0,0,0,"1,199",4.2,515,70,"Tuesday, February 22",0,515
49,B08JHQ17ZT,"THKKY No-Assembly Metal and Wood Finish 31.5"" Small Folding Computer Desk for Home, Office, Study, Writing, Workstation for Small Space (White)",THKKY,0,0,0,"2,999",3.4,51,19,"Monday, February 21",1,51
50,B09QKN33LD,"ITALO Natural Wood Grain with Engineered Wood Finish Study Table, Laptop, Computer Table Desk for Home, Office & Stores",ITALO,0,0,0,"2,399",0,0,0,"Sunday, February 20",1,"₹2,399"
51,B09RSKB6Y5,"Furnifry Multifunctional Wooden Study Table/Writing Reading Table/Laptop Computer Desk for Home Office with Open Shelves/Work from Home Study Desk (40x16x28 inches, Brown White)",Furnifry,0,0,0,"3,505",3.7,78,56,"Wednesday, February 23",1,78
52,B09BX7HZNC,"HNI India NUCLEO Ergonomic Desk Table Executive, Home Study & Office Work Desk 25 mm Wooden top, Powder Coated Metal Finish Tubular Legs, A shaped - Q96-Silver LMX, 1200 MM X 525 MM X 745 MM",HNI,0,0,0,"5,653",4.6,21,57,"Saturday, February 26",0,21
53,B079F24VZS,"Deckup Uniti Engineered Wood Study Table and Office Desk (Dark Wenge, Matte Finish)",Deckup,0,0,0,"6,249",4.5,767,43,"Saturday, February 26",0,767
54,B08WC85C2D,LUMI BRATECK Manual Height Adjustable Desk | Manual Sit Stand Desk| Portable & Tiltable | Standing Desk| Work from Home Laptop Desk/Table| Mobile Study Table,LUMI,0,0,0,"4,999",4.0,32,56,"Tuesday, February 22",1,32
55,B09NJLTS2P,SUNNYCRAFT Multipurpose Computer Table Study Table (90x60x75cm) Modern Study Desk Laptop Table for Home & Office (2A),SUNNYCRAFT,0,0,0,"2,500",5.0,1,50,"Saturday, February 19",1,1
56,B08GLLYTMC,"DAINTREE Mango Wood Iron Frame Modern Desk (Brown, Black)",DAINTREE,1,0,0,"9,499",4.2,33,14,"Monday, February 28",0,33
57,B08XXY6NLD,"Demiwall Solid Wood Finish Office Study Desk with Chair for Home | Laptop Computer Table with 2 Open Shelf Storage | Writing Table | Sheesham Wood & Iron, Natural",Demiwall,1,0,0,"19,999",3.8,48,53,"Thursday, March 3",0,48
58,B082J16ZYW,Woodstage Sheesham Wood Writing Study Table for Students Solid Wood Utility Laptop Tables Office Desk for Home Study Room Library Wooden Living Room Furniture (Mahogany Finish),Woodstage,1,0,0,"9,987",4.2,23,26,,1,23
59,B0956C7L11,"STAR WORK - Modern Simple Style PC Computer Study Writing Table Desk with Black Metal Frame with Storage Bag and Hook (NATURAL, 30""(H)X32""(W)X19""(D) IN)",STAR,1,0,0,"2,983",3.8,"1,088",40,"Monday, February 21",1,"1,088"
60,B094RCB6SN,"Monarch Elevate Height Adjustable Table Desk | Electric | 3 Stage Dual Bosch Motor | Ergonomic Sit-Stand Solution | Laminate Table Top Desk (1500mm X 700mm X 25mm ) OR (60 Inch X 28 Inch X 1 Inch ) OR (5 Ft X 2.3 Ft), Persian Blue),Load Capacity 120KG,",Monarch,1,0,0,"47,736",4.7,28,5,"Wednesday, February 23",0,28
61,B09B2FDP9D,"DecorMaster Multipurpose Foldable Study Table, Office Table, Laptop Table, Computer Table, Workstation Table, Computer Desk, Study Desk, Office Desk, Writing Table, Work from Home Table, Brown Size-92x46x75CM (DM-3A)",DecorMaster,1,0,0,"3,399",3.9,432,46,"Saturday, February 19",1,432
62,B082Y1K4M6,"Mr IRONSTONE L Shaped Desk, Computer Corner Desk, Home Gaming Desk, Office Writing Workstation with Large Monitor Stand, Space-Saving, Easy to Assemble(Laminate Marble)",Mr,1,0,0,"9,999",4.7,"16,527",33,"Saturday, February 19",1,"16,527"
63,B08D78QR71,"Inmarwar Solid Wood Office Study Desk for Home | Laptop Computer Table with 2 Drawers & Cabinet Storage | Writing Table | Sheesham Wood, Natural Finish",Inmarwar,1,0,0,"25,999",4.5,105,37,,1,105
64,B09HNPD7H6,Deskio - Home Office Computer Desk with Shelves | Modern Sturdy Wood Finish Table | Work from Home Workstation (Brown),Deskio,0,0,0,"7,789",4.6,47,57,"Tuesday, March 1",0,47
65,B09JSZ8DVG,"The A Table - LAD Workspaces Engineered Wood Study Table, Laptop, Computer Table Desk for Home & Office Walnut 5ft",The,0,0,0,0,4.8,278,0,,0,278
66,B09P7F17WW,"AVANI METROBUZZ Foldable Adjustable Engineered Wood Dining Table, Study Desk Folding Work from Home, Laptop Table, Computer Desk (Beige, Dining Table AMB01 (3x2Inches) (Classic)",AVANI,0,0,0,"1,799",3.8,15,44,"Monday, February 21",1,15
67,B083RCGNPP,JOYO Disney Princess Painted Plastic Finish Portable Desk (Pink),JOYO,0,0,0,702,3.1,4,37,"Monday, February 21",1,4
68,B08S8SPQJR,"DFC Zeta Engineered Wood Study Desk (Matte Finish, Dark Wenge)",DFC,0,0,0,"3,880",3.6,255,21,"Monday, February 21",1,255
69,B08JPR1XX3,Home Centre Nexon Flip Desk (Brown),Home,0,0,0,"11,400",3.5,8,40,"Thu, 3 Mar, 7:00 am - 9:00 pm",0,8
70,B07K8F8JR2,"InnoFur Meleti MDF;Steel Study Desk (Matte Finish, Black)",InnoFur,0,0,0,"3,299",3.2,48,53,"Thursday, February 24",1,48
71,B09JZ4KS27,"HOMERLEY Multipurpose Study Table, Office Table, Laptop Table, Computer Table, Workstation Table, Computer Desk, Study Desk, Office Desk, Writing Table, Work from Home Table, (HOME-2B)",HOMERLEY,0,0,0,"3,099",3.8,39,38,"Saturday, February 19",1,39
72,B09FGP17MM,"PRITI Foldable Computer Desk for Small Spaces, Simple Space Saving Home Office Desk, Foldable Computer Table, Laptop Table, Writing Desk, Summary Study Table - Black",PRITI,0,0,0,"2,999",0,0,36,"Monday, February 21",1,"₹2,999
₹4,700 Save ₹1,701 (36%)"
73,B09NH7Q45Y,"Torche Scholar Study Table in Yellow Color,Wood Study Table, Laptop, Computer Table Desk for Home & Office (Yellow and White)",Torche,0,0,0,"4,099",4.0,17,49,"Monday, February 21",1,17
74,B083QD6W7Y,"COMHOMA Metal Polished finish Writing Computer Desk Office Folding Table Modern Simple Work Study Desk Industrial Style PC Laptop Table for Home Office, No Assembly Required - Brown",COMHOMA,0,0,0,"3,299",4.0,"3,771",34,"Monday, February 21",1,"3,771"
75,B07RSZD7Q9,"BLUEWUD Mallium Engineered Wood Study & Computer Table, Office Desk with Keyboard Slider (Wenge)",BLUEWUD,0,0,0,"4,349",4.0,"1,381",31,"Tuesday, February 22",1,"1,381"
76,B082F16M4P,"CubiCubi Study Computer Desk 40"" Home Office Writing Small Desk, Modern Simple Style PC Table, Black Metal Frame Finish, Rustic Brown",CubiCubi,0,0,0,"4,999",4.7,"17,138",38,"Saturday, February 19",1,"17,138"
77,B094JHMJ5N,"Woodbuzz Duke Study Table, Laptop, Computer Table Desk for Home & Office (White 2021)",Woodbuzz,0,0,0,"3,980",3.8,144,41,"Friday, February 25",0,144
78,B07TP56NJ8,"Home Centre MDF Laminated Finish Quadro Study Desk - Walnut, Brown",Home,0,0,0,"8,999",4.2,136,59,"Thu, 3 Mar, 7:00 am - 9:00 pm",0,136
79,B08LHZ1ZZB,SOS Spacewood LiteOffice A line Desk Home and Office Table (Moldau Acacia & Smooth White Finish),SOS,0,0,0,"3,554",4.3,474,29,"Sunday, February 20",1,474
80,B09B29D8M2,"HNI India IONIC Ergonomic Design Table, Home Study & Office Work Desk | 25 mm Wooden top, A shaped Powder Coated Metal Finish Legs with accent band - Q96-Silver LMX, 900 x 525 x 745 (MM)",HNI,1,0,0,"5,440",4.1,9,58,"Saturday, February 26",0,9
81,B09JNQ88W6,"CATIVE Multipurpose Study Table, Writing Table, Computer Desk, Office Table, Workstation Table, Laptop Table Size-92x46x75CM, Brown (White)",CATIVE,1,0,0,"3,099",3.9,302,38,"Monday, February 21",1,302
82,B098LF67QY,Pazano Multipurpose Engineered Wood Finish Office Table Computer Desk (90x60x75cm) Modern Sturdy Office Desk PC Laptop Study Writing Table for Home Office - (Brown) (PZ-2D),Pazano,1,1,0,"2,999",3.8,397,40,"Saturday, February 19",1,397
83,B0956XP4QM,"STAR WORK Metal Frame Workstation Modern Simple Style PC Desk with Storage Bag and Hook (Black, 30"" X 32"" X19"")",STAR,1,0,0,"2,983",3.8,"1,088",40,"Monday, February 21",1,"1,088"
84,B09GPD5RRQ,"HU ENTERPRISE Engineered Wood Folding Adjustable Wall Mounted Office Desk, Study Desk, Study Table, Laptop Table,Office Table - 100% Made in India-White",HU,0,0,0,"1,449",0,0,52,"Monday, February 21",1,"₹1,449
₹2,999 Save ₹1,550 (52%)"
85,B09121GQCY,"TEKAVO Metal; Engineered Wood Study Desk (Matte Finish, Brown)",TEKAVO,0,0,0,"15,089",4.4,18,50,"Saturday, February 26",0,18
86,B09NX4RCZX,SUNNYCRAFT Multipurpose Home Engineered Wood Powder Coated Finish Study Desk/Work from Home (Brown- Size 90x60x75cm) Modern Study Desk Laptop Table for Home & Office(2D),SUNNYCRAFT,0,0,0,"2,500",3.7,8,50,"Sunday, February 20",1,8
87,B07N3WXJJ5,"BLUEWUD Amalet Engineered Wood Study & Computer Table, Office Desk with Drawer (Wenge)",BLUEWUD,0,0,0,"5,149",4.1,"1,133",28,"Tuesday, February 22",0,"1,133"
88,B08ZCZ96B6,"STAR WORK - Modern Simple Style Multipurpose Desk Table for Home,Office,Hotel,Bar Dine Table Or Study Writing Desk with Wooden Finish Storage Shelf (30""(H) X40(W) X19(D) in (Big))",STAR,0,0,0,"3,581",4.0,77,10,"Monday, February 21",1,77
89,B088BGGQL8,Furinno Sheesham Wood Writing Study Table Office Desk Laptop Computer Workstation for Home with 2 Drawers & Shelf (Honey Finish),Furinno,0,0,0,"11,897",4.1,"1,882",37,"Thursday, March 3",0,"1,882"
90,B09N7515S3,"Tabniture Engineered Wood Office Desk; Study Desk(Wenge Finish,Wenge)",Tabniture,0,0,0,"2,999",0,0,54,"Monday, February 21",0,"₹2,999
₹6,499 Save ₹3,500 (54%)"
91,B091DVLYWB,"Wudville Hanley Engineered Wood Finish Study Table, Laptop, Computer Table Desk for Home & Office (Standard - Wenge)",Wudville,0,0,0,"2,960",3.8,18,7,"Friday, February 18",1,18
92,B09LT63N99,"SMART INTERIOR SOLUTION Engineered Wood Study Table, Laptop, Computer Table Desk for Home & Office (Design 2)",,0,0,0,0,0,0,0,,0,
93,B08TRF7LJH,Gracious Mart - Double Layer Computer Desk Folding Table No-Assembly Modern Desk for Small Spaces Study Writing Desk with Storage Shelf Desks for Home Office - [Walnut | Pack of 1],Gracious,0,0,0,"3,999",2.9,43,50,"Monday, February 21",1,43
94,B09RZPY2C9,"DecorMaster Multipurpose Work from Home Table, Study Table, Office Table, Laptop Table, Computer Table, Workstation Table, Computer Desk, Study Desk, Office Desk, Writing Table (DM-WFH1)",DecorMaster,0,0,0,"1,999",3.9,432,50,"Saturday, February 19",1,432
95,B093DL8MS2,LAPO Modern Well Finished Folding Wall Mounted Study Desk/Computer/Laptop/Office Table/Dining Table- Heavy Duty Table Bracket (Wooden Color - 60cm x 40cm)- 100% Made in India,LAPO,0,0,0,"2,172",4.4,6,61,"Tuesday, February 22",1,6
96,B0874BZTTQ,"Mr IRONSTONE L Shaped Gaming Desk, Textured Carbon Fiber Computer Corner Game Desk, Home Office Writing Workstation with Large Monitor Stand,Cup Holder & Headphone Hook",Mr,0,0,0,"10,999",4.7,"16,527",27,"Saturday, February 19",1,"16,527"
97,B09RWN7NQ4,Livzing Multipurpose Foldable Desk Table - Wooden 4 Seater Dining Table – Powder Coated Metal Ironing Table for Home – Portable Laptop Table - Study Table for Work from Home - Brown,Livzing,0,0,0,"1,999",0,0,43,"Friday, February 25",1,"₹1,999
₹3,499 Save ₹1,500 (43%)"
98,B09NC46SC5,"Klaxon Joe Wood & Metal Study Table, Laptop, Computer Table Desk - Asian Walnut & Black",Klaxon,0,0,0,"4,399",5.0,2,46,"Friday, March 4",0,2
99,B089W1V4H4,"Sunon Office Table Computer Desk 47 Inch Sturdy Office Desk PC Laptop Study Writing Table for Home Office, Coffee",Sunon,0,0,0,"5,599",4.6,593,53,"Tue, 22 Feb, 8:00 am - 5:00 pm",0,593
100,B09NM363G6,"Wow Craft Portable and Foldable Study Table for Home and Office Writing Desk, Computer and Laptop Desk Made with Engineered Wood and Powder Coated Finish (Large)",Wow,0,0,0,"1,899",4.1,237,37,"Wednesday, February 23",0,237
101,B098J5CCV6,"INVISIBLE BED Foldable Table with Ledge 67 X 55 X 40 cm Study Table/Home Office/Laptop Table/Workstation/Wall Mounted Space Saving Desk (MDF, Glossy White Finish) with 1 Free Marker Pen",INVISIBLE,0,0,0,"3,450",4.4,156,14,"Wednesday, February 23",1,156
102,B09NPRN6RX,"Anikaa Grady Engineered Wood Study Table, Writing Desk, Computer Desk, Study Desk, Office Desk, Small Office Table, Laptop Table with Drawer, Computer Table (Wenge White) (D.I.Y) Matte Finish",Anikaa,0,0,0,"4,524",3.7,3,72,"Monday, February 21",1,3
103,B09MVSD9R6,Krishna furniture's Study Table | Laptop Table | Height Adjustable | Portable | Ideal for Work Form Home | DIY Table | Standing Desk with Attractive Table top,Krishna,0,0,0,"1,499",3.0,3,40,"Tuesday, February 22",0,3
104,B09NQ1JC55,"Redwud Grabby Engineered Wood Study Table, Writing Desk, Computer Desk, Study Desk, Office Desk, Small Office Table, Laptop Table with Drawer, Computer Table (White) (D.I.Y) Matte Finish",Redwud,0,0,0,"4,499",0,0,72,"Monday, February 21",1,"₹4,499
₹15,999 Save ₹11,500 (72%)"
105,B09HWX8F9N,"Cloyster Multi-Utility Compact Foldable Desk Study Table, Computer Table, Bed Table (Random Color)",Cloyster,0,0,0,996,0,0,50,"Monday, February 21",1,"₹996
₹1,999 Save ₹1,003 (50%)"
106,B08QW4LZSK,"The A Table - LAD Workspaces® (Self Assembly) Engineered Wood Study Table, Laptop, Computer Table Desk for Home & Office (Walnut)",The,0,0,0,0,4.4,31,0,,0,31
107,B09P53X462,"GoRogue 2-Shelf Folding Desk for Home, No-Assembly Computer/Study Table with Bookshelf for Small Spaces (Beige)",GoRogue,0,0,0,"4,181",1.0,1,44,"Sunday, February 20",1,1
108,B08BNVY2XR,"4NM 35.4"" Small Desk with 8-Hook No-Assembly Folding Computer Desk Home Office Desk Laptop Study Writing Table - White with Hook",4NM,0,0,0,"3,490",3.8,"2,716",13,"Monday, February 21",1,"2,716"
109,B09KCK4WRT,"AVANI METROBUZZ Foldable Adjustable Engineered Wood Finish Dining Table, Study Desk Folding Work from Home, Laptop Table, Computer Desk (Beige, Dining Table (3x2Inches) AM10",AVANI,0,0,0,"1,799",3.5,5,57,"Monday, February 21",1,5
110,B09NPVC3X3,"Anikaa Weston Engineered Wood Study Table, Writing Desk, Computer Desk, Study Desk, Office Desk, Small Office Table, Laptop Table with Drawer, Computer Table (White) (D.I.Y) Matte Finish",Anikaa,0,0,0,"3,324",2.5,4,79,"Monday, February 21",1,4
111,B08QSM669T,"Wipro Furniture Wood;Metal Office Desk; Study Desk(Walnut Finish,Dark Walnut)",Wipro,0,0,0,"2,999",3.7,27,58,"Sunday, February 20",1,27
112,B07WS2F9J8,"Deckup Siena Engineered Wood Study Table and Office Desk (Walnut, Matte Finish)",Deckup,0,0,0,"2,899",4.0,"1,519",47,"Saturday, February 26",0,"1,519"
113,B09LMP1TSS,"UniArt Round Plastic Desk Grommets Wire Organizer - Perfect for Hide Data Cords in Office Desk, TV Stands, Table Tops and More (Black, Pack of 2)",UniArt,0,0,0,299,0,0,40,"Tuesday, February 22",0,"₹299
₹499 Save ₹200 (40%)"
114,B08T6CWX8H,"TEKAVO Engineered Wood Writing Desk; Office Desk(Teak Finish,Jungle Wood)",TEKAVO,0,0,0,"5,799",4.0,131,59,"Monday, February 28",0,131
115,B08HJ5Y59W,"Priti No-Assembly Metal Wood Finish Folding Small Computer Desk for Home, Office, Study, Writing, Workstation (Black)",Priti,0,0,0,"2,999",4.0,188,50,"Monday, February 21",1,188
116,B09J2RX7B9,"Callas Computer Desk Home/Office Desk 29.52 Inch Height Writing Study Desk Modern Simple Desk | Small Desks for Small Spaces | Sturdy Desk for Home, Office, Bedroom, Living Room (Wallnut | CA-ST-02)",Callas,1,0,0,"1,999",3.7,39,71,,0,39
117,B08Y7S5TLB,"TS Tiny Space Sheesham Wood Finish Study Desk Table for Adults | Writing Laptop Computer Table with 3 Drawers Movable Storage for Home and Office | Solid Wood, Natural Teak",TS,1,0,0,"19,599",4.3,18,31,"Wednesday, February 23",0,18
118,B09MNNJY9D,Pelican Essentials Takeshi Desk (4x2 ft) - White Oak Veneer & White Legs,Pelican,1,0,0,"14,700",0,0,1,"Thursday, February 17",0,"₹14,700
₹14,900 Save ₹200 (1%)"
119,B09B2DH4GV,"HNI India NUCLEO Ergonomic Design Table Executive, Home Study & Office Work Desk | 25 mm Wooden top, Powder Coated Metal Finish Tubular Legs, A shaped - Q96-Silver LMX 900 x 525 x 715 MM",HNI,1,0,0,"4,675",4.6,21,58,"Saturday, February 26",0,21
120,B094R882Q8,"Monarch Elevate Height Adjustable Table Desk | Electric | 3 Stage Dual Bosch Motor | Ergonomic Sit-Stand Solution | Laminate Table Top Desk (1200mm X 600mm X 25mm ) OR (48 Inch X 28 Inch X 1 Inch ) OR (4 Ft X 2.3 Ft), Persian Blue),Load Capacity 120KG,",Monarch,1,0,0,"46,566",4.7,28,5,"Wednesday, February 23",0,28
121,B09RZPY2C9,"DecorMaster Multipurpose Work from Home Table, Study Table, Office Table, Laptop Table, Computer Table, Workstation Table, Computer Desk, Study Desk, Office Desk, Writing Table (DM-WFH1)",DecorMaster,1,0,0,"1,999",3.9,432,50,"Saturday, February 19",1,432
122,B082Y1DSPT,"Mr IRONSTONE L Shaped Desk, Computer Corner Desk, Home Gaming Desk, Office Writing Workstation with Large Monitor Stand, Space-Saving, Easy to Assemble, (Vintage)",Mr,1,0,0,"9,999",4.7,"16,527",33,"Saturday, February 19",1,"16,527"
123,B08QFYV87Z,"HNI India IVO Ergonomic Design Executive Office Desk / Study Table - 900 MM | 25 mm Thick Wooden Top, Metal Framed Steel Finish Support with Angular Legs- 900 x 600 x 745 MM",HNI,1,0,0,"5,937",4.6,163,50,"Saturday, February 26",0,163
124,B09HZVFBTV,"PRITI Foldable Computer Desk, Study Table Workstation for Teen Student, Home Office Desk Easy to Fold or Open for Writing and Laptop Working and Crafting, Walnut",PRITI,0,0,0,"2,999",0,0,40,"Monday, February 21",1,"₹2,999
₹4,999 Save ₹2,000 (40%)"
125,B07WJLB8QD,"HOMEKOKO Foldable Metal Finish Laptop/Computer/Writing Home Office Table Desk for Small Space, Space Saving Office Table (Rustic Brown)",HOMEKOKO,0,0,0,"2,899",4.2,338,22,"Monday, February 21",1,338
126,B095HL1W9R,"Home Centre Helios Wooden Finish Wall Mounted Desk, Brown, 29.52x14.56 x 34.64 Inches (Helios - WFH 1)",Home,0,0,0,"5,350",5.0,1,50,"Thu, 3 Mar, 7:00 am - 9:00 pm",0,1
127,B096KSD4DT,Green Soul Surface Lite Multi-Purpose Sit Stand Desk (GT-19) (Black),Green,0,0,0,0,4.6,38,0,,0,38
128,B0972JX3GX,"Madhuli Barbie Multi Purpose Study Table, Foldable Study Desk, Laptop Table, Table For Children, Bed Table, Wooden Table, Portable Desk,Lap desk For Kids, Kids Activity Table, Breakfast Table For Kids",Madhuli,0,0,0,0,3.9,3,0,,0,3
129,B09Q24CL9H,TABLE MAGIC Arrow-80 Computer Study Desk Modern Design Steel Engineered Wood with Epoxy Powder Coating 80x45x75cm Brown- Maple,TABLE,0,0,0,"2,990",0,0,25,"Sunday, February 20",1,"₹2,990
₹3,990 Save ₹1,000 (25%)"
130,B082GRNLPG,"InnoFur Rovid Plywood; Particle Board Study Desk; Folding Desk (Walnut finish,Brown)",InnoFur,0,0,0,"1,499",4.2,21,63,"Thursday, February 24",1,21
131,B099HVTK1S,"Ash & Roh® - Modern Simple Style PC Desk, Black Metal Frame Workstation, Sturdy Writing Desk with Storage Bag and Hook (Black, 30""(H) X40(W) X19(D) in (Big)) (Black, 40 Inch)",Ash,0,0,0,"3,419",3.2,12,51,"Monday, February 21",1,12
132,B09NQ1HYVD,"Redwud Westie Engineered Wood Study Table, Writing Desk, Computer Desk, Study Desk, Office Desk, Small Office Table, Laptop Table with Drawer, Computer Table (Wenge White) (D.I.Y) Matte Finish",Redwud,0,0,0,"3,389",0,0,79,"Monday, February 21",1,"₹3,389
₹15,999 Save ₹12,610 (79%)"
133,B097HMVTF1,HNI India - IVO - Ergonomic Design Office Desk Study Table - 1200 MM | 25 mm Thick Wooden Finish Top Hard Framed Steel Support For Computer Working At Home with Angular Legs- 1200 x 600 x 740 MM,HNI,0,0,0,"6,795",4.6,163,53,"Saturday, February 26",0,163
134,B088ZHDM4T,Furlay Engineered Wood Powder Coated Finish Foldable Desk or Study Table (Dark Brown),Furlay,0,0,0,"3,598",4.4,343,40,"Sunday, February 20",1,343
135,B08D6N4B1B,Livzing Foldable Computer Table Study Desk Portable Wooden Finish Laptop Table for Kids and Adults – Home Office Bedside - Black,Livzing,0,0,0,"3,299",4.1,133,40,"Monday, February 21",1,133
136,B0917SDZ6Y,"Indian Armar Multipurpose Portable Engineered Wood Study Desk with Folding Chair (Wenge finish,Black)",Indian,0,0,0,"2,999",3.7,127,50,"Wednesday, February 23",0,127
137,B08JPSN8W1,"Home Centre Engineered Wood Study Desk(Oak Finish,Brown)",Home,0,0,0,"7,036",3.6,72,40,"Thu, 17 Feb, 7:00 am - 9:00 pm",0,72
138,B08731M3VX,"EUREKA ERGONOMIC Alloy Steel Metal Finish Gaming Desk 60"" Home Office Computer Desk, New Polygon Legs Design, Captain Series (60 Inch, Black)",EUREKA,0,0,0,"20,899",4.7,"1,645",16,"Friday, February 18",0,"1,645"
139,B09PRGTD2S,"Furnifry Multifunctional Wooden Study Table/Writing Reading Table/Laptop Computer Desk for Home Office with Open Shelves/Study Desk (40x16x28 inches, Black & White)",Furnifry,0,0,0,"3,505",2.8,83,56,"Wednesday, February 23",1,83
140,B08F3LWK1G,"Inmarwar Solid Wood Office Study Desk for Home | Laptop Computer Table with 2 Drawers Storage | Writing Table | Acacia Wood & Iron, Natural Finish",Inmarwar,1,0,0,"20,499",4.5,105,34,,1,105
141,B096YK91XF,Streem Sheesham Wooden Finish Study Table for Students Laptop Office Desk Workstation Writing Tables for Study Room Home Wooden Finish Furniture for Study Room 86 * 50 * 75 cm,Streem,1,0,0,"7,999",4.6,23,53,"Friday, February 25",0,23
142,B08DV2FT49,"Q Concept Inc Modern Work From Home Wood Finish Folding Multi Purpose Laptop Table for Home Office, Office Work, Study, Computer Gaming (Silver Grey Top with Dark Grey Edges and Black Frame)",Q,1,0,0,"4,999",3.9,28,17,"Monday, February 21",1,28
143,B08GLLYTM9,DAINTREE Solid Mango Wood Iron Frame Spotlight Writing Study Desk Laptop Computer Table for Study Room Home Office (Natural Finish),DAINTREE,1,0,0,"12,999",3.9,10,16,"Monday, February 28",0,10
144,B0953MRPVN,"CATIVE Multipurpose Table, Writing Table, Computer Desk, Office Table, Workstation Table, Laptop Table (Brown)(2 Year Manufacturing Warranty)",CATIVE,0,0,0,"2,499",3.8,77,50,"Friday, February 25",1,77
145,B07MQL273H,"Ikea KUNGSBACKA Particleboard, Fibreboard Desk ( White, 73x50 cm , 28 3/4x19 5/8"")",Ikea,0,0,0,"6,700",4.5,29,0,"Thursday, February 24",0,29
146,B09MLY3CJZ,Green Soul Trigger Multi-Purpose Standing Desk with Single Motor (GT-22) (Black),Green,0,0,0,0,5.0,5,0,,0,5
147,B08NP2YJZG,"A10SHOP Athena F60 Wall Mounted Folding Study/Computer/Laptop Table, Work Desk for Home Office, Size: 60cm x 45cm *Made in India*Frosty White",A10SHOP,0,0,0,"1,695",4.8,5,52,"Monday, February 21",1,5
148,B09RZJX63L,"ESTANTERIA ETUDIER Prime Engineered Wood Study Table, Computer Desk, Office Desk, Coffee Table with 3 Shelves for Living Room, Office, Home (Wenge)",ESTANTERIA,0,0,0,"4,999",0,0,50,"Tuesday, February 22",0,"₹4,999
₹9,999 Save ₹5,000 (50%)"
149,B088NW2TNC,4NM Metal Engineered Wood Finish Small Folding Computer Desk (Grey and Black),4NM,0,0,0,"2,999",3.6,"6,077",25,"Monday, February 21",1,"6,077"
150,B09NC3VG15,"Klaxon Emma Wood & Metal Home Office Computer Desk, Storage Shelf, 2-Tier Industrial Morden Laptop Table with Splice Board, 40 inches - Asian Walnut & Black",Klaxon,0,0,0,"3,499",3.0,2,48,"Tuesday, February 22",1,2
151,B09NWG46BW,"Furlay Multipurpose Wood Finish Study Table Office Desk (100x60x75cm) Sturdy Office Desk Study Writing Table for Home Office (Beige, White Frame)",Furlay,0,0,0,"2,799",0,0,60,"Sunday, February 20",1,"₹2,799
₹6,999 Save ₹4,200 (60%)"
152,B00DR4F4T8,Ikea Micke Wood Finish Desk (White),Ikea,0,0,0,"11,200",4.1,87,41,"Thursday, February 17",0,87
153,B08L1BMZWP,Dews Furniture Sheesham Wood Honey Finish with 4 Drawer and 1 Cabinet Computer Laptop Table for Home and Office (Brown ),Dews,0,0,0,0,2.8,2,0,,0,2
154,B096NRS6MW,"Kawachi Laptop Computer Desk Writing Study Table with 4 Tier Bookshelves for Office, Home, Compact PC Workstation Oak Brown",Kawachi,0,0,0,"5,999",3.5,5,6,"Tuesday, February 22",1,5
155,B09JSJXK14,"AVANI METROBUZZ Folding Desk Writing Computer Desk for Home Office, No-Assembly Study Office Desk Foldable Table for Small Spaces",,0,0,0,0,0,0,0,,0,
156,B09P6LCWDC,"WOOD WELL Wall Mounted Floating Folding Table, Solid Wood Dining Table Study Table Wooden Desk for Office Home Kitchen (18""X31"" White)",WOOD,0,0,0,"2,699",5.0,1,41,"Tuesday, February 22",0,1
157,B09PJN7HSC,"Isomars Multipurpose Laptop Table Study Desk, Caster Lockable Wheels, & Height Adjustable for Breakfast Table, Work from Home & Online Classes - Length - 50cm, Breadth - 35cm,Mouse board 35.5cm x 20cm(Black)",Isomars,0,0,0,"4,399",4.4,19,32,"Monday, February 21",1,19
158,B09NC3LDDQ,"Klaxon Isa Wood & Metal Study Table, Computer Desk,Writting Desk with Storage Shelves, Latop Desk for Home Office - Asian Walnut & Black",Klaxon,0,0,0,"4,599",3.0,3,45,"Friday, March 4",0,3
159,B08252Y12P,"Decornation Well Finished Study Table Desk, Reading Table, Wood Table, Writing Desk for Home and Office Made of MDF Solid Wood (White)",Decornation,0,0,0,"7,999",4.0,638,33,"Wednesday, March 2",0,638
160,B074KDHSQL,Anikaa Alca Engineered Wood Folding Study Table/Laptop Table/Wall Mounted Shelf/Study Desk/Computer Table Study Office Laptop Desk for Home Office (Wenge) (Size:76x50x1.7cm),Anikaa,0,0,0,"2,374",4.4,83,66,"Monday, February 21",1,83
161,B09QQ5HFNQ,"Priti - Computer Desk, Writing Table with Iron Frame Top, in The Office and Home Study, Easy Assembly, Stable and Space-Saving, Industrial, Rustic Brown",Priti,0,0,0,"2,999",0,0,40,"Monday, February 21",1,"₹2,999
₹4,999 Save ₹2,000 (40%)"
162,B09G9CLP43,"Furnifry Multipurpose Wall Mounted Home Office Computer Desk/Study Writing Table Desk with Wooden Shelf and 2 Drawers/Morden Laptop Table/Floating Work Study Desk (24 x 8 x 4.5 inches, White)",Furnifry,0,0,0,"1,399",3.6,4,53,"Wednesday, February 23",1,4
163,B08GCZJFYV,"Compal Folding Shelf/Table Brackets, Max Load 440lb Folding Shelf Hinge Wall Mounted, Heavy Duty Powder Coated Finish Steel Collapsible Shelf Bracket Table Bracket (16""X24"" inches)",Compal,0,0,0,"1,599",4.5,"1,670",68,"Tuesday, February 22",0,"1,670"
164,B08HZF69M5,"Spacecrafts Wood Work from Home Folding Computer Table Desk (Brown, Wenge)",Spacecrafts,0,0,0,"1,795",4.1,92,53,"Tuesday, February 22",0,92
165,B079FB4XK9,"Deckup Giona Engineered Wood Study Table and Office Desk (Dark Wenge, Matte Finish)",Deckup,0,0,0,"4,799",4.5,"4,188",47,"Saturday, February 26",0,"4,188"
166,B09SF4H9FC,"Thar eCraft Engineered Wood Multipurpose Computer Table Desk Writing Reading Table/Laptop Computer Desk for Home Office/Study Desk (Colour- Brown, DIY Assembly)",Thar,0,0,0,"4,999",0,0,55,"Thursday, February 17",0,"₹4,999
₹10,999 Save ₹6,000 (55%)"
167,B09NPNZHLY,"Anikaa Grady Engineered Wood Study Table, Writing Desk, Computer Desk, Study Desk, Office Desk, Small Office Table, Laptop Table with Drawer, Computer Table (Walnut) (D.I.Y) Matte Finish",Anikaa,0,0,0,"4,524",0,0,72,"Monday, February 21",1,"₹4,524
₹15,999 Save ₹11,475 (72%)"
168,B099235FKS,Kawachi Wooden Work Station Laptop Computer Desk Study Table with Metallic Finish Steel Body with 4 Book Shelves Sonet White,Kawachi,0,0,0,"6,835",5.0,1,43,"Tuesday, February 22",1,1
169,B08R3JFTSL,"SOFSYS Modern Folding Desk for Small Space, Computer Gaming, Writing, Student and Home Office Organization, Industrial Metal Frame with Premium Desktop Surfaces, Espresso/Black",SOFSYS,0,0,0,"2,699",4.7,"2,095",46,"Monday, February 21",1,"2,095"
170,B09184CB5T,"STAR WORK Metal Writing Desk; Office Desk(Laminated Finish,RED WINE WOOD)",STAR,0,0,0,"2,884",3.0,27,52,"Monday, February 21",1,27
171,B09K47KGJF,"Rife Height Adjustable Standing Desk Converter 35 Inch Wide, Sit to Stand Desk, Home Office Workstation with Wide Keyboard Tray - Black",Rife,0,0,0,"11,790",3.9,3,31,"Monday, February 21",1,3
172,B08Y6KRDBB,"DFC® Aero Engineered Wood Study Desk (Matte Finish, Dark Wenge)",DFC®,0,0,0,0,3.9,2,0,,0,2
173,B08DHHXDS4,Fusion Furnish Premium Engineered Wood Office Desk; Study Desk With Open Shelves And Storage Drawers(Wenge Finish),Fusion,0,0,0,"13,285",4.3,28,38,"Saturday, February 26",0,28
174,B088TB2QR8,"SOFSYS Modern Folding Computer Writing Desk for Small Space, Gaming, and Home Office Organization, Foldable Industrial Metal Frame Finish with Sturdy Desktop for Students or Small Business, Oak/Black",SOFSYS,0,0,0,"4,099",4.6,653,18,"Monday, February 21",1,653
175,B08YFJ6DNK,"GONATURS Engineered Wood;Metal Writing Desk; Office Desk(Plywood Finish,White)",GONATURS,0,0,0,"3,199",3.8,749,36,"Thursday, February 24",1,749
176,B08HV7BVPF,WOOD CRAFT Sheesham Wood Study Table for Home Writing Desk (Natural Teak),WOOD,1,0,0,"11,000",0,0,45,"Friday, February 25",0,"₹11,000
₹19,999 Save ₹8,999 (45%)"
177,B09P7F17WW,"AVANI METROBUZZ Foldable Adjustable Engineered Wood Dining Table, Study Desk Folding Work from Home, Laptop Table, Computer Desk (Beige, Dining Table AMB01 (3x2Inches) (Classic)",AVANI,1,0,0,"1,799",3.8,15,44,"Monday, February 21",1,15
178,B09HW3BVN8,"AVANI METROBUZZ Foldable Adjustable Engineered Wood Finish Dining Table, Study Desk Folding Work from Home, Laptop Table, Computer Desk (Beige, Dining Table (Black-1)",AVANI,1,0,0,"1,799",3.6,33,57,"Monday, February 21",1,33
179,B09JS73R14,"Torche Apollo Study Table in Dark Choco Oak Color,Wood Study Table, Laptop, Computer Table Desk for Home & Office (Dark Choco Oak)",Torche,1,0,0,"4,299",4.0,2,46,"Monday, February 21",1,2
180,B0979FF3VF,"Monarch Elevate Height Adjustable Table Desk | Electric | 3 Stage Dual Bosch Motor | Ergonomic Sit-Stand Solution | Laminate Table Top Desk (1800mm X 700mm X 25mm ) OR (71 Inch X 28 Inch X 1 Inch ) OR (6 Ft X 2.3 Ft), Pastel orange),Load Capacity 120KG,",Monarch,1,0,0,"48,906",4.7,28,5,"Wednesday, February 23",0,28
181,B09BKRSPCJ,"Kazuri Foldable Laptop Table,Study & Home Office Table (Bali Oak Dark Brown)",Kazuri,1,0,0,"3,799",0,0,71,"Tuesday, February 22",0,"₹3,799
₹13,029 Save ₹9,230 (71%)"
182,B09MD7V3L9,"Ettorez Height Adjustable Home/Office Engineered Wood Computer Desk with Wheels, Multipurpose Study Laptop Desk,Bedside Portable Table for Adults & Kids- Beige",Ettorez,1,0,0,"3,999",4.2,13,33,"Sunday, February 20",1,13
183,B098XK95QW,Ariana Work from Home Table American Pine Wood (36 inches),Ariana,1,0,0,"7,999",2.9,2,20,"Tuesday, February 22",1,2
184,B08B1CW3MG,Rife CE Certified Single Motor 2-Stage Electric Height Adjustable Standing Desk Base Sit-Stand Desk Frame with Wooden Finish Top Included,Rife,0,0,0,"20,900",3.3,5,48,"Saturday, February 19",0,5
185,B08D3LLJ9M,"JSB Modern Metal, Engineered Wood Powder Coated Folding Laptop Computer Work Writing Table Desk with 8 Hooks, No-Assembly (Small 35.43 x 17.7 x 29.53, White )",JSB,0,0,0,"3,490",3.9,486,30,"Monday, February 21",1,486
186,B098LB7VPH,"Pazano Multipurpose Foldable Study Table, Office Table, Laptop Table, Writing Desk, Computer Desk, Workstation Table for Home & Office Work, No Assembly Required - (80x60x75) (White)",Pazano,0,0,0,"3,099",3.9,109,51,"Saturday, February 19",1,109
187,B0834JQN5Q,"Cello Scholar Prime Kids Desk, Blue & Yellow",Cello,0,0,0,"1,685",4.0,27,6,"Friday, February 18",1,27
188,B09RM1DN6H,GENERIC SELVMA FURNITURES Study Table |size2x1.25x2.5 |Color Mahagony |Material Particle Board|Study Desk with Drawers Storage for Home & Schools,,0,0,0,0,0,0,0,,0,
189,B08HTY8TMR,Amazon Brand - Solimo Endeavour Engineered Wood Walnut Finish Study Desk (Brown),Amazon,0,0,0,"2,272",4.0,48,50,"Thu, 17 Feb, 7:00 am - 9:00 pm",0,48
190,B084Z4TBMS,"Spacecrafts Wooden Wall Mounted Laptop Table for Study Office Desk (Walnut Finish , Brown )",Spacecrafts,0,0,0,"2,799",3.2,7,30,"Tuesday, February 22",0,7
191,B09NKYNRPJ,TABLE MAGIC Arrow-80 Computer Study Desk Modern Design Steel Engineered Wood with Epoxy Powder Coating 80x45x75cm Beige Wenge,TABLE,0,0,0,"2,990",2.5,2,25,"Sunday, February 20",1,2
192,B09HZTJB2J,"PRITI 35.4"" Small Desk with 8-Hook No-Assembly Folding Computer Desk Home Office Desk Laptop Study Writing Table - White with Hook",PRITI,0,0,0,"3,499",4.0,1,30,"Monday, February 21",1,1
193,B07RJ3BN7L,Ebee Big Size Engineer Wood Foldable Study Desk (Beige),Ebee,0,0,0,"2,036",3.7,"1,170",59,"Sunday, February 20",1,"1,170"
194,B09KH85LX4,"Furnifry Multifunctional Wooden Study Table/Writing Reading Table/Laptop Computer Desk for Home Office with Open Shelves/Study Desk (40x16x28 inches, Black White)",Furnifry,0,0,0,"3,505",5.0,2,56,"Wednesday, February 23",1,2
195,B08P8FQS6C,"LAD Workspaces - The K Table Engineered Wood Finish Study Table, Laptop, Computer Table Desk for Home & Office",LAD,0,0,0,0,4.8,45,0,,0,45
196,B08DYDX35Q,SOS Spacewood LiteOffice Wooden Finish Y Line Desk Home and Office Table Standard (Black),SOS,0,0,0,"3,862",4.0,64,23,,1,64
197,B09BRB4W2K,"The X Table - LAD Workspaces - 5 Feet - Engineered Wood Study Table, Laptop, Computer Table Desk for Home & Office Walnut 5ft",The,0,0,0,0,4.6,100,0,,0,100
198,B099PT7784,"Tablewala White Desk for Study, Reading, Writing Table for Home / Office Made of Engineered Wood and Stainless Steel Square Legs (Matt White)",Tablewala,0,0,0,"5,999",5.0,2,60,"Wednesday, February 23",0,2
199,B08XNNTQPH,"Indian Armar Multipurpose Engineered Wood Study Desk (Wenge finish,Black)",Indian,0,0,0,"1,709",3.7,97,57,"Wednesday, February 23",1,97
200,B0978676F6,Multi Purpose Study Table | Sheesham Wood Study Table with Two Drawer Table for Students | Laptop | Office | Desk Workstation | Writing Tables for Study Room |Home Wooden Furniture for Study Room Natural Finish,Multi,1,0,0,"8,879",4.1,18,44,"Monday, February 28",0,18
201,B09P6L311T,"WOOD WELL Wall Mounted Floating Folding Table, Solid Wood Dining Table Study Table Wooden Desk for Office Home Kitchen (16"" × 31"" White)",WOOD,1,0,0,0,5.0,1,0,,0,1
202,B08GLNH3D5,DAINTREE Mango Wood Iron Frame Finish Modern Writing Study Table Office Desk Furniture for Home Study Room Living Room (Natural),DAINTREE,1,0,0,"9,599",4.2,33,13,"Monday, February 28",0,33
203,B08GLNCC31,DAINTREE Solid Mango Wood Iron Frame Spotlight Writing Study Table Multipurpose Office Desk for Home Living Room Study Room Furniture (Teak Finish),DAINTREE,1,0,0,"12,699",3.9,10,25,"Monday, February 28",0,10
204,B09RZL5TTV,Ganga Antiques Sheesham Wooden Study Table Without Drawer/for Students Laptop Office Desk Workstation Writing Tables for Study Room Home Furniture for Study Room 86 * 50 * 75 cm,Ganga,0,0,0,"6,299",0,0,43,"Friday, February 25",0,"₹6,299
₹10,999 Save ₹4,700 (43%)"
205,B09KS23RWM,Klaxon Eden Multipurpose Desk with Storage | Study Writing Computer Desk Metal Frame and Bookshelf - Black & Walnut,Klaxon,0,0,0,"4,380",0,0,45,"Tuesday, February 22",1,"₹4,380
₹7,999 Save ₹3,619 (45%)"
206,B08RWRC2WJ,"INDIAN DECOR. 45640 Compact Table Computer Desk, Home Writing Desk, Bedroom Desk, Foldable, Black",INDIAN,0,0,0,"4,998",1.0,1,50,"Friday, February 25",0,1
207,B09M8QXDTQ,"TEKAVO Office Table, Laptop Table, Computer table for home, Study Table for Adults, Study Tables, Office table for office work, Office Desk, Table for office work, Work from home table - Teak Finish - Jungle Wood",TEKAVO,0,0,0,"5,699",3.9,17,72,"Saturday, February 26",0,17
208,B098T4Z8SP,"LILAC Home Office Laptop Table with 3-Tier Box Shelf Storage, Study Table, Laptop Table, Desk for Home & Office, Work from Home Essential(Mocha Walnut)",LILAC,0,0,0,"4,299",3.2,6,46,"Monday, February 21",0,6
209,B091M4GLY6,"Priti Engineered Wood Office Desk; Writing Desk(gold Finish,White)",Priti,0,0,0,"3,200",3.3,29,52,"Monday, February 21",1,29
210,B08BQCBX32,SOS Spacewood LiteOffice Smart Desk with Drawer Home and Office Table (Persian Walnut),SOS,0,0,0,"11,930",4.6,9,28,"Thu, 17 Feb, 7:00 am - 9:00 pm",0,9
211,B08N6KCKRW,"Sunon Height Adjustable 48 x 24 Inches Electric Lift Standing Desk Computer Table with Dual Motors and Memory Preset Controller, Black/Black Frame",Sunon,0,0,0,"22,399",4.3,105,45,"Tue, 22 Feb, 8:00 am - 5:00 pm",0,105
212,B098B71Q48,LUMI JIN Office Manual Sit to Stand Desk| Height Adjustable Desk| White Frame with Brown Tabletop 1200 * 750mm| Manual Standing Desk with Hand Crank| Imported | 80 kg Weight Capacity|,LUMI,0,0,0,"21,500",5.0,1,61,"Friday, February 25",0,1
213,B08L14ZRWG,"WOODWARE Verto Height Adjustable Table, Pre-laminated Engineered wood Carbon Steel Finish Laptop Table, Study Table for Students Kids, Standing Desk for Home Office (Asian Dark)",WOODWARE,0,0,0,"4,990",4.0,61,20,"Wednesday, February 23",1,61
214,B08LSVFQXQ,Sanikicks X-Plus Office Table for Home/wfh Tables/Folding Table for Study/Folding Study Table/Work from Home Multipurpose Table,Sanikicks,0,0,0,0,4.4,180,0,,0,180
215,B09PHJBKSB,"AVANI METROBUZZ Foldable Adjustable Engineered Wood Dining Table, Study Desk Folding Work from Home, Laptop Table, Computer Desk (Beige, Dining Table AMB02 (3x2Inches)",AVANI,0,0,0,"1,799",0,0,44,"Monday, February 21",1,"₹1,799
₹3,199 Save ₹1,400 (44%)"
216,B09582JNX3,"Home Centre Helios Revell Height Adjustable Portable Desk, Walnut, 35 * 23 * 32 Inches",Home,0,0,0,"5,300",0,0,45,"Thu, 3 Mar, 7:00 am - 9:00 pm",0,"₹5,300
₹9,636 Save ₹4,336 (45%)"
217,B09KS3K3V7,Klaxon Evan Multipurpose Portable Laptop Study Table Desk with Caster Wheels & Height Adjustable | Bed Side Table for Work from Home & Students (Black & Walnut),Klaxon,0,0,0,"1,925",3.0,5,52,"Friday, March 4",0,5
218,B08RCK47TB,HEERA MOTI CORPORATION Desks/Workstations/Computer Table/Study Table/Chowki/Bajot/Wooden Work Pata/Patla(Finish :-Wange Matt),HEERA,0,0,0,999,4.5,5,33,"Monday, February 21",1,5
219,B09S3LT4VQ,Desk Table Stand/Study Table/Bed Table//Kids Activity Table/Writing Table with Dock Stand/Ergonomic & Rounded Edges/Non-Slip Legs/Engineered Wood/Color,Desk,0,0,0,"1,546",0,0,7,"Monday, February 21",1,"₹1,546
₹1,654 Save ₹108 (7%)"
220,B08HHM89DC,"InnoFur Meleti Folding Study Desk,Foldable Office,Adjustable Laptop, Computer,Writing Table Large (White)",InnoFur,0,0,0,"5,989",4.2,107,27,"Fri, 25 Feb, 8:00 am - 5:00 pm",0,107
221,B0797KCCTX,"INVISIBLE BED Folding Wooden Wall Mounted Study Desk, Foldable Laptop/Office Table (Dark Walnut Finish - 67.5cm x 56cm) - 100% Made in India",INVISIBLE,0,0,0,"3,639",4.6,"1,261",27,"Wednesday, February 23",1,"1,261"
222,B09QL2YBD5,"BLUEWUD Gustowe Engineered Wood Study & Computer Table, Office Desk with Metal Leg - Standard (White)",BLUEWUD,0,0,0,"2,649",0,0,45,"Saturday, February 26",0,"₹2,649
₹4,799 Save ₹2,150 (45%)"
223,B098MR638K,Prestige Furniture - Berry Study Table Desk Office Table (Wengi),Prestige,0,0,0,"7,500",4.6,4,21,,0,4
224,B09NPWBVTC,"Anikaa Weston Engineered Wood Study Table, Writing Desk, Computer Desk, Study Desk, Office Desk, Small Office Table, Laptop Table with Drawer, Computer Table (Wenge White) (D.I.Y) Matte Finish",Anikaa,0,0,0,"3,324",0,0,79,"Monday, February 21",1,"₹3,324
₹15,999 Save ₹12,675 (79%)"
225,B09N727M55,ITALO Engineered Wood Study Desk with Shelf,ITALO,0,0,0,"2,999",3.0,1,0,,1,1
226,B09KS32BRB,Klaxon Kian Multipurpose Study Desk | Metal & Wooden Laptop Table - Black & Walnut,Klaxon,0,0,0,"3,499",0,0,51,"Tuesday, February 22",1,"₹3,499
₹7,199 Save ₹3,700 (51%)"
227,B08KQ9XFSJ,"Kawachi Engineered Wood Finish Computer Desk Writing Study Table with 4 Tier Bookshelves for Home, Office, Compact PC Workstation Beige",Kawachi,0,0,0,"5,990",3.6,35,6,"Tuesday, February 22",1,35
228,B08F3T9MM4,"Portable Foldable Wall Mounted Laminated Wooden Study Table Desk for Kids ( Small, Smoke White)",Portable,0,0,0,"1,499",3.7,47,35,"Wednesday, February 23",0,47
229,B08BZTKWSD,"Rife Gas-Spring Standing Desk Converter, 35 Inches Wide Sit to Stand Desk Riser, Height Adjustable Home Office Desk for Dual Monitor and Laptop, Black",Rife,0,0,0,"14,999",4.5,5,50,"Tuesday, February 22",1,5
230,B08HV4SSRW,Amazon Brand - Solimo Bolt Engineered Wood Walnut and White Finish Study Desk (Brown),Amazon,0,0,0,"5,499",3.8,150,27,"Thu, 17 Feb, 7:00 am - 9:00 pm",0,150
231,B086YVFJNG,"Klaxon Engineered Wood, Matt Finish Scarlet Study Table/Laptop/Computer Table Desk for Home & Office (Asian Walnut, Set of 1)",Klaxon,0,0,0,"3,599",3.7,85,55,"Friday, February 18",1,85
232,B08CZGTT1V,"Furinno Sheesham Wood Writing Study Desk for Home and Office Study Table Computer Desk, Brown & Black",Furinno,0,0,0,0,4.0,"11,581",0,,0,"11,581"
233,B08WLZMW3T,LUMI JIN Office Manual Sit to Stand Desk| Height Adjustable Desk| with Tabletop 1200 * 750mm| Manual Standing Desk with Hand Crank| Imported | 80 kg Weight Capacity|,LUMI,0,0,0,"21,500",4.4,39,61,"Friday, February 25",0,39
234,B09B4WDDKN,"Royal King Furniture Folding Desk, Small Computer Desk, Home Office Desk, Fold-able Adjustable Table for Small Places",Royal,0,0,0,"1,599",2.9,11,68,"Wednesday, February 23",0,11
235,B09M77RM5Q,"Furnaco® Bed Folding Wall Mounted Study Desk, Foldable Laptop/Office Table (18 Inch X 30 Inch) (Brown)",Furnaco®,0,0,0,"1,999",5.0,1,60,"Tuesday, February 22",0,1
236,B09KCK4WRT,"AVANI METROBUZZ Foldable Adjustable Engineered Wood Finish Dining Table, Study Desk Folding Work from Home, Laptop Table, Computer Desk (Beige, Dining Table (3x2Inches) AM10",AVANI,1,0,0,"1,799",3.5,5,57,"Monday, February 21",1,5
237,B09JZ4KS27,"HOMERLEY Multipurpose Study Table, Office Table, Laptop Table, Computer Table, Workstation Table, Computer Desk, Study Desk, Office Desk, Writing Table, Work from Home Table, (HOME-2B)",HOMERLEY,1,0,0,"3,099",3.8,39,38,"Saturday, February 19",1,39
238,B09PV8LG14,"FURNITURE HUB Study Table Home Office 2 Drawer Laptop Computer Living Room Wood Table, Writing Desk for Home and Office Made of Sheesham Wood Bedside",FURNITURE,1,0,0,"8,599",0,0,27,"Saturday, February 19",0,"₹8,599
₹11,799 Save ₹3,200 (27%)"
239,B09QKN33LD,"ITALO Natural Wood Grain with Engineered Wood Finish Study Table, Laptop, Computer Table Desk for Home, Office & Stores",ITALO,1,0,0,"2,399",0,0,0,"Sunday, February 20",1,"₹2,399"
240,B094R9RG3B,"Monarch Elevate Height Adjustable Table Desk | Electric | 3 Stage Dual Bosch Motor | Ergonomic Sit-Stand Solution | Laminate Table Top Desk (1500mm X 700mm X 25mm ) OR (60 Inch X 28 Inch X 1 Inch ) OR (5 Ft X 2.3 Ft), Olive),Load Capacity 120KG,",Monarch,1,0,0,"47,736",4.7,28,5,"Wednesday, February 23",0,28
241,B0962XGTMW,Woodstage Sheesham Wood Workstation Laptop Office Desk Writing Tables with 4 Drawer Storage for Study Room Home Wooden Furniture Solid Wood Study Table for Students (Brown Finish),Woodstage,1,0,0,"13,149",4.1,76,42,,1,76
242,B09JRW47KN,"Torche Scholar Study Table in Caribe Color,Wood Finish Study Table, Laptop, Computer Table Desk for Home & Office (Caribe and White)",Torche,1,0,0,"4,099",4.0,17,49,"Monday, February 21",1,17
243,B08BFDSLKB,Woodstage Solid Sheesham Wood Writing Study Table with Chair for Students Computer Tables Office Desk with 3 Drawer and Cabinet Storage for Home Study Room Library Wooden Furniture (Walnut Finish),Woodstage,1,0,0,"15,999",4.4,7,37,,1,7
244,B08BJ2G2BK,Woodlab Sheesham Wood Writing Study Table and Computer Workstation Desk for Home and Office (Natural Finish),Woodlab,0,0,0,"15,880",4.1,27,45,"Thursday, March 10",0,27
245,B09RN37WHG,GENERIC SELVMA FURNITURES Study Table |size2x1.25x2.5 |Color wenge |Material Particle Board|Study Desk with Drawers Storage for Home & Schools,,0,0,0,0,0,0,0,,0,
246,B09SD94P8N,Grace Study Desk,Grace,0,0,0,"4,600",0,0,8,"Saturday, February 19",0,"₹4,600
₹4,999 Save ₹399 (8%)"
247,B09SCS1XB4,Cherry Foldable Study Desk,Cherry,0,0,0,"4,200",0,0,16,"Saturday, February 19",0,"₹4,200
₹4,999 Save ₹799 (16%)"
248,B09MR3BN4X,"VIKI Engineered Wood Desk/Study Table(Suede Finish, Frosty White) KANI",VIKI,0,0,0,0,1.0,1,0,,0,1
249,B09CH3X139,Tablewala Office Table Computer Desk 4ft Sturdy Modern Office Desk PC Laptop Study Writing Table for Home Office (Glossy Finish White),Tablewala,0,0,0,"9,999",4.2,60,41,"Saturday, February 19",0,60
250,B088NJN2JK,"PRITI 35.4"" Small Desk No-Assembly Folding Computer PC Desk Home Office Desk Laptop Study Writing Table - Rustic Brown and Black",PRITI,0,0,0,"3,299",3.7,19,34,"Monday, February 21",1,19
251,B015INJ9T6,"Spacewood Winner Engineered Wood Study Desk (Walnut finish,Walnut Rigato)",Spacewood,0,0,0,"8,272",4.0,"1,992",12,"Thu, 17 Feb, 7:00 am - 9:00 pm",0,"1,992"
252,B09RN1Y9KQ,GENERIC SELVMA FURNITURES Study Table Set |size2x1.25x2.5 |Color Beech|Material Particle Board|Study Desk with Drawers Storage for Home & Schools,,0,0,0,0,0,0,0,,0,
253,B08W3D1W4R,Anikaa Calix Engineered Wood Finish Study Desk/Laptop Table with Drawer/Study Table/Computer Table Study Office Laptop Desk for Home Office(White),Anikaa,0,0,0,"4,474",2.9,48,55,"Monday, February 21",1,48
254,B083STHD1J,"InnoFur Aplos Folding Desk, Study, Laptop,Sewing,Writing, Work from Home, Multipurpose Table (Beige, Matte Finish, 100cmL X 60cmW X 72cmH)",InnoFur,0,0,0,"5,299",4.3,53,29,"Thursday, February 24",1,53
255,B0833S1MQJ,"Rsfurniture Wooden Writing Study Desk Table for Students & Adults | Workstation Laptop Table with 2 Drawers & 1 Door Cabinet | Work from Home Table | Sheesham Wood, Honey Brown Finish",Rsfurniture,0,0,0,"13,501",4.3,151,56,"Monday, March 7",0,151
256,B09QFYJ27R,Anikaa Calix Engineered Wooden Study Table Desk with Drawer (White) (D.I.Y) Matte Finish,Anikaa,0,0,0,"4,499",0,0,55,"Monday, February 21",1,"₹4,499
₹9,999 Save ₹5,500 (55%)"
257,B08D9SJHWN,"Folding Computer Desk, Dark Brown Simple Space-Saving Home Office Desk, Computer Table, Laptop Table, Writing Desk, Compact Study Reading Table, Foldable Computer Desk by DoBeesin",Folding,0,0,0,"2,999",3.9,118,25,"Monday, February 21",1,118
258,B09BX7P16H,"HNI India RATEO Ergonomic Desk Table Executive, Home Study & Office Work Desk | 25 mm Wooden top, Powder Coated Metal Finish Tubular Legs, A shaped - Q96-Silver LMX, 1200 x 525 x 715 MM",HNI,0,0,0,"7,065",5.0,1,54,"Saturday, February 26",0,1
259,B09CGP5C3B,Anything & Everything Wooden Folding Computer Table for Laptop Study Office Desk (Beige),,0,0,0,0,0,0,0,,0,
260,B089T1R348,Woodstage Sheesham Wood Study Table for Students Laptop Office Desk Workstation Writing Tables with 2 Drawer and Cabinet Storage for Study Room Home Wooden Furniture (Honey Finish),Woodstage,1,0,0,"13,499",4.3,215,40,,1,215
261,B08PVV1GTZ,DAINTREE Sheesham Wood Iron Frame Study Table Desk Multipurpose Furniture for Living Room Home Office (Black & Walnut),DAINTREE,1,0,0,"9,920",4.6,3,23,"Monday, February 28",0,3
262,B0925VZCRC,"Kawachi Engineered Wood Finish 47 Inch Writing Study Table Computer Desk with 4 Tier Bookshelf for Home, Office, Multipurpose Compact PC, Gaming Workstation Intel Beige",Kawachi,1,0,0,"5,990",3.2,11,6,"Tuesday, February 22",1,11
263,B08BFRHXVT,Woodstage Solid Sheesham Wood Laptop Writing Tables Office Desk with 2 Drawer and Shelf Storage for Home Study Room Library Wooden Living Room Furniture Study Table for Students (Honey Finish),Woodstage,1,0,0,"11,897",5.0,3,8,,1,3
264,B09KS2PR7K,Klaxon Ryan Multipurpose Study Desk with Book Shelf | Metal & Wooden Finish Laptop Gaming Table - Black & Walnut,Klaxon,0,0,0,"4,190",4.0,2,52,"Tuesday, February 22",1,2
265,B091YNDVGG,"EUREKA ERGONOMIC Dual Motor Height Adjustable Electric Standing Desk for Gaming and Home Office, 60 Inch L Shaped Corner Computer Gaming Desk, Black",EUREKA,0,0,0,0,4.6,34,0,,0,34
266,B09G6PD3FP,"Ash & Roh® Table Desk Small Student Study Writing for Home Office Bedroom School Work PC Workstation (30""(H) X32(W) X19(D) (Beige, 32 Inch)",Ash,0,0,0,"2,706",4.0,1,61,"Monday, February 21",1,1
267,B08WCM4VST,LUMI BRATECK Metal Air Lift Hydraulic Height Adjustable Pneumatic Sit Stand Desk | with Adjustable Footrest | Gas Lift Standing Desk| Adjustable Laptop Table for Home | Matte Finish; White,LUMI,0,0,0,"12,299",4.0,46,45,"Monday, February 21",1,46
268,B08WCCLJ9K,"TEKAVO - Home Office Engineered Wood Matte Finish Computer Table Desk Workstation,Desktop PC Table, Gaming Computer Table for Home - Rustic Brown (120x60x76 cm)",TEKAVO,0,0,0,"7,489",4.3,79,56,"Monday, February 28",0,79
269,B097GNVQSV,"Brownie Engineered Wood Foldable Computer Work Station, Dining Table, Study Desk, Folding Work from Home, Laptop Table, Computer Desk (Beige)",Brownie,0,1,0,"1,999",3.7,688,9,"Tuesday, February 22",0,688
270,B099KMYZJL,Blumuno Study desk / multipurpose table / computer desk / desk table / work desk / foldable table / wfh essential (Natural Wooden Finish),Blumuno,0,0,0,"2,799",5.0,2,30,"Wednesday, February 23",1,2
271,B09J1BCQZR,Nilkamal Alpha Engineered Wooded Computer Desk | Finish Color - Walnut|(IALPHNCOMTBLK/WNT),Nilkamal,0,0,0,"5,999",5.0,2,14,"Wednesday, February 23",0,2
272,B0917JZXRN,"TADesign Muo-6008 Engineered Wood Study Desk (Dark Brown, 18 Months Warranty)",TADesign,0,0,0,"4,499",4.3,4,25,,1,4
273,B09B6D19KB,"TEKAVO- L Shaped Double Computer Desk with Storage Shelves,Corner Desk,Two Person Desk Workstation for Home Office Study/Writing/GamingTable Desk for Computer",TEKAVO-,0,0,0,"13,299",3.0,2,64,"Thursday, March 3",0,2
274,B085386DKL,"Rife Electric Height Adjustable Desk Converter, Home Office Desk X-Lift Structure with 34.6"" Wide Surface for Single and Dual Monitor Setup, Black",Rife,0,0,0,"15,000",4.6,11,37,"Saturday, February 19",0,11
275,B09LVKJGNY,"Shri Mintu's Art Wooden Writing Study Desk Table for Students & Adults | Foldable Workstation Laptop Table | Folding Work from Home Table | Sheesham Wood, Teak Brown",Shri,0,0,0,"4,999",4.4,15,38,"Friday, March 4",0,15
276,B0811GFKPM,"VECELO L Shaped Computer Corner Desk, 59’’x59’â Large Industrial Home Office Workstation, Multi-Usage Long 2 Person Table, Easy Assembly/Saving Space, Steel Frame&Wooden Grain Finish, Brown",VECELO,0,0,0,"7,999",4.1,123,27,,1,123
277,B096KN5C8W,"Ash & Roh® - Computer Desk Study Writing Table for Home Office, Modern Simple Style PC Desk, Black Metal Frame Workstation, Sturdy Writing Desk with Storage Bag and Hook (30""(H)X40""(W)X19""(D) IN ( BIG))(NATURAL, 40 Inch)",Ash,0,0,0,"3,599",2.7,4,49,"Monday, February 21",1,4
278,B096R2MCN6,Home Centre Quadro Nxt Cosco Study Desk,Home,0,0,0,"7,036",3.8,53,40,"Thu, 3 Mar, 7:00 am - 9:00 pm",0,53
279,B08L6ND1NS,"Fusion Furnish Premium Engineered Wood Study Desk (Laminated Finish, WENGE)",Fusion,0,0,0,"13,218",4.5,92,38,"Saturday, February 26",0,92
280,B0929CVNF4,"LAD Workspaces® - Ichiban -3 Tier Engineered Wood Finish Study Table, Laptop, Computer Table Desk for Home & Office (White)",LAD,0,0,0,0,4.2,18,0,,0,18
281,B0957DYC3S,Dantawood Living Multipurpose Foldable Study Desk Portable Wooden Utility Laptop Table for Adults & Kids Bedside Drawing Room Home d?cor with Mate Finish; Brown (Pinewood Folding Study Table)[Dimensions W x H x D (cm) 92 x 76 x 43],Dantawood,0,0,0,"5,449",3.3,6,32,"Friday, February 25",0,6
282,B09RZLTDSV,"ESTANTERIA ETUDIER Frosty Engineered Wood Study Table, Computer Desk, Office Desk, Coffee Table with 3 Shelves for Living Room, Office, Home (Wenge & Frosty)",ESTANTERIA,0,0,0,"4,999",0,0,50,"Tuesday, February 22",0,"₹4,999
₹9,999 Save ₹5,000 (50%)"
283,B08Q3WGTMR,"PRITI Folding Computer Desk for Small Spaces, Simple Space-Saving Office Desk, Foldable Computer Table, Laptop Table, Writing Desk, Compact Study Reading Table (White)",PRITI,0,0,0,"2,999",3.4,24,23,"Monday, February 21",1,24
284,B09B5HLH31,"TEKAVO – 4 Tier Computer Desk with Six Storage Shelves, Study Table for Home/Office - 120x60x120 cm",TEKAVO,0,0,0,"8,289",4.2,16,59,"Thursday, March 3",0,16
285,B07RXXJHDK,"Mr IRONSTONE L-Shaped Desk 59"" Computer Corner Desk, Home Gaming Desk, Office Writing Workstation, Space-Saving, Easy to Assemble (Vintage)",Mr,0,0,0,0,4.6,"6,473",0,,0,"6,473"
286,B08H598D1M,"Kawachi Engineered Wood and Metal Finish Computer Desk Writing Study Table with 4 Tier Bookshelves for Office, Home, Multipurpose Compact PC Workstation Oak Brown",Kawachi,0,0,0,"5,990",4.0,77,6,"Tuesday, February 22",1,77
287,B082XXDVC4,"Tribesigns Computer Desk with Hutch and Bookshelf, 47 Inches Home Office Desk with Space Saving Design for Small Spaces",Tribesigns,0,0,0,0,4.6,"2,265",0,,0,"2,265"
288,B08CRVG6RG,"ErgoYou - Steel Height Adjustable Table | Manual | 2 Stage | Ergonomic Sit-Stand Desk | Imported | (Powder Coated White Frame, Maple Laminate Table Top, 750 x 1500 mm)",ErgoYou,0,0,0,"26,799",4.6,109,28,"Wednesday, February 23",0,109
289,B07QMX8FDQ,"InnoFur Aplos Floor Sitting Desk/Laptop Table/Study Desk/Utility Table (Standard, White)",InnoFur,0,0,0,"4,499",4.5,9,44,"Monday, February 21",0,9
290,B07Y6GHM3C,Asha Furniture Wood Finish Office Desk with Drawers and Storage (White and Black),Asha,0,0,0,0,3.9,47,0,,0,47
291,B07YY8SJDF,LUMI JIN Office Sit Stand Desk Converter| Premium Hydraulic Gas Spring Operated Standing Desk Converter| Pneumatic Sit Stand Converter Workstation to be Placed on Top of Desk |Standing Desk,LUMI,0,0,0,"11,500",4.5,48,8,"Monday, February 21",1,48
292,B09QQCY55W,Table/Study Table/Bed Table/Foldable and Portable Wooden/Writing Desk (Wooden),Table/Study,0,0,0,"2,211",0,0,4,,0,"₹2,211
₹2,311 Save ₹100 (4%)"
293,B08GZ2SK48,"Aoomi Wooden Folding Computer Table for Laptop Study, Home Desk, Office Desk, Standard Matt Finish Four Season Dark Color",Aoomi,0,0,0,"3,250",3.0,3,35,"Monday, February 21",1,3
294,B09258DY6P,"Vego Study Desk, Office Table with Curved Edges, Tablet and Cup Holder (Light Acasia)",Vego,0,0,0,0,3.9,16,0,,0,16
295,B09NQ3PKFY,"Redwud Westie Engineered Wood Study Table, Writing Desk, Computer Desk, Study Desk, Office Desk, Small Office Table, Laptop Table with Drawer, Computer Table (Wenge) (D.I.Y) Matte Finish",Redwud,0,0,0,"3,389",0,0,79,"Monday, February 21",1,"₹3,389
₹15,999 Save ₹12,610 (79%)"
296,B09NJLTS2P,SUNNYCRAFT Multipurpose Computer Table Study Table (90x60x75cm) Modern Study Desk Laptop Table for Home & Office (2A),SUNNYCRAFT,1,0,0,"2,500",5.0,1,50,"Saturday, February 19",1,1
297,B08HKFW2GY,"InnoFur Meleti Folding Study Desk,Foldable Office,Adjustable Laptop, Computer,Writing Table Large (Beige)",InnoFur,1,0,0,"5,989",4.2,107,27,"Fri, 25 Feb, 8:00 am - 5:00 pm",0,107
298,B08HVJ48XG,"WOOD CRAFT Sheesham Wood Study Table with Drawer Storage for Home Writing Office Desk, Laptop Desk (Natural)",WOOD,1,0,0,"12,099",0,0,40,"Friday, February 25",0,"₹12,099
₹19,999 Save ₹7,900 (40%)"
299,B09DFK74DX,Signature Table (5X2.5 FT) - White Oak Surface & Black Legs,Signature,1,0,0,"18,900",0,0,0,"Thursday, February 17",0,"₹18,900"
300,B094R91DTR,"Monarch Elevate Height Adjustable Table Desk | Electric | 3 Stage Dual Bosch Motor | Ergonomic Sit-Stand Solution | Laminate Table Top Desk (1200mm X 600mm X 25mm ) OR (48 Inch X 28 Inch X 1 Inch ) OR (4 Ft X 2.3 Ft), Olive),Load Capacity 120KG",Monarch,1,0,0,"46,566",4.7,28,5,"Wednesday, February 23",0,28
301,B09JRKZ53N,"Torche Scholar Study Table in Dark Choco Oak Color,Wood Study Table, Laptop, Computer Table Desk for Home & Office (Dark Choco Oak)",Torche,1,0,0,"4,099",4.0,17,49,"Monday, February 21",1,17
302,B089T22GVJ,Woodstage Sheesham Wood Study Table for Students Laptop Office Desk Workstation Writing Tables with 2 Drawer and Cabinet Storage for Study Room Home Wooden Furniture (Natural Finish),Woodstage,1,0,0,"13,499",4.3,215,40,,1,215
303,B09NVZT3YY,"Ettorez Height Adjustable Home/Office Engineered Wood Computer Desk with Wheels, Multipurpose Study Laptop Desk,Bedside Portable Table for Adults & Kids- Brown",Ettorez,1,0,0,"3,999",4.2,13,33,"Sunday, February 20",1,13
304,B07SXRXK9Y,"LINNMON/ADILS Table, White, 1x0.6 m (39 3/8x23 5/8"")",LINNMON/ADILS,0,0,0,"4,490",3.6,15,20,"Thursday, February 17",0,15
305,B08XQQW2XK,"WOODWARE Futura Premium Folding Office, Study Table with Dual Desks, Curved Edges, Cup and Tablet Holder (Dark Brown)",WOODWARE,0,0,0,"5,790",4.4,525,20,"Wednesday, February 23",1,525
306,B09Q31MTF1,Decorworlds Solid Sheesham Wood Study Table for Study Room | Drawing Room | Living Room | Sheesham Wood Study Table | Laptop Desk | Computer Table | (Natural Brown Finish),Decorworlds,0,0,0,"6,499",5.0,1,48,"Monday, February 21",0,1
307,B09QSH7X2K,"Decorat-In Study Desk Table Engineered Wood & Metal Wall Mounted Study Desk Table for Home & Office (Size - 60 x 45 x 15 cm, Color - White)",Decorat-In,0,0,0,"1,490",0,0,50,"Monday, February 21",1,"₹1,490
₹2,990 Save ₹1,500 (50%)"
308,B07Y6D2DNL,"Tarkan Professional Gaming Desk Large Stainless Steel Carbon Fiber Finish Surface Table for Home, Office with RGB Light, Cup & Headphone Holder (Black)",Tarkan,0,0,0,"13,999",4.4,66,30,"Thursday, February 24",1,66
309,B09D45HFCP,"INVISIBLE BED Wall Mounted Foldable Dining Table, Computer Table, Study Table, Study Desk for Adults (Material: MDF, Color: Dessert Walnut Finish & Glossy White top, Size : 25.74 x 36 x 39 inches)",INVISIBLE,0,0,0,"6,125",4.7,16,32,"Wednesday, February 23",1,16
310,B09SCZ49BN,Worldwood Multipurpose Wood Finish Utility Table/Computer Desk/Office Table/Modern Study Table/Computer or Laptop Table/Writing Table for Home and Office -,Worldwood,0,0,0,"6,204",0,0,44,"Friday, February 25",0,"₹6,204
₹11,000 Save ₹4,796 (44%)"
311,B08QW2CZ2T,"LAD Workspaces Powder Coated Finish Mild Steel Engineered Wood Study Table, Laptop, Computer The L Table Desk for Home and Office, White",LAD,0,0,0,0,4.5,100,0,,0,100
312,B09QPFBR1W,Montage Modern Wooden Study Table Cum Wardrobe or Home and Office Furniture Engineered Wood (Grey),,0,0,0,0,0,0,0,,0,
313,B08PBNQW9Q,Kawachi Engineered Wood Finish Work from Home Multipurpose Computer Desk Laptop Writing Study Table Oak Brown,Kawachi,0,0,0,"2,990",2.3,2,47,,1,2
314,B08YNRSW3X,"adroit® Folding Wall Mounted Study Desk, Foldable Laptop/Office Table/Study Table/Computer (Wall Mounted) / Portable Desk Lap | Kids Study Wall Desk Folding (Dark Brownie, Small)",adroit®,0,0,0,"1,499",2.5,2,35,"Wednesday, February 23",0,2
315,B09KN5R44X,Wood Office Desk; Study Desk (Wenge Finish),Wood,0,0,0,"2,458",0,0,8,"Monday, February 21",1,"₹2,458
₹2,678 Save ₹220 (8%)"
316,B09PHPPJZJ,"Rife Dual Motor L-Shaped Standing Desk, Height Adjustable Electric Corner Desk, Home Office Table with Splice Board, Black Frame with Rustic Wooden Tabletop (DML1000)",Rife,0,0,0,"24,999",0,0,29,"Saturday, February 19",0,"₹24,999
₹35,000 Save ₹10,001 (29%)"
317,B09R9MYRT7,"Faburaa Venus 36x24 One Side Portable and Foldable Table for Home and Office, Writing Desk, Computer and Laptop, Study Desk (Large, Color - Dark Brown, 2x3ft)",Faburaa,0,0,0,"3,500",0,0,65,"Wednesday, February 23",1,"₹3,500
₹10,000 Save ₹6,500 (65%)"
318,B08W2JH3L7,"DFC® Delta Engineered Wood Study Desk (Matte Finish, Dark Wenge)",DFC®,0,0,0,"3,790",3.6,3,5,"Monday, February 21",1,3
319,B09PBD9W4L,"DeckUp Plank Yonne Engineered Wood Study Table and Office Desk (Wotan Oak and White, Matte Finish)",DeckUp,0,0,0,"3,799",4.1,436,49,"Saturday, February 26",0,436
320,B0957RW3Y1,Natural Finish Solid Sheesham Wood Writing Study Table for Home and Office | Study Desk | for Student Work from Home (Single Drawer),Natural,1,0,0,"7,999",4.6,3,60,"Thursday, March 3",0,3
321,B08YYNCHJX,TOLE DIY Steel Metal Finish Desk/Workstation| Open Design| Mild Steel | Matt Black | 1000x500 mm Desk | Multi Purpose | Study Table | Easy to Assemble,TOLE,1,0,0,"5,999",5.0,5,40,"Monday, February 21",0,5
322,B09MMBWMQ5,Tablewala Stainless Steel Engineerwood Gaming Desk (Glossy Finish Black Color),Tablewala,1,0,0,"10,999",0,0,24,"Saturday, February 19",0,"₹10,999
₹14,499 Save ₹3,500 (24%)"
323,B08WH6MC6K,MURALICRAFT Sheesham Wood Writing Study Desk Computer Table for Home and Office with 1 Drawer (Honey Finish),MURALICRAFT,1,0,0,"7,599",0,0,31,"Wednesday, February 23",0,"₹7,599
₹10,999 Save ₹3,400 (31%)"
324,B09CDR728M,WOODSPA Wall Mounted Foldable Computer Laptop Desktop Study Desk Big Size for Home Office Work Multipurpose Wooden Portable Dinning Table Bracket Folding Engineered Wood Ironing Board 90 x 48.5 x 30 CM,WOODSPA,0,0,0,"2,499",3.8,5,62,"Tuesday, February 22",1,5
325,B07GBPXWXH,"InnoFur Aplos Steel Frame and Wooden Top Foldable Multipurpose Computer, Laptop, Study, Work from Home, Dining, Office Table (Brown, Matte Finish, 80cm L x 40cm W x 72cm H)",InnoFur,0,0,0,"4,349",4.3,264,21,"Thursday, February 24",1,264
326,B093NZZDBJ,"IKEA BEKANT Desk, white120x80 cm (47 1/4x31 1/2"")",IKEA,0,0,0,"17,990",0,0,0,"Monday, February 21",0,"₹17,990"
327,B09NC49D47,"Klaxon Doug Wood & Metal Study Table, Laptop, Computer Table Desk - Asian Walnut & Black",Klaxon,0,0,0,"4,149",3.0,2,42,"Friday, March 4",0,2
328,B08RJG2JPJ,Cherry Wood Engineered Wood Finish Modular Computer Desk I Brown,Cherry,0,0,0,"4,499",2.8,5,55,"Thursday, February 24",0,5
329,B07VY1H4B3,"Aprodz Mcclure Modern Studio Collection Soho Rectangular Dining Table/Table Only/Office Desk/Computer Table, Espresso",Aprodz,0,0,0,"11,899",1.0,1,21,"Thu, 17 Feb, 7:00 am - 9:00 pm",0,1
330,B09PHQ3D8F,Table Study Office Desk Engineered Wooden White Color Amazon Brand Tacit (Furniture),Table,0,0,0,"2,690",5.0,1,51,"Thursday, February 17",0,1
331,B09QQC6HG7,"Priti-Computer Desk with Hutch and Bookshelf, 47 Inches Home Office Desk with Space Saving Design for Small Spaces (Light Walnut)",,0,0,0,0,0,0,0,,0,
332,B097HP9C1K,Home furniture Wooden Writing Study Table for Home and Office | Study Desk Hard Solid Wood | Walnut Finish,Home,0,0,0,"8,999",4.0,50,55,,1,50
333,B09HM9P1BP,"IRIS Laptop Desk with Bookshelf, Wood PC Laptop Workstation, Study Writing Table with Metal Frame for Home, Office and Study Room",IRIS,0,0,0,"3,999",3.0,1,50,"Tuesday, February 22",1,1
334,B08BXWYV7N,"Cubicubi Computer Desk 55"" Home Office Laptop Desk Study Writing Table, Modern Simple Style, Deep Brown",Cubicubi,0,0,0,0,4.5,"1,380",0,,0,"1,380"
335,B08LC5L85T,"SOS Space Wood Lite Finish Office Xeta Multipurpose Workstation Desk Home and Office Table - (White, Standard Size)",SOS,0,0,0,"9,492",4.1,69,28,"Thu, 17 Feb, 7:00 am - 9:00 pm",0,69
336,B088PP5VMV,"EUREKA ERGONOMIC Metal Finish L Shape Computer Simple PC Gaming Table Desk with Cable Management System Large Mouse Pad for Home Office, (Black, 60 Inch)",EUREKA,0,0,0,"17,799",4.6,351,1,"Friday, February 18",0,351
337,B09QL852XD,Glorist Multipurpose Folding Wooden Table (Brown),Glorist,0,0,0,"1,499",0,0,25,"Monday, February 21",0,"₹1,499
₹1,999 Save ₹500 (25%)"
338,B08GSSR86J,"Puffin Wooden Folding Computer Table for Laptop Study, Home Desk, Office Desk, Standard Matt Finish Acacia Light Color",Puffin,0,0,0,"3,250",0,0,35,"Monday, February 21",1,"₹3,250
₹4,999 Save ₹1,749 (35%)"
339,B08TWCTBLK,"STAR WORK - Engineered Wood Modern Simple Powder Coated Computer Study Writing Table Desk with 2 Hooks, Storage Bag and Black Metal Frame (30""(H) X40(W) X19(D) in, Beige, 1 Layer Walnut)",STAR,0,0,0,"3,490",3.3,112,42,"Monday, February 21",1,112
340,B08LDX6GG3,Kawachi Multipurpose Engineered Wood Finish Computer Desk Laptop Writing Study Table for Home & Office Use Beige,Kawachi,0,0,0,"2,990",3.8,9,47,"Tuesday, February 22",1,9
341,B096PM7QL2,Kawachi Engineered Wood Finish Work from Home Laptop Table Computer Desk and Writing Study Table with Printer Book Shelf for Home & Office Use (Beige),Kawachi,0,0,0,"4,990",3.2,9,38,"Tuesday, February 22",1,9
342,B09JVJ4C2P,"CADIN | Modular Multi-Purpose Table Furniture set for In Car Dining, Study and Reading Purpose, Portable Model with Foldable Brackets & Removable Supports, Laptop Desk, Dining Table, Study Table (Teakwood)",CADIN,0,0,0,"2,449",5.0,1,18,"Friday, February 25",0,1
343,B093HF6SYN,"ASTRIX L-Shaped Desk 50.8"" Computer Corner Desk, Home Gaming Desk, Office Writing Workstation with Large Monitor Stand, Space-Saving, Easy to Assemble(Laminate Marble)",ASTRIX,0,0,0,0,5.0,1,0,,0,1
344,B09K59RNZZ,"Carpentray Wooden Writing Study Table for Adults & Students | Study Desk with Storage for Home & Office | Sheesham Wood, Dual Tone Finish",Carpentray,0,0,0,"5,999",0,0,45,"Thursday, February 24",0,"₹5,999
₹10,999 Save ₹5,000 (45%)"
345,B0882T8XFJ,"Teraves Computer Desk/Dining Table Office Desk Sturdy Writing Workstation for Home Office (39.37“, White+Golden Frame)",Teraves,0,0,0,0,4.7,"2,814",0,,0,"2,814"
346,B08FGCJGZN,"THE ROYAL NEST Director's Sheesham Study Desk (Matte Finish, Brown)",THE,0,0,0,0,4.1,52,0,,0,52
347,B094XV3XNQ,"Ash & Roh® - Computer Desk 32"" Inch Study Writing Table for Home Office, Modern Small Space Simple Style PC Work Desk (Vintage Wood, 76(H) X80(W) X48(D) cm) (Dusty Wood, 76(H) X80(W) X48(D) cm)",Ash,0,0,0,"2,944",3.4,13,58,"Monday, February 21",1,13
348,B08YNJM637,LUMI Heavy Duty Premium Sit Stand Desk Converter| Standing Desk Converter | Stand Up Desk Converter Workstation| Height Adjustable Standing Workstation| Imported Quality,LUMI,0,0,0,"13,800",4.7,7,39,"Friday, February 25",0,7
349,B096VG9QYJ,Green Soul Involve Multi-Purpose Desk (GT-7) (Black),Green,0,0,0,0,5.0,1,0,,0,1
350,B08CMJWLQ6,"Klaxon Adria Engineered Wood Study Table, Laptop, Computer Table Desk for Home & Office (Black)",Klaxon,0,0,0,"3,999",3.4,88,56,,1,88
351,B09NNTGKFC,ERGOMATE Motorized (Single) Sit Stand Desk 1200x600 | Width Adjustable Frame | Basic Controller (Up/Down Buttons) - Black Frame & Mahogany TT,ERGOMATE,0,0,0,"22,000",5.0,2,20,"Monday, February 21",0,2
352,B08XPJJVR3,"WUDZEST Engineered Wood Study Table, Laptop, Computer Desk for Home & Office Desk (Matte Finish) (Large) (Wenge)",WUDZEST,0,0,0,"2,999",3.4,12,50,"Sunday, February 20",1,12
353,B09P11GPQR,"Istara Plastic Desk Top Computer Monitor Stand with Drawers Shelf Stationery Storage Rack | Desktop PC Screen Riser Stand for Home, Office (Multicolor)",Istara,0,0,0,"1,489",0,0,50,"Monday, February 21",1,"₹1,489
₹2,999 Save ₹1,510 (50%)"
354,B09GYHHLP3,CATIVE Multipurpose Engineered Wood Finish Office Table Computer Desk (100x60x75cm) Modern Sturdy Office Desk PC Laptop Study Writing Table for Home Office (White & Black),CATIVE,0,0,0,"2,499",3.0,4,50,"Monday, February 21",1,4
355,B08MQXFVJR,"sanisol ERGONORMS Steel; MDF Office Desk; Gaming Table (semi glossy Finish, Black)",sanisol,0,0,0,"11,999",4.6,51,37,"Saturday, February 19",0,51
356,B09NXPP5LH,SUNNYCRAFT Multipurpose Computer Table Study Table (90x60x75cm) Modern Sturdy Desk Laptop Table for Home & Office (2B),SUNNYCRAFT,1,0,0,"2,500",3.7,8,50,"Saturday, February 19",1,8
357,B08HHM89DC,"InnoFur Meleti Folding Study Desk,Foldable Office,Adjustable Laptop, Computer,Writing Table Large (White)",InnoFur,1,0,0,"5,989",4.2,107,27,"Fri, 25 Feb, 8:00 am - 5:00 pm",0,107
358,B08G1C8BZ7,AASALIYA Art Solid Sheesham Wood Study Table Laptop Computer for Home Living Room & Office | Console Table Foldable Study Table (Natural Finish),AASALIYA,1,0,0,"12,222",4.4,31,44,"Saturday, March 5",0,31
359,B09KY5Z9Z7,"Monarch Elevate Height Adjustable Table Desk | Electric | 3 Stage Dual Motor | Ergonomic Sit-Stand Solution | Laminate Table Top Desk (Mocha Brown, 1500 X 700)",Monarch,1,0,0,"42,883",4.4,3,5,"Wednesday, February 23",0,3
360,B09PHJBKSB,"AVANI METROBUZZ Foldable Adjustable Engineered Wood Dining Table, Study Desk Folding Work from Home, Laptop Table, Computer Desk (Beige, Dining Table AMB02 (3x2Inches)",AVANI,1,0,0,"1,799",0,0,44,"Monday, February 21",1,"₹1,799
₹3,199 Save ₹1,400 (44%)"
361,B09SF4YLC6,"Decor Office Table 36"" Computer Desk Study Writing Table for Home Office, Modern Simple Style PC Desk, Black Metal Frame Laptop Table, Size-36 X 24 X 29.5 Inch",Decor,1,0,0,"3,495",0,0,65,"Tuesday, March 1",0,"₹3,495
₹9,995 Save ₹6,500 (65%)"
362,B0929CM774,"LAD Workspaces® - Ichiban -3 Tier Engineered Wood Finish Study Table, Laptop, Computer Table Desk for Home & Office (Black)",LAD,1,0,0,0,4.2,18,0,,0,18
363,B09KY5YTC5,"Monarch Elevate Height Adjustable Table Desk | Electric | 3 Stage Dual Motor | Ergonomic Sit-Stand Solution | Laminate Table Top Desk (Persian Walnut, 1800 X 700)",Monarch,1,0,0,"44,053",4.4,3,5,"Wednesday, February 23",0,3
364,B0993951S1,OHELIGO Large Multi Color Office Study Table Engineered Wood Laptop Computer Desk Big Size for Home and Office Black and White,OHELIGO,0,0,0,"2,699",2.7,3,72,"Tuesday, February 22",1,3
365,B09KHGG7KG,"YANA Engineered Wood Foldable Study Desk Folding Work from Home/Office, Laptop Table, Computer Desk (2x3ft)",YANA,0,0,0,"1,799",0,0,40,"Wednesday, February 23",0,"₹1,799
₹2,999 Save ₹1,200 (40%)"
366,B09RMV735Q,GENERIC SELVMA FURNITURES Study Table Set |size2x1.25x2.5 |Color Mahagony |Material Particle Board|Study Desk with Drawers Storage for Home & Schools,,0,0,0,0,0,0,0,,0,
367,B089GQ7C9R,JGS Sheesham Wood Drawer Study Table for Home Writing Office Desk Computer Tables (Honey Finish),JGS,0,0,0,"7,999",4.1,93,81,,1,93
368,B08LHVMT5V,SOS Spacewood LiteOffice Oryx Desk Home and Office Table (Slate Grey & Frosty White Finish),SOS,0,0,0,"5,306",4.1,21,28,,1,21
369,B08J3VVRHG,Spacecrafts Work From Home Folding Wooden Computer Laptop Study Office Table Desk (Wenge),Spacecrafts,0,0,0,"2,100",3.7,13,45,"Tuesday, February 22",0,13
370,B098B4697Q,LUMI Manual Sit to Stand Desk Frame Black| Metal Finish White Height Adjustable Desk Frame |No Tabletop | Manual Standing Desk Frame with Hand Crank| Imported | 80 kg Weight Capacity|,LUMI,0,0,0,"18,000",4.5,9,0,"Monday, February 21",1,9
371,B0865LZP5Z,"Furinno Sheesham Wood Writing Study Desk Computer Laptop Table for Home and Office with 4 Drawer and 1 Cabinate (Honey Finish), Standard (MD_SD001)",Furinno,0,0,0,"16,199",3.9,923,54,"Thu, 17 Feb, 7:00 am - 9:00 pm",0,923
372,B0837TFTK3,"Rife Dual Motor Electric Height Adjustable Standing Desk, with 55 x 27.5 inches Tabletop, Height Adjustable Table, Extra Supportive Legs, (Light Maple Top/Black Frame)",Rife,0,0,0,"30,993",3.6,36,38,"Saturday, February 19",0,36
373,B0819VC141,"G Fine Furniture Wooden Finish Writing Study Desk for Room Table for Adults | Study Table for Home and Office | Sheesham Wood, Brown & Black",G,0,0,0,"13,299",4.5,165,47,,1,165
374,B09581BXQ2,"Home Centre Helios Spacio Folding Portable Desk, Walnut, 35 * 23 * 30 Inches",Home,0,0,0,"5,300",1.0,1,40,"Thu, 3 Mar, 7:00 am - 9:00 pm",0,1
375,B08HJGDDSK,"Wipro Furniture Arena Wood;Engineering Wood Office Desk; Study Desk(Beech Finish,Beech)",Wipro,0,0,0,"11,759",3.9,104,35,"Thu, 17 Feb, 7:00 am - 9:00 pm",0,104
376,B09MHT33M4,"TEKAVO - Computer Desk, 150 cm L-Shaped Corner Desk with Monitor Stand, Study Writing Workstation for Home Office, Gaming, Rustic Brown",TEKAVO,0,0,0,"9,989",0,0,55,"Monday, February 28",0,"₹9,989
₹22,000 Save ₹12,011 (55%)"
377,B0925VZCRC,"Kawachi Engineered Wood Finish 47 Inch Writing Study Table Computer Desk with 4 Tier Bookshelf for Home, Office, Multipurpose Compact PC, Gaming Workstation Intel Beige",Kawachi,0,0,0,"5,990",3.2,11,6,"Tuesday, February 22",1,11
378,B09SD5WCL3,Finly Study Desk with Drawer,Finly,0,0,0,"7,800",0,0,22,"Saturday, February 19",0,"₹7,800
₹9,999 Save ₹2,199 (22%)"
379,B09NPPN4VL,"Anikaa Grady Engineered Wood Study Table, Writing Desk, Computer Desk, Study Desk, Office Desk, Small Office Table, Laptop Table with Drawer, Computer Table (White) (D.I.Y) Matte Finish",Anikaa,0,0,0,"4,524",2.0,1,72,"Monday, February 21",1,1
380,B094RC4Q8T,"Monarch Elevate Height Adjustable Table Desk | Electric | 3 Stage Dual Bosch Motor | Ergonomic Sit-Stand Solution | Laminate Table Top Desk (1500mm X 700mm X 25mm ) OR (60 Inch X 28 Inch X 1 Inch ) OR (5 Ft X 2.3 Ft), Everest White),Load Capacity 120KG,",Monarch,1,0,0,"47,736",4.7,28,5,"Wednesday, February 23",0,28
381,B09RSHKLBB,Ladoya Art Solid Sheesham Wood Writing Study Desk Computer Laptop Table for Home and Office with 4 Drawer and 1 Cabinate (Honey Finish),,1,0,0,0,0,0,0,,0,
382,B09RDS6VG3,Ladoya Art Solid Sheesham Wood Writing Study Desk Computer Laptop Table for Home and Office with 4 Drawer and 1 Cabinate (Honey Finish),,1,0,0,0,0,0,0,,0,
383,B09R1PGBVC,"LADOYA Art Solid Sheesham Wood Study Table for Adults & Students | Study Desk with Drawer & Shelf Storage for Home & Office | Sheesham Wood, Honey Brown",,1,0,0,0,0,0,0,,0,
384,B09MR48K9Z,"VIKI Engineered Wood Desk/Study Table(Suede Finish, Frosty White) KUVALI",,0,0,0,0,0,0,0,,0,
385,B08R7MV581,ErgoYou | Electric Height Adjustable Table 47 x 23 inches | Dual Motor 2 Stage | Ergonomic Sit Stand Desk | Imported (Walnut Laminate Table Top/White Frame),ErgoYou,0,0,0,"36,199",4.7,149,29,"Wednesday, February 23",0,149
386,B09RDZBD8S,"LADOYA ART Solid Sheesham Wood Study Table for Adults & Students | Study Desk with Drawer & Shelf Storage for Home & Office | Sheesham Wood, Honey Brown",,1,0,0,0,0,0,0,,0,
387,B08WHH8HSP,MURALICRAFT Sheesham Wood Writing Study Desk Computer Table for Home and Office with 1 Drawer (Walnit Finish),MURALICRAFT,1,0,0,"9,998",0,0,9,"Wednesday, February 23",0,"₹9,998
₹10,999 Save ₹1,001 (9%)"
388,B08WHQKLZK,"MURALICRAFT Wooden Writing Study Desk for Adults | Study Table with Drawer Storage for Home & Office | (Honey Finish, 3 Drawer)",MURALICRAFT,1,0,0,"13,499",5.0,1,33,"Tuesday, March 1",0,1
389,B096HHVY19,Streem Sheesham Wood Study Table for Students Laptop Office Desk Workstation Writing Tables for Study Room Home Wooden Finish Furniture for Study Room,Streem,1,0,0,"6,499",0,0,62,"Saturday, February 26",0,"₹6,499
₹16,999 Save ₹10,500 (62%)"
