Rank,asin,title,brand,Sponsored,Best Seller,Amazon's Choice,Price,Rating,NoofRatings,Discount,Delivery,Prime Delivery,base,image url,cat,Description,A-Description
0,B085J7164M,Men's Relaxed Jeans,Amazon Brand - Symbol,0,0,0,689,3.8,"1,138",64,,1,"1,138",https://m.media-amazon.com/images/I/81ASupqCFBL._AC_UL320_.jpg,Jean,Men's Relaxed Jeans,SKU: B085J7164M
1,B08D9T6K5M,Men's Slim Fit Jeans,Urbano Fashion,0,0,0,685,3.6,"1,437",57,,1,"1,437",https://m.media-amazon.com/images/I/71m0W58-zQL._AC_UL320_.jpg,Jean,Men's Slim Fit Jeans,SKU: B08D9T6K5M
2,B07QX7X134,Men's Regular Fit Stretch Jeans,STUDIO NEXX,0,0,0,619,3.7,"3,685",59,,1,"3,685",https://m.media-amazon.com/images/I/81yyPPeLi3L._UX679_.jpg,Jean,Men's Regular Fit Stretch Jeans,SKU: B07QX7X134
3,B019XSHDL8,Men's Relaxed Jeans,Ben Martin,0,1,0,589,3.8,"2,775",76,,1,"2,775",https://m.media-amazon.com/images/I/81cIjzxBH5L._AC_UL320_.jpg,Jean,Men's Relaxed Jeans,SKU: B019XSHDL8
4,B07MXMTW2Z,Men Striped Denim Jeans,Campus Sutra,0,0,0,899,3.5,"1,786",55,,1,"1,786",https://m.media-amazon.com/images/I/61ZGXTSfA3L._AC_UL320_.jpg,Jean,Men Striped Denim Jeans,SKU: B07MXMTW2Z
5,B0758JYPHF,Men's Relaxed Jeans,Diverse,0,0,0,509,3.6,"2,125",66,,1,"2,125",https://m.media-amazon.com/images/I/91rFfkC-JcL._UY550_.jpg,Jean,Men's Relaxed Jeans,SKU: B0758JYPHF
6,B07FYG1Z88,Men's Relaxed Jeans,Diverse,0,0,0,537,3.7,"4,038",73,,1,"4,038",https://m.media-amazon.com/images/I/81WHyU7EvCL._UY550_.jpg,Jean,Men's Relaxed Jeans,SKU: B07FYG1Z88
7,B08XMSDJ3Q,by Shoppers Stop Solid Cotton Rich Regular Fit Boys Jeans (S21711BJNS-P),LIFE,0,1,0,240,4,237,70,,0,237,https://m.media-amazon.com/images/I/51oEGGLX2FL._AC_UL320_.jpg,Jean,by Shoppers Stop Solid Cotton Rich Regular Fit Boys Jeans (S21711BJNS-P),SKU: B08XMSDJ3Q
8,B09F6L3W6N,Men's Skinny Jeans,Spykar,0,0,0,"1,151",3.5,16,62,,1,16,https://m.media-amazon.com/images/I/813Rtj4U33L._UY550_.jpg,Jean,Men's Skinny Jeans,SKU: B09F6L3W6N
9,B07DFPCD93,Men's Slim Fit Black Stretch Jeans,Urbano Fashion,0,0,0,599,3.7,"3,672",54,,1,"3,672",https://m.media-amazon.com/images/I/611hFiiUv4L._AC_UL320_.jpg,Jean,Men's Slim Fit Black Stretch Jeans,SKU: B07DFPCD93
10,B07CWTXW97,Men's Slim Fit Denim Jeans,Ben Martin,0,0,0,698,3.6,"2,265",72,,1,"2,265",https://m.media-amazon.com/images/I/616xchp1ECL._UY550_.jpg,Jean,Men's Slim Fit Denim Jeans,SKU: B07CWTXW97
11,B07PD5BCWC,Women's Skinny Fit Jeans,AKA CHIC,0,0,0,767,3.9,"1,274",62,,1,"1,274",https://m.media-amazon.com/images/I/61PtpELCgnL._AC_UL320_.jpg,Jean,Women's Skinny Fit Jeans,SKU: B07PD5BCWC
12,B07CVLYWSV,mens Jeans,Pepe Jeans,0,0,0,"2,799",3.8,74,0,,1,74,https://m.media-amazon.com/images/I/81GpX4leryL._AC_UL320_.jpg,Jean,mens Jeans,SKU: B07CVLYWSV
13,B0839JYY7C,Men's Skinny Jeans,Amazon Brand - House & Shields,0,0,0,669,3.6,153,74,,1,153,https://m.media-amazon.com/images/I/81dsT0p3gTL._UY550_.jpg,Jean,Men's Skinny Jeans,SKU: B0839JYY7C
14,B085J7BK52,Men's Skinny Jeans,Amazon Brand - Symbol,0,0,0,669,3.8,671,61,,1,671,https://m.media-amazon.com/images/I/61vvY+cMTPL._UY550_.jpg,Jean,Men's Skinny Jeans,SKU: B085J7BK52
15,B06Y6MHSVR,Men's Relaxed Fit Jeans,Ben Martin,0,0,0,589,3.6,"3,916",76,,1,"3,916",https://m.media-amazon.com/images/I/61TwfPRLhrL._AC_UL320_.jpg,Jean,Men's Relaxed Fit Jeans,SKU: B06Y6MHSVR
16,B08NTDTWDS,Women's High Rise Jeans,KOTTY,0,0,0,639,3.8,555,68,,1,555,https://m.media-amazon.com/images/I/313389wmFrL._AC_UL320_.jpg,Jean,Women's High Rise Jeans,SKU: B08NTDTWDS
17,B0979B7665,Men's Slim Jeans,Spykar,0,0,0,"1,279",3.4,9,60,,1,9,https://m.media-amazon.com/images/I/71mJUR+XRJS._AC_UL320_.jpg,Jean,Men's Slim Jeans,SKU: B0979B7665
18,B06XJ9J4KT,Women's Jeans,NIFTY,0,1,0,499,3.9,"4,471",62,,1,"4,471",https://m.media-amazon.com/images/I/61e5EIR-LhL._AC_UL320_.jpg,Jean,Women's Jeans,SKU: B06XJ9J4KT
19,B09BVW2LNQ,Men's Slim Jeans,Levi's,0,0,0,"1,439",4.1,310,45,,1,310,https://m.media-amazon.com/images/I/71N3ABqIHQL._AC_UL320_.jpg,Jean,Men's Slim Jeans,SKU: B09BVW2LNQ
20,B07DMZ9J72,Men's Slim Fit Denim,Ben Martin,0,0,0,589,3.6,"3,295",76,,1,"3,295",https://m.media-amazon.com/images/I/61Don-d8JfL._AC_UL320_.jpg,Jean,Men's Slim Fit Denim,SKU: B07DMZ9J72
21,B07HLZ6K4K,Women's Straight Jeans,AKA CHIC,0,0,0,885,4.1,528,62,,1,528,https://m.media-amazon.com/images/I/81mRWoU5jxL._AC_UL320_.jpg,Jean,Women's Straight Jeans,SKU: B07HLZ6K4K
22,B07HZN78T8,Men's Slim Stretchable Jeans,Amazon Brand - Inkast Denim Co.,0,0,0,769,3.6,236,73,,1,236,https://m.media-amazon.com/images/I/81iWmTkWAbL._UY550_.jpg,Jean,Men's Slim Stretchable Jeans,SKU: B07HZN78T8
23,B09F6LRB58,Men's Skinny Jeans,Spykar,0,0,0,"1,142",4.1,7,62,,1,7,https://m.media-amazon.com/images/I/51Vlzzh6pqL._UY550_.jpg,Jean,Men's Skinny Jeans,SKU: B09F6LRB58
24,B099P4RTRR,Men's Slim Jeans,Spykar,0,0,0,870,3.3,3,70,,1,3,https://m.media-amazon.com/images/I/81O-0mvzKNL._UY550_.jpg,Jean,Men's Slim Jeans,SKU: B099P4RTRR
25,B079HXQ6VN,Men's Stretch Carrot Fit Jeans,Amazon Brand - Symbol,0,0,0,489,3.8,437,77,,0,437,https://m.media-amazon.com/images/I/81kGfzYkQWL._UY550_.jpg,Jean,Men's Stretch Carrot Fit Jeans,SKU: B079HXQ6VN
26,B09C2G7CSZ,Men's Light Blue Slim Fit Washed Jeans Stretchable,Urbano Fashion,0,0,0,629,3.5,"1,032",58,,1,"1,032",https://m.media-amazon.com/images/I/61S5a0LL0sL._AC_UL320_.jpg,Jean,Men's Light Blue Slim Fit Washed Jeans Stretchable,SKU: B09C2G7CSZ
27,B085J74QL5,Men's Slim Fit Jeans,Amazon Brand - Symbol,0,0,0,689,3.8,"1,159",57,,1,"1,159",https://m.media-amazon.com/images/I/71vnemyYCOL._UY550_.jpg,Jean,Men's Slim Fit Jeans,SKU: B085J74QL5
28,B07HZR4V3G,Men's Stretch Slim Stretchable Jeans,Amazon Brand - Inkast Denim Co.,0,0,0,769,3.7,460,73,,1,460,https://m.media-amazon.com/images/I/81DkiMBSRdL._UY550_.jpg,Jean,Men's Stretch Slim Stretchable Jeans,SKU: B07HZR4V3G
29,B07WX4D5RK,Women's Skinny Fit Jeans,Amazon Brand - Symbol,0,0,0,310,3.9,221,82,,0,221,https://m.media-amazon.com/images/I/81Vl8nxoJIL._AC_UL320_.jpg,Jean,Women's Skinny Fit Jeans,SKU: B07WX4D5RK
30,B07W3TDXXY,Women's Relaxed Jeans,AKA CHIC,0,0,0,806,4.1,"1,320",66,,1,"1,320",https://m.media-amazon.com/images/I/91BOfaa5IDL._UY550_.jpg,Jean,Women's Relaxed Jeans,SKU: B07W3TDXXY
31,B08G2TG8XQ,Women's Skinny Jeans,AKA CHIC,0,0,0,328,3.7,52,86,,0,52,https://m.media-amazon.com/images/I/81AyWqCO+AL._AC_UL320_.jpg,Jean,Women's Skinny Jeans,SKU: B08G2TG8XQ
32,B08S49RH92,"Girls Denim Casual Joggers/Jeans (Multi Color, Pack of 3)",KIFAYATI BAZAR,0,1,0,583,3.5,922,64,,1,922,https://m.media-amazon.com/images/I/81zbU1aEKjL._UX522_.jpg,Jean,"Girls Denim Casual Joggers/Jeans (Multi Color, Pack of 3)",SKU: B08S49RH92
33,B09LCT6683,Men's Slim Jeans,Amazon Brand - Symbol,0,0,0,709,2.6,12,65,,1,12,https://m.media-amazon.com/images/I/71ZGe8EE0QL._UY550_.jpg,Jean,Men's Slim Jeans,SKU: B09LCT6683
34,B08C8F9XHL,Men's Straight Jeans,Cherokee by Unlimited,0,0,0,539,3.9,88,40,,1,88,https://m.media-amazon.com/images/I/811jajeMo6L._UX522_.jpg,Jean,Men's Straight Jeans,SKU: B08C8F9XHL
35,B07QBJ7BVW,Men's Slim Fit Stretchable Jeans,Neostreak,0,0,0,513,3.8,"3,219",68,,1,"3,219",https://m.media-amazon.com/images/I/81rcMJm4kFL._AC_UL320_.jpg,Jean,Men's Slim Fit Stretchable Jeans,SKU: B07QBJ7BVW
36,B09QKX4MQQ,UP Men's Denim Blend Solid Slim Jeans for Men,UP Online Store,0,0,0,499,4.6,6,38,,1,6,https://m.media-amazon.com/images/I/61A++UPlUML._AC_UL320_.jpg,Jean,UP Men's Denim Blend Solid Slim Jeans for Men,SKU: B09QKX4MQQ
37,B09F655D8M,Men's Slim Jeans,Allen Solly,0,0,0,"1,044",4.2,21,45,,1,21,https://m.media-amazon.com/images/I/61NYLc2pU6L._UY679_.jpg,Jean,Men's Slim Jeans,SKU: B09F655D8M
38,B098LK3JWL,Men's Skinny Jeans,Easies by Killer,0,0,0,"1,099",3.1,16,67,,1,16,https://m.media-amazon.com/images/I/81BvvqlNtaL._UY550_.jpg,Jean,Men's Skinny Jeans,SKU: B098LK3JWL
39,B07W48KVMV,Women's Regular Jeans,AKA CHIC,0,0,0,839,4.2,626,65,,1,626,https://m.media-amazon.com/images/I/7108v-3qxLL._AC_UL320_.jpg,Jean,Women's Regular Jeans,SKU: B07W48KVMV
40,B07HZCC8T7,Men's Slim Stretchable Jeans,Amazon Brand - Inkast Denim Co.,0,0,0,859,3.7,"1,355",73,,1,"1,355",https://m.media-amazon.com/images/I/81aBuBf206L._AC_UL320_.jpg,Jean,Men's Slim Stretchable Jeans,SKU: B07HZCC8T7
41,B07QGPJ5JL,Men's Slim Fit Stretchable Jeans,Neostreak,0,0,0,549,3.9,"1,950",66,,1,"1,950",https://m.media-amazon.com/images/I/81rcMJm4kFL._UY550_.jpg,Jean,Men's Slim Fit Stretchable Jeans,SKU: B07QGPJ5JL
42,B07P7FV6V9,Women's Loose Jeans,AKA CHIC,0,0,0,740,4,934,63,,1,934,https://m.media-amazon.com/images/I/81kvsWLrYUL._UX522_.jpg,Jean,Women's Loose Jeans,SKU: B07P7FV6V9
43,B0821T362M,Men's Stretch Slim Jeans,Amazon Brand - House & Shields,0,0,0,749,3.9,98,73,,1,98,https://m.media-amazon.com/images/I/810YxHL0y+L._AC_UL320_.jpg,Jean,Men's Stretch Slim Jeans,SKU: B0821T362M
44,B094P1JH99,Joggers for Women Stylish,DNEXT,0,0,0,299,3.3,196,81,,1,196,https://m.media-amazon.com/images/I/41qSlQWBogS._AC_UL320_.jpg,Jean,Joggers for Women Stylish,SKU: B094P1JH99
45,B08QWLTSV9,Women's Regular Jeans,Levi's,0,0,0,"1,751",3.1,5,47,,1,5,https://m.media-amazon.com/images/I/81kCOtDmcGL._AC_UL320_.jpg,Jean,Women's Regular Jeans,SKU: B08QWLTSV9
46,B07C3RDTFL,Mens Slim Fit Jeans,Wrangler,0,0,0,"1,038",3.9,23,60,,1,23,https://m.media-amazon.com/images/I/81Kaow41f-L._AC_UL320_.jpg,Jean,Mens Slim Fit Jeans,SKU: B07C3RDTFL
47,B08GSM2K88,Men's Skinny Jeans,Red Tape,0,0,0,"1,069",3.4,207,75,,1,207,https://m.media-amazon.com/images/I/71eVI4IYzWL._UX522_.jpg,Jean,Men's Skinny Jeans,SKU: B08GSM2K88
48,B0846DQGW4,Men's Skinny Jeans,U.S. POLO ASSN.,0,0,0,"1,621",2.9,14,52,,1,14,https://m.media-amazon.com/images/I/A1Vl8wZYPOL._UY679_.jpg,Jean,Men's Skinny Jeans,SKU: B0846DQGW4
49,B08RJV95P5,0_09-Ira Collection Side Buttoned Light Blue Jogger Jeans for Women,Generic,0,0,0,420,3.7,132,58,,1,132,https://m.media-amazon.com/images/I/610126akHoL._AC_UL320_.jpg,Jean,0_09-Ira Collection Side Buttoned Light Blue Jogger Jeans for Women,SKU: B08RJV95P5
50,B07CN1HKD5,Women's Skinny Fit Jeans,AKA CHIC,0,0,0,716,3.9,"4,810",62,,1,"4,810",https://m.media-amazon.com/images/I/71AgFdgRD2L._AC_UL320_.jpg,Jean,Women's Skinny Fit Jeans,SKU: B07CN1HKD5
51,B084K8NQ5K,Men's Slim Jeans,Pepe Jeans,0,0,0,"2,999",0,0,0,,1,"₹2,999",https://m.media-amazon.com/images/I/814qEoxYU-L._UY550_.jpg,Jean,Men's Slim Jeans,SKU: B084K8NQ5K
52,B07QZZSRT6,Men's Regular Fit Jeans,STUDIO NEXX,0,0,0,645,3.9,420,60,,1,420,https://m.media-amazon.com/images/I/81rdafuEdrL._UX569_.jpg,Jean,Men's Regular Fit Jeans,SKU: B07QZZSRT6
53,B08QWW1TQ9,Men's Carrot Slim Jeans,EASYBUY,0,0,0,449,3.4,25,0,,0,25,https://m.media-amazon.com/images/I/91depWY1LZL._UY550_.jpg,Jean,Men's Carrot Slim Jeans,SKU: B08QWW1TQ9
54,B07V38W14G,Women's Black Skinny Fringed Detailing High Rise Clean Look Solid Cropped Stretchable Denim Jeans,Miss Chase,0,0,0,849,3.8,540,63,,1,540,https://m.media-amazon.com/images/I/71XNJ5pXWVL._AC_UL320_.jpg,Jean,Women's Black Skinny Fringed Detailing High Rise Clean Look Solid Cropped Stretchable Denim Jeans,SKU: B07V38W14G
55,B098LKX61R,"Men's Easies,Skinny Fit,Solid,Jeans",Easies by Killer,0,0,0,"1,098",2.7,8,67,,1,8,https://m.media-amazon.com/images/I/81ykBwNY-LL._AC_UL320_.jpg,Jean,"Men's Easies,Skinny Fit,Solid,Jeans",SKU: B098LKX61R
56,B08ZD3KXLY,Men Jeans,RING OF FIRE,0,0,0,0,0,0,0,,0,,https://m.media-amazon.com/images/I/31CHvj3X2PL.jpg,Jean,Men Jeans,SKU: B08ZD3KXLY
57,B07ZVS9BBH,Women's Loose Fit Jeans,AKA CHIC,0,0,0,826,3.9,"1,673",68,,1,"1,673",https://m.media-amazon.com/images/I/713b0CmgXAL._AC_UL320_.jpg,Jean,Women's Loose Fit Jeans,SKU: B07ZVS9BBH
58,B08Y71XRZH,Men's Slim Jeans,Jack & Jones,0,0,0,"1,154",4,1,65,,1,1,https://m.media-amazon.com/images/I/910Q5jQsGcL._UY550_.jpg,Jean,Men's Slim Jeans,SKU: B08Y71XRZH
59,B09B9HK27D,Men's Regular Jeans,Pepe Jeans,0,0,0,"2,470",0,0,25,,1,"₹2,470
₹3,299 Save ₹829 (25%)",https://m.media-amazon.com/images/I/81OZ8yBYl9L._UX522_.jpg,Jean,Men's Regular Jeans,SKU: B09B9HK27D
60,B083Y52RYR,Men's RO-ALT-01AG-06 Slim Jeans,Spykar,0,0,0,839,0,0,70,,1,"₹839
₹2,799 Save ₹1,960 (70%)",https://m.media-amazon.com/images/I/81XSS53iI2L._AC_UL320_.jpg,Jean,Men's RO-ALT-01AG-06 Slim Jeans,SKU: B083Y52RYR
61,B07VR4P936,Plus Size Men's Jeans,JOHN PRIDE,0,0,0,"1,169",4.2,193,42,,1,193,https://m.media-amazon.com/images/I/61ySYdPgH2L._AC_UL320_.jpg,Jean,Plus Size Men's Jeans,SKU: B07VR4P936
62,B085RH5L7J,Boy's Slim Fit Jeans,Urbano Juniors,0,0,0,499,4,347,55,,1,347,https://m.media-amazon.com/images/I/51rRhR1yzaL._AC_UL320_.jpg,Jean,Boy's Slim Fit Jeans,SKU: B085RH5L7J
63,B07H4713JX,Men's Skinny Jeans,Amazon Brand - Symbol,0,0,0,729,3.7,"1,500",65,,1,"1,500",https://m.media-amazon.com/images/I/61vvY+cMTPL._UY550_.jpg,Jean,Men's Skinny Jeans,SKU: B07H4713JX
64,B07RJQ2RY2,Men Stretchable Jeans,Amazon Brand - Inkast Denim Co.,0,0,0,809,3.8,332,68,,1,332,https://m.media-amazon.com/images/I/81wAqvZ4HWL._AC_UL320_.jpg,Jean,Men Stretchable Jeans,SKU: B07RJQ2RY2
65,B0839HSW39,Men's Slim Jeans,Amazon Brand - Symbol,0,0,0,508,3.9,183,79,,1,183,https://m.media-amazon.com/images/I/71ZGe8EE0QL._UY550_.jpg,Jean,Men's Slim Jeans,SKU: B0839HSW39
66,B08XN6222F,Women's Skinny Jeans,AKA CHIC,0,0,0,699,4,23,71,,1,23,https://m.media-amazon.com/images/I/61PtpELCgnL._UY550_.jpg,Jean,Women's Skinny Jeans,SKU: B08XN6222F
67,B09MV2LYC2,Stylish Fashionable Women High Waist Regular wear Denim Jeans - Black,HOVAC,0,0,0,499,3.8,58,75,,1,58,https://m.media-amazon.com/images/I/31FeW4DRcoL._AC_UL320_.jpg,Jean,Stylish Fashionable Women High Waist Regular wear Denim Jeans - Black,SKU: B09MV2LYC2
68,B07QCNRZLL,Women's Skinny Jeans,Amazon Brand - Symbol,0,0,0,803,3.9,"1,599",65,,1,"1,599",https://m.media-amazon.com/images/I/71R6BamqlgS._UY550_.jpg,Jean,Women's Skinny Jeans,SKU: B07QCNRZLL
69,B07P9PPDMF,Women's Skinny Fit Jeans,AKA CHIC,0,0,0,738,3.9,831,66,,1,831,https://m.media-amazon.com/images/I/81B1VtY1JGL._AC_UL320_.jpg,Jean,Women's Skinny Fit Jeans,SKU: B07P9PPDMF
70,B07XKSP8DW,Men's Slim Fit Apparel,Neostreak,0,0,0,560,3.3,10,75,,1,10,https://m.media-amazon.com/images/I/815C1sbQsvL._AC_UL320_.jpg,Jean,Men's Slim Fit Apparel,SKU: B07XKSP8DW
71,B09B18VTL8,Women's Skinny Jeans,Levi's,0,0,0,"1,410",3.4,3,53,,1,3,https://m.media-amazon.com/images/I/51bgo7FZMZL._UX522_.jpg,Jean,Women's Skinny Jeans,SKU: B09B18VTL8
72,B092DJZKPW,Men's Sailor Skinny Jeans,Men's,0,0,0,652,3.4,10,80,,1,LAWMAN PG3,https://m.media-amazon.com/images/I/81uu-E8xIJL._AC_UL320_.jpg,Jean,Men's Sailor Skinny Jeans,SKU: B092DJZKPW
73,B0979DXZCJ,Men's Skinny Jeans,Spykar,0,0,0,"1,314",3.8,14,59,,1,14,https://m.media-amazon.com/images/I/51Vlzzh6pqL._UY550_.jpg,Jean,Men's Skinny Jeans,SKU: B0979DXZCJ
74,B07NDQ5QFG,Men Jogger Design Denim Jeans,Campus Sutra,0,0,0,789,3.6,169,58,,1,169,https://m.media-amazon.com/images/I/71FOe+VJc7L._AC_UL320_.jpg,Jean,Men Jogger Design Denim Jeans,SKU: B07NDQ5QFG
75,B091734BWL,Womens High Rise Cotton Lycra Jeans,KOTTY,0,0,0,674,4,105,66,,1,105,https://m.media-amazon.com/images/I/71Do2+EZeiL._AC_UL320_.jpg,Jean,Womens High Rise Cotton Lycra Jeans,SKU: B091734BWL
76,B08L2636YZ,Women's Loose Fit Jeans,KOTTY,0,0,0,639,3.8,469,68,,1,469,https://m.media-amazon.com/images/I/31Y4oZCtpUL._AC_UL320_.jpg,Jean,Women's Loose Fit Jeans,SKU: B08L2636YZ
77,B01LZK86D7,Men's (Millard) Regular Fit Stretchable Jeans,Wrangler,0,0,0,"1,291",3.7,39,52,,1,39,https://m.media-amazon.com/images/I/81RRSpl7QDL._UX522_.jpg,Jean,Men's (Millard) Regular Fit Stretchable Jeans,SKU: B01LZK86D7
78,B07LG8BHF9,Women's Black Skinny Fit High Rise Clean Look Regular Length Stretchable Denim Jeans,Miss Chase,0,0,0,949,3.9,675,51,,1,675,https://m.media-amazon.com/images/I/71G17uLgBJL._AC_UL320_.jpg,Jean,Women's Black Skinny Fit High Rise Clean Look Regular Length Stretchable Denim Jeans,SKU: B07LG8BHF9
79,B089FNZYG7,Womens High Rise Cotton Lycra Skinny Jeans,KOTTY,0,0,0,674,3.3,107,66,,1,107,https://m.media-amazon.com/images/I/51KJBTtayUL._AC_UL320_.jpg,Jean,Womens High Rise Cotton Lycra Skinny Jeans,SKU: B089FNZYG7
80,B09LLHDX59,Men's Regular Jeans,Peter England,0,0,0,"1,185",5,1,34,,1,1,https://m.media-amazon.com/images/I/51BNAwixboL._UY550_.jpg,Jean,Men's Regular Jeans,SKU: B09LLHDX59
81,B076CR4HPR,Men's Slim Fit Washed Jeans Stretchable,Urbano Fashion,0,0,0,599,3.7,"5,637",54,,1,"5,637",https://m.media-amazon.com/images/I/51sqbNfjT5L._AC_UL320_.jpg,Jean,Men's Slim Fit Washed Jeans Stretchable,SKU: B076CR4HPR
82,B09Q93GFZS,Women's Wide Leg Flared Jeans,Malachi,0,0,0,899,3.8,27,61,,1,27,https://m.media-amazon.com/images/I/81I9aCr4ncL._AC_UL320_.jpg,Jean,Women's Wide Leg Flared Jeans,SKU: B09Q93GFZS
83,B07L6Z52YW,Men's Slim Fit Stretchable Jeans,Neostreak,0,0,0,550,3.7,"2,797",66,,1,"2,797",https://m.media-amazon.com/images/I/81rcMJm4kFL._UY550_.jpg,Jean,Men's Slim Fit Stretchable Jeans,SKU: B07L6Z52YW
84,B09BVWR567,Men's Regular Jeans,Levi's,0,0,0,"1,959",3.1,28,30,,1,28,https://m.media-amazon.com/images/I/61oIxYxPmcL._UX522_.jpg,Jean,Men's Regular Jeans,SKU: B09BVWR567
85,B07W48JQBM,Women's Straight Fit Jeans,AKA CHIC,0,0,0,881,4,204,66,,1,204,https://m.media-amazon.com/images/I/81dgrqvXEmL._AC_UL320_.jpg,Jean,Women's Straight Fit Jeans,SKU: B07W48JQBM
86,B07VFK3N3V,Men's Slim Fit Jeans,Urbano Fashion,0,0,0,579,3.7,321,61,,1,321,https://m.media-amazon.com/images/I/719J1S+gi-L._AC_UL320_.jpg,Jean,Men's Slim Fit Jeans,SKU: B07VFK3N3V
87,B07TGQ191J,Men's Slim Apparel,Neostreak,0,0,0,569,3.7,127,70,,1,127,https://m.media-amazon.com/images/I/81mkws56NZL._AC_UL320_.jpg,Jean,Men's Slim Apparel,SKU: B07TGQ191J
88,B094TYQDLZ,Men's Slim Jeans,Arrow Sports,0,0,0,"1,269",4.2,42,45,,1,42,https://m.media-amazon.com/images/I/81P8U0CYnmL._AC_UL320_.jpg,Jean,Men's Slim Jeans,SKU: B094TYQDLZ
89,B07H4T3BLR,Men's wear,hangup,0,0,0,760,0,0,70,,1,"₹760
₹2,499 Save ₹1,739 (70%)",,Jean,Men's wear,SKU: B07H4T3BLR
90,B07L962M8L,Women's Black Skinny Fit High Rise Clean Look Regular Length Clean Look Stretchable Denim Jeans,Miss Chase,0,0,0,836,3.8,913,57,,1,913,https://m.media-amazon.com/images/I/71a03OHZiVL._AC_UL320_.jpg,Jean,Women's Black Skinny Fit High Rise Clean Look Regular Length Clean Look Stretchable Denim Jeans,SKU: B07L962M8L
91,B08135J1HV,Women's Denim Stretchable Slim Fit Black Jeans,NIFTY,0,0,0,499,4,558,62,,1,558,https://m.media-amazon.com/images/I/31JwPVIVlKL._AC_UL320_.jpg,Jean,Women's Denim Stretchable Slim Fit Black Jeans,SKU: B08135J1HV
92,B09172T21J,Womens High Rise Cotton Lycra Jeans,KOTTY,0,0,0,749,0,0,63,,1,"₹749
₹1,999 Save ₹1,250 (63%)",https://m.media-amazon.com/images/I/61mQibjz7FL._UY550_.jpg,Jean,Womens High Rise Cotton Lycra Jeans,SKU: B09172T21J
93,B08HQHJ1YP,Women's Boot Cut Regular Jeans,VERO MODA,0,0,0,999,4,29,60,,1,29,https://m.media-amazon.com/images/I/71N-3O6LVZL._UY550_.jpg,Jean,Women's Boot Cut Regular Jeans,SKU: B08HQHJ1YP
94,B07HMB6GDQ,Women's Regular Jeans,AKA CHIC,0,0,0,852,4.1,305,67,,1,305,https://m.media-amazon.com/images/I/81UIotxdLPL._AC_UL320_.jpg,Jean,Women's Regular Jeans,SKU: B07HMB6GDQ
95,B09BVVJF12,Men's Regular Jeans,Levi's,0,0,0,"1,874",4.2,112,25,,1,112,https://m.media-amazon.com/images/I/718vYyIjaNL._UY550_.jpg,Jean,Men's Regular Jeans,SKU: B09BVVJF12
96,B07HMB6GDQ,Women's Regular Jeans,AKA CHIC,0,0,0,852,4.1,305,67,,1,305,https://m.media-amazon.com/images/I/81UIotxdLPL._AC_UL320_.jpg,Jean,Women's Regular Jeans,SKU: B07HMB6GDQ
97,B09BVVJF12,Men's Regular Jeans,Levi's,0,0,0,"1,874",4.2,112,25,,1,112,https://m.media-amazon.com/images/I/71ItZz1lOMS._UY550_.jpg,Jean,Men's Regular Jeans,SKU: B09BVVJF12
98,B09173S46X,Womens High Rise Cotton Lycra Jeans,KOTTY,0,0,0,674,3.6,29,66,,1,29,https://m.media-amazon.com/images/I/61mQibjz7FL._UY550_.jpg,Jean,Womens High Rise Cotton Lycra Jeans,SKU: B09173S46X
99,B098L97BWD,Men's Regular Fit Jeans,Ben Martin,0,0,0,589,3.5,102,80,,1,102,https://m.media-amazon.com/images/I/61QEJwzNtXS._AC_UL320_.jpg,Jean,Men's Regular Fit Jeans,SKU: B098L97BWD
100,B084VZTXBP,Men's Straight Fit Carrot Stretchable Jeans,Amazon Brand - Inkast Denim Co.,0,0,0,809,3.7,187,66,,1,187,https://m.media-amazon.com/images/I/81QcbuXUuXL._UX522_.jpg,Jean,Men's Straight Fit Carrot Stretchable Jeans,SKU: B084VZTXBP
101,B07VCG3TG7,Men's Light Blue Slim Fit Denim Jeans Stretchable,Urbano Fashion,0,0,0,649,3.5,588,57,,1,588,https://m.media-amazon.com/images/I/61nJ6tJX0VL._AC_UL320_.jpg,Jean,Men's Light Blue Slim Fit Denim Jeans Stretchable,SKU: B07VCG3TG7
102,B0866SX5DZ,Men's Brown Regular Fit Denim Jeans Stretchable,Urbano Plus,0,0,0,759,4,680,55,,1,680,https://m.media-amazon.com/images/I/61MLz2-l4YL._AC_UL320_.jpg,Jean,Men's Brown Regular Fit Denim Jeans Stretchable,SKU: B0866SX5DZ
103,B09172KWJ4,Womens High Rise Cotton Lycra Jeans,KOTTY,0,0,0,674,3.9,68,66,,1,68,https://m.media-amazon.com/images/I/61-eglgl4rL._AC_UL320_.jpg,Jean,Womens High Rise Cotton Lycra Jeans,SKU: B09172KWJ4
104,B082Z3JDK4,Women's Regular Fit Jeans,dermawear,0,0,0,"1,239",3.8,782,17,,1,782,https://m.media-amazon.com/images/I/41wAiLvYc6L._UX522_.jpg,Jean,Women's Regular Fit Jeans,SKU: B082Z3JDK4
105,B08XMPF5C1,by Shoppers Solid Cotton Rich Regular Fit Boys Jeans (S21710BJNS-P),STOP,0,0,0,210,3.9,125,70,,0,125,https://m.media-amazon.com/images/I/51iQbJ5dOaL._AC_UL320_.jpg,Jean,by Shoppers Solid Cotton Rich Regular Fit Boys Jeans (S21710BJNS-P),SKU: B08XMPF5C1
106,B092D4DM5Y,Girl's Slim Fit Jeans/Joggers/Bottom Pack of 3,KIFAYATI BAZAR,0,0,0,503,3.2,217,69,,1,217,https://m.media-amazon.com/images/I/51dlGoJ9RBL._AC_UL320_.jpg,Jean,Girl's Slim Fit Jeans/Joggers/Bottom Pack of 3,SKU: B092D4DM5Y
107,B074RMN99F,Men's Slim Fit Jogger Jeans Stretch,Urbano Fashion,0,0,0,725,3.7,"4,003",52,,1,"4,003",https://m.media-amazon.com/images/I/61UZtv8GRtL._AC_UL320_.jpg,Jean,Men's Slim Fit Jogger Jeans Stretch,SKU: B074RMN99F
108,B098K7VDV9,Boy's Regular Jeans,U.S. Polo Assn. Kids,0,0,0,899,4.2,13,44,,1,13,https://m.media-amazon.com/images/I/91jY03uYniL._UY550_.jpg,Jean,Boy's Regular Jeans,SKU: B098K7VDV9
109,B06Y5HF9GV,Men's Relaxed Fit Jeans,Ben Martin,0,0,0,589,3.4,492,76,,1,492,https://m.media-amazon.com/images/I/61+e1RZI11L._AC_UL320_.jpg,Jean,Men's Relaxed Fit Jeans,SKU: B06Y5HF9GV
110,B085GBNQQW,Men Cut and Sew Denim Jeans,Campus Sutra,0,0,0,719,3.3,"1,279",58,,1,"1,279",https://m.media-amazon.com/images/I/61flYqKNDPL._AC_UL320_.jpg,Jean,Men Cut and Sew Denim Jeans,SKU: B085GBNQQW
111,B094VXRVHR,Men's Skinny Jeans,NEWPORT,0,0,0,499,3.7,749,71,,1,749,https://m.media-amazon.com/images/I/81z6yQPFUaL._UX522_.jpg,Jean,Men's Skinny Jeans,SKU: B094VXRVHR
112,B0796T2B88,jannon Women's Solid Stretchable High Waist Slim Fit Jeans,Generic,0,0,0,499,3.9,972,67,,1,972,https://m.media-amazon.com/images/I/61YZGvXEaWL._UY550_.jpg,Jean,jannon Women's Solid Stretchable High Waist Slim Fit Jeans,SKU: B0796T2B88
113,B09BVWZC9Z,mens Jeans,Levi's,0,0,0,"1,707",3.8,53,39,,1,53,https://m.media-amazon.com/images/I/81iVZ7r11NL._UX522_.jpg,Jean,mens Jeans,SKU: B09BVWZC9Z
114,B09DD3JVQK,Women's Boyfriend Skinny Jeans,VERO MODA,0,0,0,906,4.2,23,70,,1,23,https://m.media-amazon.com/images/I/51IBL0bobRL._AC_UL320_.jpg,Jean,Women's Boyfriend Skinny Jeans,SKU: B09DD3JVQK
115,B082638MM1,Men's Slim Fit Jeans,"L,Zard",0,0,0,499,3.5,406,78,,1,406,https://m.media-amazon.com/images/I/41s4My+nEDL._AC_UL320_.jpg,Jean,Men's Slim Fit Jeans,SKU: B082638MM1
116,B094VX57MJ,Men's Slim Jeans,NEWPORT,0,0,0,497,3.8,792,71,,0,792,https://m.media-amazon.com/images/I/81levWk8iNL._AC_UL320_.jpg,Jean,Men's Slim Jeans,SKU: B094VX57MJ
117,B096YFYMRM,Men's Jogger Regular Jeans,Levi's,0,0,0,"1,215",4,28,55,,1,28,,Jean,Men's Jogger Regular Jeans,SKU: B096YFYMRM
118,B07DPSSZZ5,Men's Stretch Carrot Jeans,Amazon Brand - Symbol,0,0,0,759,3.6,481,64,,1,481,https://m.media-amazon.com/images/I/8106Vjhm+3L._AC_UL320_.jpg,Jean,Men's Stretch Carrot Jeans,SKU: B07DPSSZZ5
119,B073HHXKS3,Women High Waist Slim Trendy Fit Jeans,Broadstar,0,0,0,719,3.8,"2,485",64,,1,"2,485",https://m.media-amazon.com/images/I/71WYP5UHUeL._UY550_.jpg,Jean,Women High Waist Slim Trendy Fit Jeans,SKU: B073HHXKS3
120,B07W488M9K,Women's Skinny Jeans,AKA CHIC,0,0,0,938,3.9,752,65,,1,752,https://m.media-amazon.com/images/I/813TiH8DH2L._AC_UL320_.jpg,Jean,Women's Skinny Jeans,SKU: B07W488M9K
121,B07W8MK8FQ,Women's Slim Jeans,AKA CHIC,0,0,0,873,4,235,68,,1,235,https://m.media-amazon.com/images/I/71maNuSD4BL._UY550_.jpg,Jean,Women's Slim Jeans,SKU: B07W8MK8FQ
122,B08ZD84LCV,Men's Carrot Slim Jeans,EASYBUY,0,0,0,546,4,9,32,,1,9,https://m.media-amazon.com/images/I/81M37nBQU1S._UY550_.jpg,Jean,Men's Carrot Slim Jeans,SKU: B08ZD84LCV
123,B0979CDZ8L,Men's Boyfriend Stretch Jeans,Spykar,0,0,0,"1,303",4.2,116,53,,1,116,,Jean,Men's Boyfriend Stretch Jeans,SKU: B0979CDZ8L
124,B098LHPYMY,Men's Skinny Jeans,Easies by Killer,0,0,0,"1,006",3.1,11,70,,1,11,https://m.media-amazon.com/images/I/819-OJMcDLL._AC_UL320_.jpg,Jean,Men's Skinny Jeans,SKU: B098LHPYMY
125,B07YCX1CV8,Men's 5 Pockets Slim Denim Stretch Jeans,RING OF FIRE,0,0,0,0,4.4,68,0,,0,68,https://m.media-amazon.com/images/I/61+VMsq3+iL._AC_UX342_.jpg,Jean,Men's 5 Pockets Slim Denim Stretch Jeans,SKU: B07YCX1CV8
126,B07L6PB3FV,Men's Slim Fit Stretchable Jeans,Neostreak,0,0,0,599,3.8,"2,093",63,,1,"2,093",https://m.media-amazon.com/images/I/91mXH+SEo7L._AC_UL320_.jpg,Jean,Men's Slim Fit Stretchable Jeans,SKU: B07L6PB3FV
127,B08R8JVV2S,Girls Blue Denim Jeggings for 5 to 15 Years,Naughty Ninos,0,0,0,696,3.9,166,59,,1,166,https://m.media-amazon.com/images/I/61WcMgOQj6L._AC_UL320_.jpg,Jean,Girls Blue Denim Jeggings for 5 to 15 Years,SKU: B08R8JVV2S
128,B07SD3VBFR,Men's Slim Fit Stretchable Fabric Casual Wear Denim Jeans,RAGZO,0,0,0,781,3.5,"1,204",48,,1,"1,204",https://m.media-amazon.com/images/I/81E-m0fwsIL._AC_UL320_.jpg,Jean,Men's Slim Fit Stretchable Fabric Casual Wear Denim Jeans,SKU: B07SD3VBFR
129,B08V6VXXQH,Women's Joggers,dockstreet,0,0,0,398,3.2,"1,727",72,,1,"1,727",https://m.media-amazon.com/images/I/5166B59OSNL._AC_UL320_.jpg,Jean,Women's Joggers,SKU: B08V6VXXQH
130,B07CN82DX9,Women's High Rise Slim Jeans,AKA CHIC,0,0,0,690,3.9,597,64,,1,597,https://m.media-amazon.com/images/I/81HFJD+5hUL._AC_UL320_.jpg,Jean,Women's High Rise Slim Jeans,SKU: B07CN82DX9
131,B099J4QYDN,Men's Carrot Jeans,Amazon Brand - Inkast Denim Co.,0,0,0,799,4,45,73,,1,45,https://m.media-amazon.com/images/I/71pkQz0I4xL._UY550_.jpg,Jean,Men's Carrot Jeans,SKU: B099J4QYDN
132,B081LJ99M9,Girls' Slim Fit Jeans,ELENDRA,0,0,0,499,3.8,208,83,,1,208,https://m.media-amazon.com/images/I/71Pyg7XfQGL._AC_UL320_.jpg,Jean,Girls' Slim Fit Jeans,SKU: B081LJ99M9
133,B083ZZZT3V,Women's Skinny Fit Jeans,Malachi,0,0,0,699,3.7,67,65,,1,67,https://m.media-amazon.com/images/I/5140-As9tWL._AC_UL320_.jpg,Jean,Women's Skinny Fit Jeans,SKU: B083ZZZT3V
134,B08XLF6N78,Women's Skinny Fit Jeans,AKA CHIC,0,0,0,448,3.8,7,81,,0,7,https://m.media-amazon.com/images/I/61YBmahadOL._AC_UL320_.jpg,Jean,Women's Skinny Fit Jeans,SKU: B08XLF6N78
135,B01N07V2MC,Men's Slim Fit Jeans,Urbano Fashion,0,0,0,519,3.6,916,57,,1,916,https://m.media-amazon.com/images/I/51UlwkHPtmL._AC_UL320_.jpg,Jean,Men's Slim Fit Jeans,SKU: B01N07V2MC
136,B09BVWGFL9,Men's Slim Jeans,Levi's,0,0,0,"1,549",3.9,271,45,,1,271,https://m.media-amazon.com/images/I/71MKlXG11NL._UY550_.jpg,Jean,Men's Slim Jeans,SKU: B09BVWGFL9
137,B074YX6JR5,Men Jeans,Urbano Fashion,0,0,0,649,3.4,"2,107",46,,1,"2,107",https://m.media-amazon.com/images/I/71ft0likY8L._AC_UL320_.jpg,Jean,Men Jeans,SKU: B074YX6JR5
138,B09C6HFR1L,Men's Skinny Jeans,Spykar,0,0,0,"1,112",3.3,20,59,,1,20,https://m.media-amazon.com/images/I/61f4XQ0GhfL._AC_UL320_.jpg,Jean,Men's Skinny Jeans,SKU: B09C6HFR1L
139,B08WKDZPRW,Men's Skinny Jeans,Red Tape,0,0,0,"1,095",3.9,35,75,,1,35,https://m.media-amazon.com/images/I/81CfjIf+7pL._UY550_.jpg,Jean,Men's Skinny Jeans,SKU: B08WKDZPRW
140,B07ZVS57VJ,Women's Relaxed Jeans,AKA CHIC,0,0,0,844,3.6,380,69,,1,380,https://m.media-amazon.com/images/I/81UYAceDmsL._AC_UL320_.jpg,Jean,Women's Relaxed Jeans,SKU: B07ZVS57VJ
141,B08WKDFBB1,Men's Skinny Jeans,Red Tape,0,0,0,"1,186",3.8,18,73,,1,18,https://m.media-amazon.com/images/I/819xsszIhFS._AC_UL320_.jpg,Jean,Men's Skinny Jeans,SKU: B08WKDFBB1
142,B07CVKKMNP,Men Jeans,Amazon Brand - Symbol,0,0,0,559,3.6,286,60,,1,286,https://m.media-amazon.com/images/I/91lLxMXFkZL._AC_UL320_.jpg,Jean,Men Jeans,SKU: B07CVKKMNP
143,B09BVXC68X,Men's Regular Jeans,Levi's,0,0,0,"2,799",4.3,62,3,,1,62,https://m.media-amazon.com/images/I/71ItZz1lOMS._UY550_.jpg,Jean,Men's Regular Jeans,SKU: B09BVXC68X
144,B08HQF8HN8,Women's Boot Cut Regular Jeans,VERO MODA,0,0,0,999,4.1,23,60,,1,23,https://m.media-amazon.com/images/I/71N-3O6LVZL._UY550_.jpg,Jean,Women's Boot Cut Regular Jeans,SKU: B08HQF8HN8
145,B09BVXC68X,Men's Regular Jeans,Levi's,0,0,0,"2,799",4.3,62,3,,1,62,https://m.media-amazon.com/images/I/61oIxYxPmcL._UX522_.jpg,Jean,Men's Regular Jeans,SKU: B09BVXC68X
146,B099HVQYCK,mens Jeans,Amazon Brand - Inkast Denim Co.,0,0,0,789,4.2,11,68,,1,11,https://m.media-amazon.com/images/I/71oaJLfdH1L._AC_UL320_.jpg,Jean,mens Jeans,SKU: B099HVQYCK
147,B01J1FYQKE,Women's Slim Fit Jeans,NIFTY,0,0,0,799,3.9,783,47,,1,783,https://m.media-amazon.com/images/I/611SuTgCLrL._AC_UL320_.jpg,Jean,Women's Slim Fit Jeans,SKU: B01J1FYQKE
148,B082QD3T9G,Women's Skinny Fit Jeans,Levi's,0,0,0,"1,959",4.2,49,60,,1,49,https://m.media-amazon.com/images/I/71CpwgqI8qL._UY550_.jpg,Jean,Women's Skinny Fit Jeans,SKU: B082QD3T9G
149,B07CH4WFDF,Men's Slim Jeans,Diverse,0,0,0,481,3.7,"3,300",81,,0,"3,300",https://m.media-amazon.com/images/I/41g9qjzIuLL._AC_UL320_.jpg,Jean,Men's Slim Jeans,SKU: B07CH4WFDF
150,B07TWHPD57,Women's Skinny Jeans,Amazon Brand - Symbol,0,0,0,686,3.6,404,66,,1,404,https://m.media-amazon.com/images/I/81aX-qFN+XL._UY550_.jpg,Jean,Women's Skinny Jeans,SKU: B07TWHPD57
151,B08Z3D61BZ,Men's Skinny Jeans,Spykar,0,0,0,964,3.7,24,66,,1,24,https://m.media-amazon.com/images/I/51Vlzzh6pqL._UY550_.jpg,Jean,Men's Skinny Jeans,SKU: B08Z3D61BZ
152,B09JS64PPL,Stretchable Jeans for Men Regular Fit with Elastic Band,VERSATYL,0,0,0,"1,349",3.3,19,33,,1,19,https://m.media-amazon.com/images/I/6128yu59DvL._UY550_.jpg,Jean,Stretchable Jeans for Men Regular Fit with Elastic Band,SKU: B09JS64PPL
153,B08H2N2L6X,Cherokee Boy's Relaxed Fit Jeans,Cherokee by Unlimited,0,0,0,379,4,966,46,,0,966,https://m.media-amazon.com/images/I/81T0NwkLqhL._UX425_.jpg,Jean,Cherokee Boy's Relaxed Fit Jeans,SKU: B08H2N2L6X
154,B08MC8SSYX,Boy's Slim Fit Jeans,Urbano Juniors,0,0,0,615,4,"2,560",56,,1,"2,560",https://m.media-amazon.com/images/I/71svB5N5dKL._AC_UL320_.jpg,Jean,Boy's Slim Fit Jeans,SKU: B08MC8SSYX
155,B09CH21P9F,Mens Skinny Fit Stretchable Jeans,Amazon Brand - House & Shields,0,0,0,619,4.8,6,66,,1,6,https://m.media-amazon.com/images/I/71nQ0aRDsRL._AC_UL320_.jpg,Jean,Mens Skinny Fit Stretchable Jeans,SKU: B09CH21P9F
156,B08QW8X3TN,Men's Slim Fit Jeans,Levi's,0,0,0,"1,485",3.9,163,55,,1,163,https://m.media-amazon.com/images/I/71MKlXG11NL._UY550_.jpg,Jean,Men's Slim Fit Jeans,SKU: B08QW8X3TN
157,B07C9DMD18,Men's Relaxed Fit Jeans,STUDIO NEXX,0,0,0,685,3.5,370,57,,1,370,https://m.media-amazon.com/images/I/91o1kiUg4sL._UY550_.jpg,Jean,Men's Relaxed Fit Jeans,SKU: B07C9DMD18
158,B085J73LDL,Men's Relaxed Jeans,Amazon Brand - Symbol,0,0,0,669,3.7,"1,053",44,,1,"1,053",https://m.media-amazon.com/images/I/712kD+wpHaL._AC_UL320_.jpg,Jean,Men's Relaxed Jeans,SKU: B085J73LDL
159,B085J7FJQM,Men's Slim Jeans,Amazon Brand - Symbol,0,0,0,669,3.6,408,58,,1,408,https://m.media-amazon.com/images/I/81au4FfzaFL._AC_UL320_.jpg,Jean,Men's Slim Jeans,SKU: B085J7FJQM
160,B08QDX48V3,Girl's Regular Jeans,Blink Street,0,0,0,479,4,188,63,,0,188,https://m.media-amazon.com/images/I/81ABfp5958L._UY550_.jpg,Jean,Girl's Regular Jeans,SKU: B08QDX48V3
161,B07HLZTB7G,Women's Skinny Jeans,AKA CHIC,0,0,0,899,3.8,252,64,,1,252,https://m.media-amazon.com/images/I/81K66HbD-2L._AC_UL320_.jpg,Jean,Women's Skinny Jeans,SKU: B07HLZTB7G
162,B09LCQZCK8,Men's Slim Jeans,Amazon Brand - Symbol,0,0,0,709,3,2,65,,1,2,https://m.media-amazon.com/images/I/81xrblr1IwL._AC_UL320_.jpg,Jean,Men's Slim Jeans,SKU: B09LCQZCK8
163,B07WK9G18F,Men's Slim Jeans,Allen Solly,0,0,0,"1,583",0,0,43,,1,"₹1,583
₹2,799 Save ₹1,216 (43%)",https://m.media-amazon.com/images/I/61sT3P1473L._UY679_.jpg,Jean,Men's Slim Jeans,SKU: B07WK9G18F
164,B085D7NZ2L,Women's Slim Fit Jeans,Amazon Brand - Inkast Denim Co.,0,0,0,584,4.1,79,71,,1,79,https://m.media-amazon.com/images/I/8198ILrf9DL._AC_UL320_.jpg,Jean,Women's Slim Fit Jeans,SKU: B085D7NZ2L
165,B08QWH1Y2V,Men's Slim Jeans,Levi's,0,0,0,"1,530",3.9,7,55,,0,7,https://m.media-amazon.com/images/I/71MKlXG11NL._UY550_.jpg,Jean,Men's Slim Jeans,SKU: B08QWH1Y2V
166,B07LHFFQQ2,Women's Skinny Fit Jeans,United Colors of Benetton,0,0,0,581,2.9,11,81,,1,11,https://m.media-amazon.com/images/I/81eSTzAMC8L._UX522_.jpg,Jean,Women's Skinny Fit Jeans,SKU: B07LHFFQQ2
167,B082SZ45VM,Men's Slim Jeans,"L,Zard",0,0,0,499,3.7,16,78,,1,16,https://m.media-amazon.com/images/I/41zJCeZRqbL._AC_UL320_.jpg,Jean,Men's Slim Jeans,SKU: B082SZ45VM
168,B09BVVTXHW,Women's Regular Jeans,Levi's,0,0,0,"1,279",3.7,43,36,,0,43,https://m.media-amazon.com/images/I/81zwLPm3V1L._UY550_.jpg,Jean,Women's Regular Jeans,SKU: B09BVVTXHW
169,B09CQGQ8MX,mens Jeans,Allen Solly,0,0,0,"1,022",4,6,43,,1,6,https://m.media-amazon.com/images/I/518q3Yxd0pL._AC_UL320_.jpg,Jean,mens Jeans,SKU: B09CQGQ8MX
170,B01NBOFQGP,Men's Skinny Fit Jeans,HALOGEN,0,0,0,945,3.9,364,74,,1,364,https://m.media-amazon.com/images/I/61ZMrMANV2L._AC_UL320_.jpg,Jean,Men's Skinny Fit Jeans,SKU: B01NBOFQGP
171,B07Z6DXSH1,Women's White Skinny Fit High Rise Clean Look Stretchable Regular Length Denim Jeans,Miss Chase,0,0,0,899,3.7,135,63,,1,135,https://m.media-amazon.com/images/I/71SyYaoK5+L._AC_UL320_.jpg,Jean,Women's White Skinny Fit High Rise Clean Look Stretchable Regular Length Denim Jeans,SKU: B07Z6DXSH1
172,B07B18GFX3,Men's Slim Jeans,Amazon Brand - Symbol,0,0,0,719,3.5,"1,219",58,,1,"1,219",https://m.media-amazon.com/images/I/71vnemyYCOL._AC_UL320_.jpg,Jean,Men's Slim Jeans,SKU: B07B18GFX3
173,B09BVXK37V,Women's Regular Jeans,Levi's,0,0,0,"1,271",4,13,49,,1,13,https://m.media-amazon.com/images/I/814YItz1pvL._AC_UL320_.jpg,Jean,Women's Regular Jeans,SKU: B09BVXK37V
174,B098LJV3KK,"Men's Easies,Skinny Fit,Solid,Jeans",Easies by Killer,0,0,0,974,4,13,70,,1,13,https://m.media-amazon.com/images/I/81BvvqlNtaL._UY550_.jpg,Jean,"Men's Easies,Skinny Fit,Solid,Jeans",SKU: B098LJV3KK
175,B09BVZ3SHN,Men's Slim Jeans,Levi's,0,0,0,"1,455",3.9,355,48,,1,355,https://m.media-amazon.com/images/I/71MKlXG11NL._UY550_.jpg,Jean,Men's Slim Jeans,SKU: B09BVZ3SHN
176,B08C1431VJ,Men's Straight Fit Jeans,Cherokee by Unlimited,0,0,0,539,4,131,40,,1,131,https://m.media-amazon.com/images/I/81U8frcTShL._UY550_.jpg,Jean,Men's Straight Fit Jeans,SKU: B08C1431VJ
177,B085T6X85P,Men Jeans,Jack & Jones,0,0,0,"1,285",3.2,25,63,,1,25,https://m.media-amazon.com/images/I/81S+NNxIb7L._AC_UL320_.jpg,Jean,Men Jeans,SKU: B085T6X85P
178,B07DB5CB92,Men's Regular Fit Denim Jeans(BM-JNS-WHTE),Ben Martin,0,0,0,589,3.7,235,80,,1,235,https://m.media-amazon.com/images/I/61CAZ8XJxgL._AC_UL320_.jpg,Jean,Men's Regular Fit Denim Jeans(BM-JNS-WHTE),SKU: B07DB5CB92
179,B09QL3HGCR,KPC Women's Light Blue Skinny Fitting Regular Length Clean Look Stretchable Denim Jeans for Girls Size 28,Generic,0,0,0,389,0,0,68,,0,"₹389
₹1,199 Save ₹810 (68%)",,Jean,KPC Women's Light Blue Skinny Fitting Regular Length Clean Look Stretchable Denim Jeans for Girls Size 28,SKU: B09QL3HGCR
180,B0979DR1HJ,Men's Regular Jeans,Spykar,0,0,0,"1,174",3.8,19,61,,1,19,https://m.media-amazon.com/images/I/71wZYZ1vBES._AC_UL320_.jpg,Jean,Men's Regular Jeans,SKU: B0979DR1HJ
181,B08G34NLBR,Women's Straight Fit Jeans,AKA CHIC,0,0,0,836,4.1,386,67,,1,386,https://m.media-amazon.com/images/I/81YmvOEyQ8L._AC_UL320_.jpg,Jean,Women's Straight Fit Jeans,SKU: B08G34NLBR
182,B08J3N36N6,Men's Skinny Jeans,Spykar,0,0,0,"1,193",1.8,4,59,,0,4,https://m.media-amazon.com/images/I/71GwwzeYIfL._UY550_.jpg,Jean,Men's Skinny Jeans,SKU: B08J3N36N6
183,B08X374RRC,Women's Skinny Fit Jeans,V-Girl,0,0,0,599,3.8,601,70,,0,601,https://m.media-amazon.com/images/I/616Sc3K8DuL._AC_UL320_.jpg,Jean,Women's Skinny Fit Jeans,SKU: B08X374RRC
184,B08VWXN7GW,Men Jeans Pant Stretch Slim Fit,Men,0,0,0,599,3.3,"1,180",80,,1,0-DEGREE,https://m.media-amazon.com/images/I/71Mf2Yi0kZL._UY550_.jpg,Jean,Men Jeans Pant Stretch Slim Fit,SKU: B08VWXN7GW
185,B09LCSLHMP,Men's Skinny Jeans,Amazon Brand - Symbol,0,0,0,709,4,2,65,,1,2,https://m.media-amazon.com/images/I/81BScnSqJtL._AC_UL320_.jpg,Jean,Men's Skinny Jeans,SKU: B09LCSLHMP
186,B09BZPW8PZ,Mens SMU Jeans Skinny,Integriti,0,0,0,829,3.7,7,68,,1,7,https://m.media-amazon.com/images/I/71jnmYcd-tL._AC_UL320_.jpg,Jean,Mens SMU Jeans Skinny,SKU: B09BZPW8PZ
187,B07SRCPPNS,Men's Slim Fit Jeans,Novarc,0,0,0,575,3.7,380,68,,1,380,https://m.media-amazon.com/images/I/712pHoSq6WL._AC_UL320_.jpg,Jean,Men's Slim Fit Jeans,SKU: B07SRCPPNS
188,B08ZCMPHB7,Men's Slim Jeans,EASYBUY,0,0,0,799,3,2,0,,1,2,https://m.media-amazon.com/images/I/81HYmkpzx0L._UY550_.jpg,Jean,Men's Slim Jeans,SKU: B08ZCMPHB7
189,B078WSG6SG,Women's Denim Stretchable Slim Fit Jeans,NIFTY,0,0,0,799,3.8,849,47,,1,849,https://m.media-amazon.com/images/I/61TkzLFM92L._AC_UL320_.jpg,Jean,Women's Denim Stretchable Slim Fit Jeans,SKU: B078WSG6SG
190,B07W3TDXZM,Women's Slim Jeans,AKA CHIC,0,0,0,709,3.9,232,72,,1,232,https://m.media-amazon.com/images/I/81spDK8u8JL._AC_UL320_.jpg,Jean,Women's Slim Jeans,SKU: B07W3TDXZM
191,B09GM1P3DB,Men's Slim Fit Jeans White,EditLook,0,0,0,499,2.9,4,67,,1,4,https://m.media-amazon.com/images/I/61t-nvaxWoL._AC_UL320_.jpg,Jean,Men's Slim Fit Jeans White,SKU: B09GM1P3DB
192,B07CVL11PT,Men Blue Jeans,Pepe Jeans,0,0,0,"1,249",3.9,860,57,,1,860,https://m.media-amazon.com/images/I/51OknCJzVAL._UX679_.jpg,Jean,Men Blue Jeans,SKU: B07CVL11PT
193,B08X6CH583,Men's Five Pockets Straight Denim Stretch Jeans,RING OF FIRE,0,0,0,"9,953",4.4,46,0,,0,46,https://m.media-amazon.com/images/I/71O0OVwv3cL._AC_UX342_.jpg,Jean,Men's Five Pockets Straight Denim Stretch Jeans,SKU: B08X6CH583
194,B09CDS9H67,Habit Creation Women's High Waist Ankle Length Stretchable Single Button Skinny Fit Denim Jeans,Generic,0,0,0,699,4.1,12,30,,0,12,https://m.media-amazon.com/images/I/31+8q37DVWL._AC_UL320_.jpg,Jean,Habit Creation Women's High Waist Ankle Length Stretchable Single Button Skinny Fit Denim Jeans,SKU: B09CDS9H67
195,B08BR4QP4T,Women's Stylish Slim Fit Denim Jeans,Girls Clubs,0,0,0,719,4.4,16,60,,0,16,https://m.media-amazon.com/images/I/71m7vW+3xLL._AC_UL320_.jpg,Jean,Women's Stylish Slim Fit Denim Jeans,SKU: B08BR4QP4T
196,B094VXLMNC,Men's Carrot Slim Jeans,Cherokee by Unlimited,0,0,0,519,0,0,42,,1,"₹519
₹899 Save ₹380 (42%)",https://m.media-amazon.com/images/I/71XC-VL-9BL._AC_UL320_.jpg,Jean,Men's Carrot Slim Jeans,SKU: B094VXLMNC
197,B07W8MK8H2,Women's Regular Jeans,AKA CHIC,0,0,0,843,4.2,609,65,,1,609,https://m.media-amazon.com/images/I/71EoojSl3CL._AC_UL320_.jpg,Jean,Women's Regular Jeans,SKU: B07W8MK8H2
198,B082MDL46H,Men's Stretch Carrot Stretchable Jeans,Amazon Brand - Inkast Denim Co.,0,0,0,729,3.6,"1,150",70,,1,"1,150",https://m.media-amazon.com/images/I/71T16l3GJnL._UY550_.jpg,Jean,Men's Stretch Carrot Stretchable Jeans,SKU: B082MDL46H
199,B09B4ZKQGZ,Women's Stretch Jeans,AKA CHIC,0,0,0,999,5,1,50,,1,1,https://m.media-amazon.com/images/I/81tD0PorpnL._AC_UL320_.jpg,Jean,Women's Stretch Jeans,SKU: B09B4ZKQGZ
200,B09DD2VYR3,Women's Regular Jeans,VERO MODA,0,0,0,"1,092",4.1,31,67,,1,31,https://m.media-amazon.com/images/I/61Mmatk0F4L._UY550_.jpg,Jean,Women's Regular Jeans,SKU: B09DD2VYR3
201,B07ZVRQKDY,Women's Relaxed Jeans,AKA CHIC,0,0,0,914,3.7,227,66,,1,227,https://m.media-amazon.com/images/I/91BOfaa5IDL._UY550_.jpg,Jean,Women's Relaxed Jeans,SKU: B07ZVRQKDY
202,B09BJXQHQ5,Men's Slim Fit Jeans,Ben Martin,0,0,0,699,3.6,"1,035",77,,1,"1,035",https://m.media-amazon.com/images/I/61KZNB54U3L._AC_UL320_.jpg,Jean,Men's Slim Fit Jeans,SKU: B09BJXQHQ5
203,B08TSW2T91,Men's Slim Jeans,Lee Cooper,0,0,0,"2,277",3,2,24,,1,2,https://m.media-amazon.com/images/I/71zLTS-w8aL._UX425_.jpg,Jean,Men's Slim Jeans,SKU: B08TSW2T91
204,B09BVVXNG6,Women's Regular Jeans,Levi's,0,0,0,"1,331",3.4,23,47,,1,23,https://m.media-amazon.com/images/I/810r6zpvlkS._UY550_.jpg,Jean,Women's Regular Jeans,SKU: B09BVVXNG6
205,B099JK56P1,Men's Chino Regular Jeans,Pepe Jeans,0,0,0,"1,763",1,3,51,,1,3,,Jean,Men's Chino Regular Jeans,SKU: B099JK56P1
206,B07HLXKS4H,Women's Boot Cut Jeans,AKA CHIC,0,0,0,888,4.2,"1,318",66,,1,"1,318",https://m.media-amazon.com/images/I/81UIotxdLPL._AC_UL320_.jpg,Jean,Women's Boot Cut Jeans,SKU: B07HLXKS4H
207,B07RFK5N6M,mens Stretchable Jeans,Amazon Brand - Inkast Denim Co.,0,0,0,729,3.7,66,72,,1,66,https://m.media-amazon.com/images/I/81ZVu9dy4DL._AC_UL320_.jpg,Jean,mens Stretchable Jeans,SKU: B07RFK5N6M
208,B07MV6WHGM,Men's Slim Fit Jeans,"L,Zard",0,0,0,499,3.2,229,78,,1,229,https://m.media-amazon.com/images/I/61PVjUkg4zL._AC_UL320_.jpg,Jean,Men's Slim Fit Jeans,SKU: B07MV6WHGM
209,B07XMRZ4SL,Men's Regular Fit Cargo Pants,Urban Legends,0,0,0,779,3.3,201,74,,1,201,https://m.media-amazon.com/images/I/71xF2BcNKGL._AC_UL320_.jpg,Jean,Men's Regular Fit Cargo Pants,SKU: B07XMRZ4SL
210,B075P2G7ZK,Men's Skinny Jeans,U.S. POLO ASSN.,0,0,0,"2,001",3.8,66,9,,1,66,https://m.media-amazon.com/images/I/71c2ytJQKgL._AC_UL320_.jpg,Jean,Men's Skinny Jeans,SKU: B075P2G7ZK
211,B099JCLLW9,Men's Skinny Jeans,Amazon Brand - Inkast Denim Co.,0,0,0,789,3.9,21,68,,1,21,https://m.media-amazon.com/images/I/81wOxhEf2aL._AC_UL320_.jpg,Jean,Men's Skinny Jeans,SKU: B099JCLLW9
212,B07CW4BNBM,mens Jeans,Pepe Jeans,0,0,0,"1,402",3.7,23,52,,1,23,https://m.media-amazon.com/images/I/51CKXX72-rS._UX522_.jpg,Jean,mens Jeans,SKU: B07CW4BNBM
213,B092DHTRJ2,Men's Slim Jeans,Men's,0,0,0,865,3.9,137,73,,1,LAWMAN PG3,https://m.media-amazon.com/images/I/81vv2xzbhFL._AC_UL320_.jpg,Jean,Men's Slim Jeans,SKU: B092DHTRJ2
214,B09JSJKQ3X,Regular Fit Cargos Jeans Jogger Pack of 1 Color Grey,Generic,0,0,0,345,0,0,31,,0,"₹345
₹499 Save ₹154 (31%)",,Jean,Regular Fit Cargos Jeans Jogger Pack of 1 Color Grey,SKU: B09JSJKQ3X
215,B08S3D485L,Men's Light Blue Slim Fit Heavy Distressed/Torn Jeans,Urbano Fashion,0,0,0,749,3.8,150,58,,1,150,https://m.media-amazon.com/images/I/61bya74GM8L._AC_UL320_.jpg,Jean,Men's Light Blue Slim Fit Heavy Distressed/Torn Jeans,SKU: B08S3D485L
216,B077N4DHS4,Men's Jeans,EditLook,0,0,0,487,3.6,561,68,,1,561,https://m.media-amazon.com/images/I/71YV0wBJ-TL._AC_UL320_.jpg,Jean,Men's Jeans,SKU: B077N4DHS4
217,B082S2G2M1,Men's Ice Blue Slim Fit Denim Jeans Stretchable,Urbano Fashion,0,0,0,649,3.9,176,57,,1,176,https://m.media-amazon.com/images/I/61imyUYM5SL._UX522_.jpg,Jean,Men's Ice Blue Slim Fit Denim Jeans Stretchable,SKU: B082S2G2M1
218,B07N22MG4J,Men's Slim Fit Jeans,Wrangler,0,0,0,973,3.9,10,51,,1,10,https://m.media-amazon.com/images/I/81+lJQ6RIrL._UY550_.jpg,Jean,Men's Slim Fit Jeans,SKU: B07N22MG4J
219,B097MRKJDX,Men's Jogger Regular Jeans,Amazon Brand - Symbol,0,0,0,749,4.2,212,66,,1,212,https://m.media-amazon.com/images/I/81cjnyFcGUL._AC_UL320_.jpg,Jean,Men's Jogger Regular Jeans,SKU: B097MRKJDX
220,B082MFGVH1,Men's Slim Jeans,Amazon Brand - Symbol,0,0,0,509,3.7,522,73,,1,522,https://m.media-amazon.com/images/I/71ZGe8EE0QL._UY550_.jpg,Jean,Men's Slim Jeans,SKU: B082MFGVH1
221,B0989PBDML,Boy's Jogger Relaxed Jeans,Amazon Brand - Jam & Honey,0,0,0,719,3.6,6,64,,1,6,https://m.media-amazon.com/images/I/915DetF-K3L._UY550_.jpg,Jean,Boy's Jogger Relaxed Jeans,SKU: B0989PBDML
222,B07ZVR34C5,Women's Relaxed Jeans,AKA CHIC,0,0,0,812,4,128,70,,1,128,https://m.media-amazon.com/images/I/81TaEzISluL._AC_UL320_.jpg,Jean,Women's Relaxed Jeans,SKU: B07ZVR34C5
223,B09CH45QWT,Mens Relaxed Fit Stretchable Jeans Regular,Amazon Brand - House & Shields,0,0,0,619,4.2,24,66,,1,24,https://m.media-amazon.com/images/I/81NXqMWEGTL._AC_UL320_.jpg,Jean,Mens Relaxed Fit Stretchable Jeans Regular,SKU: B09CH45QWT
224,B07CN4S5J4,Women's Loose Fit Jeans,AKA CHIC,0,0,0,793,3.8,807,60,,1,807,https://m.media-amazon.com/images/I/81kvsWLrYUL._AC_UL320_.jpg,Jean,Women's Loose Fit Jeans,SKU: B07CN4S5J4
225,B09H56HWG1,Kraus Skinny Fit Ankle Length Cotton Blend Womens Jeans (A21KRSCLFA1286-P),Kraus Jeans,0,0,0,"1,526",5,1,10,,1,1,https://m.media-amazon.com/images/I/51eJOPl7YNL._UX522_.jpg,Jean,Kraus Skinny Fit Ankle Length Cotton Blend Womens Jeans (A21KRSCLFA1286-P),SKU: B09H56HWG1
226,B07HZM91TP,Men's Carrot Stretchable Jeans,Amazon Brand - Inkast Denim Co.,0,0,0,789,3.6,261,68,,1,261,https://m.media-amazon.com/images/I/81QcbuXUuXL._AC_UL320_.jpg,Jean,Men's Carrot Stretchable Jeans,SKU: B07HZM91TP
227,B07YF3VJ53,Men's Slim Fit Jeans,Urbano Fashion,0,0,0,789,3.8,297,58,,1,297,https://m.media-amazon.com/images/I/61cNjjtuFML._AC_UL320_.jpg,Jean,Men's Slim Fit Jeans,SKU: B07YF3VJ53
228,B08RWGYTZ3,Blue Cotton Lycra Boyfriend High Rise Women Jeans,KOTTY,0,0,0,749,3,4,75,,1,4,https://m.media-amazon.com/images/I/71yoDUrbfBL._UY550_.jpg,Jean,Blue Cotton Lycra Boyfriend High Rise Women Jeans,SKU: B08RWGYTZ3
229,B07CN9N4RG,Women's High Rise Skinny Jeans,AKA CHIC,0,0,0,685,4.1,"2,657",60,,1,"2,657",https://m.media-amazon.com/images/I/81TF6FCGzKL._AC_UL320_.jpg,Jean,Women's High Rise Skinny Jeans,SKU: B07CN9N4RG
230,B096YBB8HR,Denim Blue Jeans with Belt for Womens | Girls,Selvo,0,0,0,399,2.9,25,75,,1,25,https://m.media-amazon.com/images/I/81Y049K308S._AC_UL320_.jpg,Jean,Denim Blue Jeans with Belt for Womens | Girls,SKU: B096YBB8HR
231,B07CVKZGXJ,Men Grey Jeans,Pepe Jeans,0,0,0,"2,099",4,367,30,,1,367,https://m.media-amazon.com/images/I/81H2J85L89L._UY550_.jpg,Jean,Men Grey Jeans,SKU: B07CVKZGXJ
232,B09BVXN94M,Women's Regular Jeans,Levi's,0,0,0,"1,383",3.9,38,45,,1,38,https://m.media-amazon.com/images/I/71X5StYCf3L._AC_UL320_.jpg,Jean,Women's Regular Jeans,SKU: B09BVXN94M
233,B07DFPTDM2,Men's Slim Fit Jeans,Urbano Fashion,0,0,0,689,3.7,553,51,,1,553,https://m.media-amazon.com/images/I/61dL-tqEQaL._AC_UL320_.jpg,Jean,Men's Slim Fit Jeans,SKU: B07DFPTDM2
234,B085J9M1XX,Women's Slim Jeans,Amazon Brand - Symbol,0,0,0,793,3.5,105,60,,1,105,https://m.media-amazon.com/images/I/71JBrvv3IeL._UY550_.jpg,Jean,Women's Slim Jeans,SKU: B085J9M1XX
235,B08VSBSGB8,Men's Slim Fit Washed Jeans Stretchable,Urbano Fashion,0,0,0,749,3.4,48,53,,1,48,https://m.media-amazon.com/images/I/61nvFVa1fFL._AC_UL320_.jpg,Jean,Men's Slim Fit Washed Jeans Stretchable,SKU: B08VSBSGB8
236,B09CVYNQH8,Men's Skinny Jeans,Spykar,0,0,0,"1,084",2.7,6,63,,1,6,https://m.media-amazon.com/images/I/51Vlzzh6pqL._UY550_.jpg,Jean,Men's Skinny Jeans,SKU: B09CVYNQH8
237,B07VZWVRJ7,Men's Skinny Jeans,United Colors of Benetton,0,0,0,"1,185",4.2,17,58,,1,17,https://m.media-amazon.com/images/I/81w2rcQLNvL._UX522_.jpg,Jean,Men's Skinny Jeans,SKU: B07VZWVRJ7
238,B099JMSDYG,Men's Carrot Fit Jeans,Amazon Brand - Inkast Denim Co.,0,0,0,799,0,0,73,,1,"₹799
₹2,999 Save ₹2,200 (73%)",https://m.media-amazon.com/images/I/81KCwQc33hL._UY550_.jpg,Jean,Men's Carrot Fit Jeans,SKU: B099JMSDYG
239,B08PQ4V51W,Boys Cotton and Spandex Animal Printed Jeans in Aqua Color,Hopscotch,0,0,0,779,3.6,19,0,,1,19,https://m.media-amazon.com/images/I/614faxBWpsL._UX522_.jpg,Jean,Boys Cotton and Spandex Animal Printed Jeans in Aqua Color,SKU: B08PQ4V51W
240,B07HLZ6MPH,Women's Relaxed Jeans,AKA CHIC,0,0,0,757,3.9,214,66,,1,214,https://m.media-amazon.com/images/I/91S6UeN5e6L._AC_UL320_.jpg,Jean,Women's Relaxed Jeans,SKU: B07HLZ6MPH
241,B0989NP9RR,girls Jeans,Amazon Brand - Jam & Honey,0,0,0,563,0,0,69,,1,"₹563
₹1,799 Save ₹1,236 (69%)",https://m.media-amazon.com/images/I/91kRivFLMQL._UY550_.jpg,Jean,girls Jeans,SKU: B0989NP9RR
242,B07XQJC1BL,Men's Slim Apparel,Neostreak,0,0,0,413,3.7,50,81,,0,50,https://m.media-amazon.com/images/I/81Il88AgtVL._AC_UL320_.jpg,Jean,Men's Slim Apparel,SKU: B07XQJC1BL
243,B08BR76SH7,Women's Stylish Slim Fit Denim Jeans,Girls Clubs,0,0,0,674,5,1,60,,0,1,https://m.media-amazon.com/images/I/61kGtnJDoKL._AC_UL320_.jpg,Jean,Women's Stylish Slim Fit Denim Jeans,SKU: B08BR76SH7
244,B099PQ9FXK,Girl's Carrot Slim Jeans,Blink Street,0,0,0,579,4,3,64,,1,3,,Jean,Girl's Carrot Slim Jeans,SKU: B099PQ9FXK
245,B077N5NW81,Men's Slim Knee Cut/Distressed Black Jeans,EditLook,0,0,0,487,3.4,168,68,,1,168,https://m.media-amazon.com/images/I/51NTO1DvzcL._AC_UL320_.jpg,Jean,Men's Slim Knee Cut/Distressed Black Jeans,SKU: B077N5NW81
246,B06XSNPTBR,Men's White Slim Fit Stretch Jeans,Urbano Fashion,0,0,0,739,3.6,329,51,,1,329,https://m.media-amazon.com/images/I/61V9GyGKkUL._AC_UL320_.jpg,Jean,Men's White Slim Fit Stretch Jeans,SKU: B06XSNPTBR
247,B082QCGFB5,Women's Skinny Fit Jeans,Levi's,0,0,0,"1,188",4,4,64,,1,4,https://m.media-amazon.com/images/I/71kk1JbNV7L._UY550_.jpg,Jean,Women's Skinny Fit Jeans,SKU: B082QCGFB5
248,B09MLTXPKL,Black High Waist Denim Jeans for Women,O'MINE,0,0,0,449,3.9,7,65,,0,7,https://m.media-amazon.com/images/I/611WYTmYVHL._AC_UL320_.jpg,Jean,Black High Waist Denim Jeans for Women,SKU: B09MLTXPKL
249,B07ZZ5B2J8,Men's Skinny Jeans,Spykar,0,0,0,"1,179",3.8,137,58,,1,137,https://m.media-amazon.com/images/I/71MfK5rT2sL._UY550_.jpg,Jean,Men's Skinny Jeans,SKU: B07ZZ5B2J8
250,B0989WTGDW,boys Jeans,Amazon Brand - Jam & Honey,0,0,0,719,4.2,11,64,,1,11,https://m.media-amazon.com/images/I/91N5w9Zjx9L._UY550_.jpg,Jean,boys Jeans,SKU: B0989WTGDW
251,B07QS21LF6,Women's & Girls' Regular Fit Jeans,ZXN Clothing,0,0,0,495,3.8,"3,153",71,,0,"3,153",https://m.media-amazon.com/images/I/61ULOrRCEUL._AC_UL320_.jpg,Jean,Women's & Girls' Regular Fit Jeans,SKU: B07QS21LF6
252,B0838358RS,Women's Relaxed Fit Jeans,Pepe Jeans,0,0,0,913,3.6,13,54,,1,13,https://m.media-amazon.com/images/I/81TJh4t9vbL._UX522_.jpg,Jean,Women's Relaxed Fit Jeans,SKU: B0838358RS
253,B08KH78HVD,ALEXANDER JEANS by ROHIT BALDark Blue Denim Jeans with Cross on one side,ROHIT BAL,0,0,0,"6,644",5,1,30,,1,1,https://m.media-amazon.com/images/I/815mwslOm4L._UY550_.jpg,Jean,ALEXANDER JEANS by ROHIT BALDark Blue Denim Jeans with Cross on one side,SKU: B08KH78HVD
254,B08LKKWY7N,Women's Light Blue Wide-Leg Mid Rise Clean Look Regular Length Blast Effect Denim Jeans,Dolce Crudo,0,0,0,986,4.7,8,59,,1,8,https://m.media-amazon.com/images/I/81UyGR9J4GL._AC_UL320_.jpg,Jean,Women's Light Blue Wide-Leg Mid Rise Clean Look Regular Length Blast Effect Denim Jeans,SKU: B08LKKWY7N
255,B09MSDWFV1,by Shoppers Solid Denim Regular Fit Boys Jeans (A21710BJNS011-P),STOP,0,0,0,629,0,0,30,,1,"₹629
₹899 Save ₹270 (30%)",https://m.media-amazon.com/images/I/51S0PG3PmIL._AC_UL320_.jpg,Jean,by Shoppers Solid Denim Regular Fit Boys Jeans (A21710BJNS011-P),SKU: B09MSDWFV1
256,B07MB1YJHY,Women's Slim Fit Jeans,Lee Cooper,0,0,0,898,3.6,9,61,,1,9,https://m.media-amazon.com/images/I/81rfQG+AESL._UY550_.jpg,Jean,Women's Slim Fit Jeans,SKU: B07MB1YJHY
257,B07VB9R1WL,Men's Slim Fit Jeans,Urbano Fashion,0,0,0,699,3.5,718,56,,1,718,https://m.media-amazon.com/images/I/41s4My+nEDL._AC_UL320_.jpg,Jean,Men's Slim Fit Jeans,SKU: B07VB9R1WL
258,B09NBTFFKY,Men's Skinny Jeans,Red Tape,0,0,0,"1,300",0,0,72,,1,"₹1,300
₹4,599 Save ₹3,299 (72%)",https://m.media-amazon.com/images/I/61bOSSh1W+L._AC_UL320_.jpg,Jean,Men's Skinny Jeans,SKU: B09NBTFFKY
259,B08MC7WFP4,Boy's Dark Blue Slim Fit Washed Denim Jeans Stretch,Urbano Juniors,0,0,0,549,3.9,166,54,,1,166,https://m.media-amazon.com/images/I/61lKCVJZF8L._AC_UL320_.jpg,Jean,Boy's Dark Blue Slim Fit Washed Denim Jeans Stretch,SKU: B08MC7WFP4
260,B07CGYZQJH,Men's Skinny Jeans,Diverse,0,0,0,587,3.6,70,77,,1,70,https://m.media-amazon.com/images/I/81yWDOh5QDL._AC_UL320_.jpg,Jean,Men's Skinny Jeans,SKU: B07CGYZQJH
261,B08QDTJ1FS,Boy's Regular Jeans,Blink Street,0,0,0,479,4.1,260,63,,0,260,https://m.media-amazon.com/images/I/8149Ew2vmbL._UY550_.jpg,Jean,Boy's Regular Jeans,SKU: B08QDTJ1FS
262,B09CH3WLQ8,Mens Stretchable Jogger Jeans,Amazon Brand - House & Shields,0,0,0,649,3.8,49,68,,1,49,https://m.media-amazon.com/images/I/71IhhpEAo9L._UY550_.jpg,Jean,Mens Stretchable Jogger Jeans,SKU: B09CH3WLQ8
263,B09DG5X87M,"Men Premium Cotton Blend, Light Weight, Stretchable Jeans | Best Fit for Everyone",COBB,0,0,0,499,3.7,46,82,,1,46,https://m.media-amazon.com/images/I/71mSYPGCaXL._AC_UL320_.jpg,Jean,"Men Premium Cotton Blend, Light Weight, Stretchable Jeans | Best Fit for Everyone",SKU: B09DG5X87M
264,B07Q9RSWX6,Men's Relaxed Fit Jeans,Diverse,0,0,0,468,3.7,910,69,,0,910,https://m.media-amazon.com/images/I/61S4Pv2ddKL._AC_UL320_.jpg,Jean,Men's Relaxed Fit Jeans,SKU: B07Q9RSWX6
265,B09BVY3RFD,Women's Regular Jeans,Levi's,0,0,0,"1,190",0,0,52,,1,"₹1,190
₹2,499 Save ₹1,309 (52%)",https://m.media-amazon.com/images/I/81S7Hatcs-L._AC_UL320_.jpg,Jean,Women's Regular Jeans,SKU: B09BVY3RFD
266,B076373D59,Men's Relaxed Fit Jeans,Ben Martin,0,0,0,649,3.7,263,74,,1,263,https://m.media-amazon.com/images/I/714EXTMcpuL._AC_UL320_.jpg,Jean,Men's Relaxed Fit Jeans,SKU: B076373D59
267,B09BVWVV5F,Women's Regular Jeans,Levi's,0,0,0,"1,099",3.8,24,45,,1,24,https://m.media-amazon.com/images/I/71sIeBXKGxL._AC_UL320_.jpg,Jean,Women's Regular Jeans,SKU: B09BVWVV5F
268,B07Y21XMPT,Women's Loose Fit Jeans,FUNDAY FASHION,0,0,0,299,3.7,111,79,,0,111,https://m.media-amazon.com/images/I/81vWJuyPCzL._AC_UL320_.jpg,Jean,Women's Loose Fit Jeans,SKU: B07Y21XMPT
269,B07VGGJWCH,Men's Slim Jeans,Deniklo,0,0,0,748,4,222,71,,1,222,https://m.media-amazon.com/images/I/81KZLyAhoeL._AC_UL320_.jpg,Jean,Men's Slim Jeans,SKU: B07VGGJWCH
270,B09JSJY25N,Slim Fit Jeans for Men,DAIS,0,0,0,465,3,6,64,,0,6,https://m.media-amazon.com/images/I/51UZCdNvDjL._UX522_.jpg,Jean,Slim Fit Jeans for Men,SKU: B09JSJY25N
271,B092DLPC35,Kids Girls Jeans Jogger Slim Fit Blue Pack of 2,KIFAYATI BAZAR,0,0,0,487,3.2,251,59,,0,251,https://m.media-amazon.com/images/I/41zeoC9A6jL._AC_UL320_.jpg,Jean,Kids Girls Jeans Jogger Slim Fit Blue Pack of 2,SKU: B092DLPC35
272,B07CC7CJSS,Men's (Rodeo) Comfort Fit Regular Leg Jeans,Lee,0,0,0,"1,218",3.7,41,59,,1,41,https://m.media-amazon.com/images/I/8127TduoUTL._UY550_.jpg,Jean,Men's (Rodeo) Comfort Fit Regular Leg Jeans,SKU: B07CC7CJSS
273,B0859JDKW3,Men's Skinny Jeans,Spykar,0,0,0,"1,009",4.4,14,58,,1,14,https://m.media-amazon.com/images/I/51Vlzzh6pqL._UY550_.jpg,Jean,Men's Skinny Jeans,SKU: B0859JDKW3
274,B085D7VQQH,Women's Skinny Jeans,Amazon Brand - Inkast Denim Co.,0,0,0,681,3.8,160,66,,1,160,https://m.media-amazon.com/images/I/81gtpJiZmHL._AC_UL320_.jpg,Jean,Women's Skinny Jeans,SKU: B085D7VQQH
275,B09H6SRH2N,Men's Skinny Jeans,Red Tape,0,0,0,"1,193",3.4,3,74,,1,3,https://m.media-amazon.com/images/I/718YWtVjqxL._UY550_.jpg,Jean,Men's Skinny Jeans,SKU: B09H6SRH2N
276,B09LM8792X,Men's Slim Jeans,Amazon Brand - Symbol,0,0,0,699,3.4,14,65,,1,14,https://m.media-amazon.com/images/I/71ZGe8EE0QL._UY550_.jpg,Jean,Men's Slim Jeans,SKU: B09LM8792X
277,B098K72XSN,Boy's Regular Jeans,U.S. Polo Assn. Kids,0,0,0,899,4.3,28,44,,1,28,https://m.media-amazon.com/images/I/91jY03uYniL._UY550_.jpg,Jean,Boy's Regular Jeans,SKU: B098K72XSN
278,B07587NX3X,Men Jeans,Diverse,0,0,0,511,3.8,464,80,,1,464,https://m.media-amazon.com/images/I/81r+aNWSP-L._AC_UL320_.jpg,Jean,Men Jeans,SKU: B07587NX3X
279,B01C2DG5HE,Men's Relaxed Fit Stretchable Jeans (Made in India),Dragaon,0,0,0,"1,395",4.1,160,60,,1,160,,Jean,Men's Relaxed Fit Stretchable Jeans (Made in India),SKU: B01C2DG5HE
280,B08444K4H1,Men's Skinny Fit Jeans,Tommy Hilfiger,0,0,0,"2,811",3.6,22,53,,1,22,,Jean,Men's Skinny Fit Jeans,SKU: B08444K4H1
281,B09B4XZXGG,Women's Harem Relaxed Jeans,AKA CHIC,0,0,0,859,3.7,14,57,,1,14,https://m.media-amazon.com/images/I/71dno07kzQL._UY550_.jpg,Jean,Women's Harem Relaxed Jeans,SKU: B09B4XZXGG
282,B08VDVNBPL,High Waist Bootcut Denim Jeans for Women & Girls,FREAKINS,0,0,0,"1,499",4.1,32,17,,0,32,https://m.media-amazon.com/images/I/612AtdZRtZL._UY679_.jpg,Jean,High Waist Bootcut Denim Jeans for Women & Girls,SKU: B08VDVNBPL
283,B096W4JVG5,Men's Slim Fit Jeans,Integriti,0,0,0,912,3.6,25,70,,1,25,https://m.media-amazon.com/images/I/81i3APIm-CS._AC_UL320_.jpg,Jean,Men's Slim Fit Jeans,SKU: B096W4JVG5
284,B07LBZY2GQ,Men's Jeans,United Colors of Benetton,0,0,0,"1,386",3.7,19,63,,1,19,https://m.media-amazon.com/images/I/81N9W4BFgFL._UX522_.jpg,Jean,Men's Jeans,SKU: B07LBZY2GQ
285,B0854RQRT2,Girl's Slim Jeans,Blink Street,0,0,0,514,4.1,35,57,,1,35,https://m.media-amazon.com/images/I/A1w100LKi4L._AC_UL320_.jpg,Jean,Girl's Slim Jeans,SKU: B0854RQRT2
286,B07P876PG1,Women's Skinny Fit Slim Jeans,Miss Olive,0,0,0,693,3.8,769,65,,1,769,https://m.media-amazon.com/images/I/819NumwckqL._AC_UL320_.jpg,Jean,Women's Skinny Fit Slim Jeans,SKU: B07P876PG1
287,B09CH2P4D7,Men's Slim Stretchable Jeans,Amazon Brand - Symbol,0,0,0,619,3.9,159,64,,1,159,https://m.media-amazon.com/images/I/81bERsbkGnL._AC_UL320_.jpg,Jean,Men's Slim Stretchable Jeans,SKU: B09CH2P4D7
288,B07TM5XCZZ,Men's Slim Jeans,U.S. POLO ASSN.,0,0,0,0,3.9,33,0,,0,33,https://m.media-amazon.com/images/I/81rp2f0Cc+L._AC_UL320_.jpg,Jean,Men's Slim Jeans,SKU: B07TM5XCZZ
289,B08YK3B2HY,Women's Skinny Highwaist Jeans,Broadstar,0,0,0,699,3.6,55,65,,1,55,https://m.media-amazon.com/images/I/31xeKLxfU7L._AC_UL320_.jpg,Jean,Women's Skinny Highwaist Jeans,SKU: B08YK3B2HY
290,B08GSHT3S6,Men Grey Jeans Skinny,Red Tape,0,0,0,"1,049",3.7,259,76,,1,259,,Jean,Men Grey Jeans Skinny,SKU: B08GSHT3S6
291,B078W6499P,Women's Skinny Fit Jeans,Levi's,0,0,0,999,3.9,151,50,,1,151,,Jean,Women's Skinny Fit Jeans,SKU: B078W6499P
292,B08XQV6XS4,Men's Boyfriend Regular Jeans,Lee Cooper,0,0,0,"1,000",0,0,50,,1,"₹1,000
₹1,999 Save ₹999 (50%)",https://m.media-amazon.com/images/I/81Y6dTrdqpL._AC_UL320_.jpg,Jean,Men's Boyfriend Regular Jeans,SKU: B08XQV6XS4
293,B0989PXY4N,Boy's Jogger Relaxed Jeans,Amazon Brand - Symbol,0,0,0,737,4.2,48,63,,1,48,https://m.media-amazon.com/images/I/81EBW+lbwJL._AC_UL320_.jpg,Jean,Boy's Jogger Relaxed Jeans,SKU: B0989PXY4N
294,B07Q46T55Z,Men's MTRO-02AH-AS-29 Slim Jeans,Spykar,0,0,0,"1,450",3.7,3,50,,1,3,https://m.media-amazon.com/images/I/81CfOxVq5JL._AC_UL320_.jpg,Jean,Men's MTRO-02AH-AS-29 Slim Jeans,SKU: B07Q46T55Z
295,B07B3GKVTB,Women's Slim Fit Stretchable Denim Jeans,PANTOFF,0,0,0,499,3.8,"1,311",67,,1,"1,311",https://m.media-amazon.com/images/I/517L0fEp40L._AC_UL320_.jpg,Jean,Women's Slim Fit Stretchable Denim Jeans,SKU: B07B3GKVTB
296,B09K78RGWV,Men's Slim Jeans,Hubberholme,0,0,0,695,3.8,24,59,,1,24,https://m.media-amazon.com/images/I/61ejywldvaL._AC_UL320_.jpg,Jean,Men's Slim Jeans,SKU: B09K78RGWV
297,B092DJRLDN,Men's Skinny Jeans (P-Law JN OBF188_Black_34),Men's,0,0,0,914,0,0,68,,1,LAWMAN PG3,https://m.media-amazon.com/images/I/71NyoKu1fIL._AC_UL320_.jpg,Jean,Men's Skinny Jeans (P-Law JN OBF188_Black_34),SKU: B092DJRLDN
298,B09BVZ24WH,Women's Regular Jeans,Levi's,0,0,0,"1,150",5,1,54,,1,1,https://m.media-amazon.com/images/I/61hv8-s0E8L._AC_UL320_.jpg,Jean,Women's Regular Jeans,SKU: B09BVZ24WH
299,B08DPW2SD4,"Skinny Men Black Jeans Size 28 | Soft Denim Narrow Fit Relaxed Jeans | Comfortable Regular Fit Jeans, Denim Fabric Jeans for Casual & Office Wear",Hill Turner,0,0,0,499,4.1,5,80,,1,5,https://m.media-amazon.com/images/I/61BVNBth33L._UX522_.jpg,Jean,"Skinny Men Black Jeans Size 28 | Soft Denim Narrow Fit Relaxed Jeans | Comfortable Regular Fit Jeans, Denim Fabric Jeans for Casual & Office Wear",SKU: B08DPW2SD4
300,B0893R7FJX,Men's Skinny Jeans,Red Tape,0,0,0,"1,079",3.7,723,75,,1,723,https://m.media-amazon.com/images/I/71ezrZQ7MGL._UX679_.jpg,Jean,Men's Skinny Jeans,SKU: B0893R7FJX
301,B07N22D1Z4,Men's Slim Fit Jeans,Wrangler,0,0,0,"1,175",3.2,28,58,,1,28,https://m.media-amazon.com/images/I/81+lJQ6RIrL._AC_UL320_.jpg,Jean,Men's Slim Fit Jeans,SKU: B07N22D1Z4
302,B077GS2SXF,Men Jeans,Urbano Fashion,0,0,0,725,3.9,227,52,,1,227,https://m.media-amazon.com/images/I/71j2MP7jlWL._UX522_.jpg,Jean,Men Jeans,SKU: B077GS2SXF
303,B08G314XZR,Women Jeans,AKA CHIC,0,0,0,733,4.2,40,74,,1,40,https://m.media-amazon.com/images/I/81hDA+7b1LL._AC_UL320_.jpg,Jean,Women Jeans,SKU: B08G314XZR
304,B07842CF1P,Men's Regular Fit Knee Distressed Jeans,EditLook,0,0,0,487,3.4,383,68,,1,383,https://m.media-amazon.com/images/I/41kHo9i+4oL._AC_UL320_.jpg,Jean,Men's Regular Fit Knee Distressed Jeans,SKU: B07842CF1P
305,B07P8D1V8H,DJ&C by FBB Women's Slim Fit Jeans,DJ & C,0,0,0,299,3.7,55,50,,0,55,https://m.media-amazon.com/images/I/31lEUGJVB9L._UX425_.jpg,Jean,DJ&C by FBB Women's Slim Fit Jeans,SKU: B07P8D1V8H
