,Unnamed: 0,asin,title,brand,Sponsored,Best Seller,Amazon's Choice,Price,Rating,NoofRatings,Discount,Delivery,Prime Delivery,base,image url
0,0,B09QKYR129,UP Men's Denim Blend Solid Slim Jeans for Men,UP Online Store,1,0,0,749,4.6,7,53,,1,7,https://m.media-amazon.com/images/I/61UZ+QwpH6S._AC_UL320_.jpg
1,1,B07RFK3Y2S,Men's Stretch Carrot Stretchable Jeans,Amazon Brand - Inkast Denim Co.,1,0,0,699,3.6,"1,154",72,,1,"1,154",https://m.media-amazon.com/images/I/81iWmTkWAbL._AC_UL320_.jpg
2,2,B08KGYH2FP,Men's Blue Relaxed Fit Jeans,STUDIO NEXX,1,0,0,479,3.6,110,72,,1,110,https://m.media-amazon.com/images/I/81TuGkDoP9L._AC_UL320_.jpg
3,3,B08KH32NYS,Men's Blue Relaxed Fit Jeans,STUDIO NEXX,1,0,0,599,3.8,82,65,,1,82,
4,4,B019XSHDL8,Men's Relaxed Jeans,Ben Martin,0,1,0,698,3.8,"2,783",72,,1,"2,783",https://m.media-amazon.com/images/I/616xchp1ECL._AC_UL320_.jpg
5,5,B07FYG1Z88,Men's Relaxed Jeans,Diverse,0,0,0,551,3.7,"4,053",72,,1,"4,053",
6,6,B085J7164M,Men's Relaxed Jeans,Amazon Brand - Symbol,0,0,0,689,3.8,"1,149",64,,1,"1,149",https://m.media-amazon.com/images/I/81ASupqCFBL._AC_UL320_.jpg
7,7,B08D9T6K5M,Men's Slim Fit Jeans,Urbano Fashion,0,0,0,0,3.6,"1,441",0,,0,"1,441",https://m.media-amazon.com/images/I/71m0W58-zQL._AC_UL320_.jpg
8,8,B07CWTXW97,Men's Slim Fit Denim Jeans,Ben Martin,0,0,0,698,3.6,"2,272",72,,1,"2,272",
9,9,B07MXMTW2Z,Men Striped Denim Jeans,Campus Sutra,0,0,0,899,3.5,"1,789",55,,1,"1,789",https://m.media-amazon.com/images/I/61ZGXTSfA3L._AC_UL320_.jpg
10,10,B08XMPF5C1,by Shoppers Solid Cotton Rich Regular Fit Boys Jeans (S21710BJNS-P),STOP,0,1,0,210,3.9,126,70,,0,126,https://m.media-amazon.com/images/I/51iQbJ5dOaL._AC_UL320_.jpg
11,11,B0758JYPHF,Men's Relaxed Jeans,Diverse,0,0,0,509,3.5,"2,204",66,,1,"2,204",
12,12,B07L6Z52YW,Men's Slim Fit Stretchable Jeans,Neostreak,0,0,0,550,3.7,"2,808",66,,1,"2,808",
13,13,B094P1JH99,Joggers for Women Stylish,DNEXT,0,0,0,299,3.3,202,81,,1,202,https://m.media-amazon.com/images/I/41qSlQWBogS._AC_UL320_.jpg
14,14,B09F6LRB58,Men's Skinny Jeans,Spykar,0,0,0,"1,142",4.2,9,62,,1,9,
15,15,B085J7FQC3,Men's Slim Fit Jeans,Amazon Brand - Symbol,0,0,0,599,3.8,"1,167",74,,1,"1,167",
16,16,B07DFPCD93,Men's Slim Fit Black Stretch Jeans,Urbano Fashion,0,0,0,649,3.7,"3,685",50,,1,"3,685",https://m.media-amazon.com/images/I/611hFiiUv4L._AC_UL320_.jpg
17,17,B06XJ9J4KT,Women's Jeans,NIFTY,0,1,0,499,3.9,"4,495",62,,1,"4,495",https://m.media-amazon.com/images/I/61e5EIR-LhL._AC_UL320_.jpg
18,18,B07HZN78T8,Men's Slim Stretchable Jeans,Amazon Brand - Inkast Denim Co.,0,0,0,769,3.6,239,73,,1,239,https://m.media-amazon.com/images/I/91qT9DFAVwL._AC_UL320_.jpg
19,19,B09F6L3W6N,Men's Skinny Jeans,Spykar,0,0,0,"1,151",3.5,17,62,,1,17,
20,20,B07Q9RSWX6,Men's Relaxed Fit Jeans,Diverse,1,0,0,466,3.7,914,69,,0,914,https://m.media-amazon.com/images/I/61S4Pv2ddKL._AC_UL320_.jpg
21,21,B07VGGJWCH,Men's Slim Jeans,Deniklo,1,0,0,754,4.0,224,71,,1,224,https://m.media-amazon.com/images/I/81lMieV8qwL._AC_UL320_.jpg
22,22,B07GZWCHFY,Men's Skinny Jeans,Diverse,1,0,0,613,3.5,560,75,,0,560,
23,23,B0767KLWYG,Men's Slim Jeans,Diverse,1,0,0,619,3.7,"3,307",69,,1,"3,307",https://m.media-amazon.com/images/I/31EpESl1n6L._AC_UL320_.jpg
24,24,B085J7BK52,Men's Skinny Jeans,Amazon Brand - Symbol,0,0,0,629,3.8,672,63,,1,672,
25,25,B08NTDTWDS,Women's High Rise Jeans,KOTTY,0,0,0,639,3.8,560,68,,1,560,https://m.media-amazon.com/images/I/313389wmFrL._AC_UL320_.jpg
26,26,B07DMZ9J72,Men's Slim Fit Denim,Ben Martin,0,0,0,698,3.6,"3,305",77,,1,"3,305",https://m.media-amazon.com/images/I/61Don-d8JfL._AC_UL320_.jpg
27,27,B07HLZ6K4K,Women's Straight Jeans,AKA CHIC,0,0,0,885,4.1,530,62,,1,530,https://m.media-amazon.com/images/I/81mRWoU5jxL._AC_UL320_.jpg
28,28,B09LLHDX59,Men's Regular Jeans,Peter England,0,0,0,"1,073",5.0,1,40,,1,1,
29,29,B08Y71XRZH,Men's Slim Jeans,Jack & Jones,0,0,0,"1,155",4.0,1,65,,1,1,
30,30,B0979B7665,Men's Slim Jeans,Spykar,0,0,0,"1,276",3.4,9,60,,1,9,https://m.media-amazon.com/images/I/71mJUR+XRJS._AC_UL320_.jpg
31,31,B09BVW2LNQ,Men's Slim Jeans,Levi's,0,0,0,"1,439",4.1,317,45,,1,317,https://m.media-amazon.com/images/I/81i9p9Vh7dL._AC_UL320_.jpg
32,32,B07HZR4V3G,Men's Stretch Slim Stretchable Jeans,Amazon Brand - Inkast Denim Co.,0,0,0,769,3.7,463,73,,1,463,
33,33,B09F655D8M,Men's Slim Jeans,Allen Solly,0,0,0,"1,034",4.2,21,46,,1,21,
34,34,B08C8F9XHL,Men's Straight Jeans,Cherokee by Unlimited,0,0,0,539,3.9,88,40,,1,88,
35,35,B07W48KVMV,Women's Regular Jeans,AKA CHIC,0,0,0,839,4.2,632,65,,1,632,https://m.media-amazon.com/images/I/7108v-3qxLL._AC_UL320_.jpg
36,36,B07HZCC8T7,Men's Slim Stretchable Jeans,Amazon Brand - Inkast Denim Co.,0,0,0,669,3.7,"1,360",79,,1,"1,360",https://m.media-amazon.com/images/I/81aBuBf206L._AC_UL320_.jpg
37,37,B079HXQ6VN,Men's Stretch Carrot Fit Jeans,Amazon Brand - Symbol,0,0,0,599,3.8,441,71,,1,441,
38,38,B08G2TG8XQ,Women's Skinny Jeans,AKA CHIC,0,0,0,786,3.7,53,66,,1,53,https://m.media-amazon.com/images/I/81AyWqCO+AL._AC_UL320_.jpg
39,39,B07XY5S4V1,Men's Skinny Jeans,Diverse,0,0,0,502,3.4,18,75,,1,18,
40,40,B09LCT6683,Men's Slim Jeans,Amazon Brand - Symbol,0,0,0,699,2.6,14,65,,1,14,
41,41,B06Y6MHSVR,Men's Relaxed Fit Jeans,Ben Martin,0,0,0,649,3.6,"3,930",74,,1,"3,930",https://m.media-amazon.com/images/I/61TwfPRLhrL._AC_UL320_.jpg
42,42,B07QBJ7BVW,Men's Slim Fit Stretchable Jeans,Neostreak,0,0,0,549,3.8,"3,232",66,,1,"3,232",https://m.media-amazon.com/images/I/81rcMJm4kFL._AC_UL320_.jpg
43,43,B07QGPJ5JL,Men's Slim Fit Stretchable Jeans,Neostreak,0,0,0,549,3.9,"1,955",66,,1,"1,955",
44,44,B09MV2XPQ3,Stylish Fashionable Women High Waist Regular wear Denim Jeans - Black,HOVAC,0,0,0,499,3.9,64,75,,1,64,https://m.media-amazon.com/images/I/31FeW4DRcoL._AC_UL320_.jpg
45,45,B07CN1HKD5,Women's Skinny Fit Jeans,AKA CHIC,0,0,0,716,3.9,"4,825",62,,1,"4,825",https://m.media-amazon.com/images/I/71AgFdgRD2L._AC_UL320_.jpg
46,46,B08L2636YZ,Women's Loose Fit Jeans,KOTTY,0,0,0,639,3.8,473,68,,1,473,https://m.media-amazon.com/images/I/31Y4oZCtpUL._AC_UL320_.jpg
47,47,B091734BWL,Womens High Rise Cotton Lycra Jeans,KOTTY,0,0,0,674,4.1,106,66,,1,106,https://m.media-amazon.com/images/I/71Do2+EZeiL._AC_UL320_.jpg
48,48,B07VFK3N3V,Men's Slim Fit Jeans,Urbano Fashion,0,0,0,699,3.7,322,53,,1,322,https://m.media-amazon.com/images/I/719J1S+gi-L._AC_UL320_.jpg
49,49,B0839JYY7C,Men's Skinny Jeans,Amazon Brand - House & Shields,0,0,0,669,3.6,153,74,,1,153,
50,50,B07C3RDTFL,Mens Slim Fit Jeans,Wrangler,0,0,0,"1,038",3.9,26,60,,1,26,https://m.media-amazon.com/images/I/81i9p9Vh7dL._AC_UL320_.jpg
51,51,B098L97BWD,Men's Regular Fit Jeans,Ben Martin,0,0,0,499,3.5,105,83,,1,105,https://m.media-amazon.com/images/I/61QEJwzNtXS._AC_UL320_.jpg
52,52,B07V4817V6,Women's Black Skinny Fringed Detailing High Rise Clean Look Solid Cropped Stretchable Denim Jeans,Miss Chase,0,0,0,849,3.8,542,63,,1,542,https://m.media-amazon.com/images/I/71XNJ5pXWVL._AC_UL320_.jpg
53,53,B07RJQ2RY2,Men Stretchable Jeans,Amazon Brand - Inkast Denim Co.,0,0,0,809,3.8,336,68,,1,336,https://m.media-amazon.com/images/I/71ppM5KQ5rL._AC_UL320_.jpg
54,54,B07HMB6GDQ,Women's Regular Jeans,AKA CHIC,0,0,0,852,4.1,309,67,,1,309,https://m.media-amazon.com/images/I/81UIotxdLPL._AC_UL320_.jpg
55,55,B085FS8ZLL,Men Cut and Sew Denim Jeans,Campus Sutra,0,0,0,719,3.3,"1,282",58,,1,"1,282",https://m.media-amazon.com/images/I/51PAjY776nL._AC_UL320_.jpg
56,56,B085J74QL5,Men's Slim Fit Jeans,Amazon Brand - Symbol,1,0,0,689,3.8,"1,167",57,,1,"1,167",
57,57,B07MQ8P7TL,Men's Slim Fit Stretchable Jeans,Neostreak,1,0,0,639,3.7,684,71,,1,684,https://m.media-amazon.com/images/I/81-2aGyS-hL._AC_UL320_.jpg
58,58,B09CH285RK,Mens Skinny Fit Stretchable Jeans,Amazon Brand - House & Shields,1,0,0,579,4.1,7,68,,1,7,https://m.media-amazon.com/images/I/71fVJVBUgJL._AC_UL320_.jpg
59,59,B099JPYXJT,Men's Carrot Jeans,Amazon Brand - Inkast Denim Co.,1,0,0,799,4.0,46,73,,1,46,
60,60,B07L6XXSHD,Men's Slim Fit Stretchable Jeans,Neostreak,1,0,0,535,3.8,"2,106",67,,1,"2,106",
61,61,B07587NBKQ,Men's Relaxed Jeans,Diverse,1,0,0,579,3.5,"2,204",61,,1,"2,204",https://m.media-amazon.com/images/I/81D2WA+FOzL._AC_UL320_.jpg
62,62,B07GXJKNBN,mens Stretchable Jeans,Amazon Brand - Inkast Denim Co.,1,0,0,859,3.4,109,67,,1,109,https://m.media-amazon.com/images/I/91KPpcuJAXL._AC_UL320_.jpg
63,63,B0758JYP9G,Men's Slim Jeans,Diverse,1,0,0,584,3.7,"3,307",71,,1,"3,307",https://m.media-amazon.com/images/I/81axIgBXx3L._AC_UL320_.jpg
64,64,B08QWLTSV9,Women's Regular Jeans,Levi's,0,0,0,"1,751",3.1,7,47,,1,7,
65,65,B092DJZKPW,Men's Sailor Skinny Jeans,Men's,0,0,0,652,3.4,10,80,,1,LAWMAN PG3,https://m.media-amazon.com/images/I/81uu-E8xIJL._AC_UL320_.jpg
66,66,B09BVXRH3D,Women's Regular Jeans,Levi's,0,0,0,948,3.8,4,53,,1,4,https://m.media-amazon.com/images/I/71tr2xolwfL._AC_UL320_.jpg
67,67,B07PD5BCWC,Women's Skinny Fit Jeans,AKA CHIC,0,0,0,767,3.9,"1,280",62,,1,"1,280",https://m.media-amazon.com/images/I/61PtpELCgnL._AC_UL320_.jpg
68,68,B08R8JVV2S,Girls Blue Denim Jeggings for 5 to 15 Years,Naughty Ninos,0,0,0,696,3.9,171,59,,1,171,https://m.media-amazon.com/images/I/61WcMgOQj6L._AC_UL320_.jpg
69,69,B09QKX4MQQ,UP Men's Denim Blend Solid Slim Jeans for Men,UP Online Store,0,0,0,499,4.6,7,38,,1,7,https://m.media-amazon.com/images/I/81f+PUX412L._AC_UL320_.jpg
70,70,B08ZD3KXLY,Men Jeans,RING OF FIRE,0,0,0,0,0.0,0,0,,0,,
71,71,B09172T21J,Womens High Rise Cotton Lycra Jeans,KOTTY,0,0,0,749,0.0,0,63,,1,"₹749
₹1,999 Save ₹1,250 (63%)",
72,72,B08QWW1TQ9,Men's Carrot Slim Jeans,EASYBUY,0,0,0,449,3.4,26,0,,0,26,
73,73,B07QZZSRT6,Men's Regular Fit Jeans,STUDIO NEXX,0,0,0,645,3.9,421,58,,1,421,
74,74,B01N07V2MC,Men's Slim Fit Jeans,Urbano Fashion,0,0,0,569,3.6,917,71,,1,917,https://m.media-amazon.com/images/I/51UlwkHPtmL._AC_UL320_.jpg
75,75,B07DPSSZZ5,Men's Stretch Carrot Jeans,Amazon Brand - Symbol,0,0,0,759,3.6,481,64,,1,481,https://m.media-amazon.com/images/I/8106Vjhm+3L._AC_UL320_.jpg
76,76,B085RH5L7J,Boy's Slim Fit Jeans,Urbano Juniors,0,0,0,499,4.0,347,55,,1,347,https://m.media-amazon.com/images/I/51rRhR1yzaL._AC_UL320_.jpg
77,77,B07H4713JX,Men's Skinny Jeans,Amazon Brand - Symbol,0,0,0,669,3.7,"1,507",68,,1,"1,507",
78,78,B074RMN99F,Men's Slim Fit Jogger Jeans Stretch,Urbano Fashion,0,0,0,799,3.7,"4,009",47,,1,"4,009",https://m.media-amazon.com/images/I/61UZtv8GRtL._AC_UL320_.jpg
79,79,B08135J1HV,Women's Denim Stretchable Slim Fit Black Jeans,NIFTY,0,0,0,499,4.0,564,62,,1,564,https://m.media-amazon.com/images/I/31JwPVIVlKL._AC_UL320_.jpg
80,80,B07FZ3GVSC,Men's Relaxed Jeans,Diverse,1,0,0,626,3.7,"4,053",75,,1,"4,053",
81,81,B08P5DNWQK,Men's Slim Jeans,Diverse,1,0,0,592,3.5,39,76,,1,39,
82,82,B07L715PCG,Men's Slim Fit Stretchable Jeans,Neostreak,1,0,0,553,3.8,"3,232",65,,1,"3,232",
83,83,B09D3D3XVV,Men's Skinny Jeans,OOBANI,1,0,0,679,3.7,55,66,,1,55,https://m.media-amazon.com/images/I/51TUrbjK9LL._AC_UL320_.jpg
84,84,B07W8MK8FQ,Women's Slim Jeans,AKA CHIC,0,0,0,873,3.9,236,68,,1,236,
85,85,B07VR4P936,Plus Size Men's Jeans,JOHN PRIDE,0,0,0,"1,169",4.2,195,42,,1,195,https://m.media-amazon.com/images/I/61ySYdPgH2L._AC_UL320_.jpg
86,86,B09BVXK37V,Women's Regular Jeans,Levi's,0,0,0,"1,207",4.0,13,52,,1,13,https://m.media-amazon.com/images/I/814YItz1pvL._AC_UL320_.jpg
87,87,B06Y5HF9GV,Men's Relaxed Fit Jeans,Ben Martin,0,0,0,649,3.4,493,74,,1,493,https://m.media-amazon.com/images/I/61+e1RZI11L._AC_UL320_.jpg
88,88,B09Q93GFZS,Women's Wide Leg Flared Jeans,Malachi,0,0,0,899,3.8,27,61,,1,27,https://m.media-amazon.com/images/I/81I9aCr4ncL._AC_UL320_.jpg
89,89,B09C2G7CSZ,Men's Light Blue Slim Fit Washed Jeans Stretchable,Urbano Fashion,0,0,0,699,3.5,"1,033",53,,1,"1,033",https://m.media-amazon.com/images/I/61S5a0LL0sL._AC_UL320_.jpg
90,90,B076CR4HPR,Men's Slim Fit Washed Jeans Stretchable,Urbano Fashion,0,0,0,649,3.7,"5,645",50,,1,"5,645",https://m.media-amazon.com/images/I/51sqbNfjT5L._AC_UL320_.jpg
91,91,B07L95M856,Women's Black Skinny Fit High Rise Clean Look Regular Length Clean Look Stretchable Denim Jeans,Miss Chase,0,0,0,836,3.8,913,57,,1,913,https://m.media-amazon.com/images/I/71a03OHZiVL._AC_UL320_.jpg
92,92,B08WCVG23X,Women's Skinny Jeans,Levi's,0,0,0,946,3.7,67,53,,1,67,
93,93,B01LZK86D7,Men's (Millard) Regular Fit Stretchable Jeans,Wrangler,0,0,0,"1,291",3.7,38,52,,1,38,
94,94,B094VXRVHR,Men's Skinny Jeans,NEWPORT,0,0,0,499,3.7,751,71,,1,751,
95,95,B07LG8BHF9,Women's Black Skinny Fit High Rise Clean Look Regular Length Stretchable Denim Jeans,Miss Chase,0,0,0,949,3.9,676,51,,1,676,https://m.media-amazon.com/images/I/71G17uLgBJL._AC_UL320_.jpg
96,96,B0989PBDML,Boy's Jogger Relaxed Jeans,Amazon Brand - Jam & Honey,0,0,0,719,3.6,6,64,,1,6,
97,97,B09CH21P9F,Mens Skinny Fit Stretchable Jeans,Amazon Brand - House & Shields,0,0,0,589,4.1,7,67,,1,7,https://m.media-amazon.com/images/I/71nQ0aRDsRL._AC_UL320_.jpg
98,98,B08WKDZPRW,Men's Skinny Jeans,Red Tape,0,0,0,"1,176",3.9,36,73,,1,36,
99,99,B098LK3JWL,Men's Skinny Jeans,Easies by Killer,0,0,0,"1,099",3.1,16,67,,1,16,
100,100,B079ZZP9K8,Men's Slim Jeans,Amazon Brand - Symbol,0,0,0,649,3.5,"1,220",68,,1,"1,220",https://m.media-amazon.com/images/I/71vnemyYCOL._AC_UL320_.jpg
101,101,B089FNZYG7,Womens High Rise Cotton Lycra Skinny Jeans,KOTTY,0,0,0,674,3.3,108,66,,1,108,https://m.media-amazon.com/images/I/51KJBTtayUL._AC_UL320_.jpg
102,102,B08XMPT9X8,by Shoppers Stop Solid Cotton Rich Regular Fit Boys Jeans (S21711BJNS-P),LIFE,0,0,0,240,4.1,240,70,,0,240,https://m.media-amazon.com/images/I/41dfc90WZRL._AC_UL320_.jpg
103,103,B07PD5D8KC,Women's Loose Jeans,AKA CHIC,0,0,0,745,4.0,935,63,,1,935,https://m.media-amazon.com/images/I/81SCMuUQxDL._AC_UL320_.jpg
104,104,B09BVWR567,Men's Regular Jeans,Levi's,0,0,0,"1,959",3.1,31,30,,1,31,
105,105,B082Z3JDK4,Women's Regular Fit Jeans,dermawear,0,0,0,"1,239",3.9,786,17,,1,786,
106,106,B08GSM2K88,Men's Skinny Jeans,Red Tape,0,0,0,"1,069",3.4,208,75,,1,208,
107,107,B08VSBSGB8,Men's Slim Fit Washed Jeans Stretchable,Urbano Fashion,0,0,0,749,3.4,48,53,,1,48,https://m.media-amazon.com/images/I/61nvFVa1fFL._AC_UL320_.jpg
108,108,B099J4QYDN,Men's Carrot Jeans,Amazon Brand - Inkast Denim Co.,0,0,0,799,4.0,46,73,,1,46,
109,109,B09BVXC68X,Men's Regular Jeans,Levi's,0,0,0,"1,549",4.3,64,47,,1,64,
110,110,B092D4DM5Y,Girl's Slim Fit Jeans/Joggers/Bottom Pack of 3,KIFAYATI BAZAR,0,0,0,503,3.1,219,69,,1,219,https://m.media-amazon.com/images/I/51dlGoJ9RBL._AC_UL320_.jpg
111,111,B0767J4VZD,Men Jeans,Diverse,0,0,0,527,3.8,466,74,,1,466,https://m.media-amazon.com/images/I/61qur7WlyvL._AC_UL320_.jpg
112,112,B09B18VTL8,Women's Skinny Jeans,Levi's,0,0,0,"1,410",3.4,3,53,,1,3,https://m.media-amazon.com/images/I/81IIBp76WxL._AC_UL320_.jpg
113,113,B0979DR1HJ,Men's Regular Jeans,Spykar,0,0,0,"1,174",3.8,19,61,,1,19,https://m.media-amazon.com/images/I/91lLxMXFkZL._AC_UL320_.jpg
114,114,B08LKKWY7N,Women's Light Blue Wide-Leg Mid Rise Clean Look Regular Length Blast Effect Denim Jeans,Dolce Crudo,0,0,0,986,4.7,8,59,,1,8,https://m.media-amazon.com/images/I/81UyGR9J4GL._AC_UL320_.jpg
115,115,B07ZVS95CK,Women's Loose Fit Jeans,AKA CHIC,0,0,0,826,3.9,"1,677",68,,1,"1,677",https://m.media-amazon.com/images/I/713b0CmgXAL._AC_UL320_.jpg
116,116,B07TGQNS25,Men's Slim Fit Apparel,Neostreak,1,0,0,679,3.6,173,68,,1,173,https://m.media-amazon.com/images/I/81wnIzKFQtL._AC_UL320_.jpg
117,117,B07T85PXJ8,Men's Slim Fit Stretchable Jeans,Neostreak,1,0,0,599,3.7,"2,808",68,,1,"2,808",https://m.media-amazon.com/images/I/81Ikw46R07L._AC_UL320_.jpg
118,118,B07MC75TKR,Men's Slim Fit Stretchable Jeans,Neostreak,1,0,0,639,3.7,684,71,,1,684,https://m.media-amazon.com/images/I/81-2aGyS-hL._AC_UL320_.jpg
119,119,B085J6SN3S,Men's Slim Jeans,Amazon Brand - Symbol,1,0,0,649,3.6,408,59,,1,408,https://m.media-amazon.com/images/I/81au4FfzaFL._AC_UL320_.jpg
120,120,B07Q4V5CBT,Men's Relaxed Fit Jeans,Diverse,1,0,0,582,3.7,914,61,,0,914,
121,121,B07V9N5D7N,Men's Slim Jeans,Deniklo,1,0,0,728,4.0,224,72,,1,224,https://m.media-amazon.com/images/I/81lMieV8qwL._AC_UL320_.jpg
122,122,B07FZ2KFSP,Men's Relaxed Jeans,Diverse,1,0,0,619,3.7,"4,053",75,,1,"4,053",https://m.media-amazon.com/images/I/81dZ97Jc2GL._AC_UL320_.jpg
123,123,B07FNWQTCW,Men's Slim Jeans,Diverse,1,0,0,619,3.7,"3,307",75,,1,"3,307",https://m.media-amazon.com/images/I/81wlV6lWAYL._AC_UL320_.jpg
124,124,B09B18VTL8,Women's Skinny Jeans,Levi's,0,0,0,"1,410",3.4,3,53,,1,3,https://m.media-amazon.com/images/I/81IIBp76WxL._AC_UL320_.jpg
125,125,B08HQF8HN8,Women's Boot Cut Regular Jeans,VERO MODA,0,0,0,"1,124",4.1,23,55,,1,23,
126,126,B0979DR1HJ,Men's Regular Jeans,Spykar,0,0,0,"1,174",3.8,19,61,,1,19,https://m.media-amazon.com/images/I/71x7GlmKk5L._AC_UL320_.jpg
127,127,B08LKKWY7N,Women's Light Blue Wide-Leg Mid Rise Clean Look Regular Length Blast Effect Denim Jeans,Dolce Crudo,0,0,0,986,4.7,8,59,,1,8,https://m.media-amazon.com/images/I/81UyGR9J4GL._AC_UL320_.jpg
128,128,B07ZVS95CK,Women's Loose Fit Jeans,AKA CHIC,0,0,0,826,3.9,"1,677",68,,1,"1,677",https://m.media-amazon.com/images/I/713b0CmgXAL._AC_UL320_.jpg
129,129,B0867J18T7,Men's Brown Regular Fit Denim Jeans Stretchable,Urbano Plus,0,0,0,799,4.0,686,53,,1,686,https://m.media-amazon.com/images/I/61XuJ5Omc5L._AC_UL320_.jpg
130,130,B092DLPC35,Kids Girls Jeans Jogger Slim Fit Blue Pack of 2,KIFAYATI BAZAR,0,0,0,487,3.2,256,59,,0,256,https://m.media-amazon.com/images/I/41zeoC9A6jL._AC_UL320_.jpg
131,131,B084K8TX4Q,Men's Slim Jeans,Pepe Jeans,0,0,0,"2,999",0.0,0,0,,1,"₹2,999",
132,132,B0838358RS,Women's Relaxed Fit Jeans,Pepe Jeans,0,0,0,913,3.6,13,54,,1,13,
133,133,B09CQGQ8MX,mens Jeans,Allen Solly,0,0,0,"1,022",3.9,7,43,,1,7,https://m.media-amazon.com/images/I/71vKD1Q+kRL._AC_UL320_.jpg
134,134,B07SRCPPNS,Men's Slim Fit Jeans,Novarc,0,0,0,689,3.7,380,62,,1,380,https://m.media-amazon.com/images/I/712pHoSq6WL._AC_UL320_.jpg
135,135,B094VX57MJ,Men's Slim Jeans,NEWPORT,0,0,0,579,3.8,800,66,,1,800,https://m.media-amazon.com/images/I/81levWk8iNL._AC_UL320_.jpg
136,136,B08G2S2XVZ,Women's Slim Jeans,AKA CHIC,0,0,0,412,4.2,168,79,,0,168,https://m.media-amazon.com/images/I/71OW1C6DpQL._AC_UL320_.jpg
137,137,B09B9HK27D,Men's Regular Jeans,Pepe Jeans,0,0,0,0,0.0,0,0,,0,,
138,138,B07P9PQ4FK,Women's Skinny Fit Jeans,AKA CHIC,0,0,0,798,3.9,836,60,,1,836,https://m.media-amazon.com/images/I/81lE+AlOFBL._AC_UL320_.jpg
139,139,B075P2G7ZK,Men's Skinny Jeans,U.S. POLO ASSN.,0,0,0,"1,999",3.8,66,0,,1,66,https://m.media-amazon.com/images/I/71c2ytJQKgL._AC_UL320_.jpg
140,140,B09D3YLV1B,Men’s Slim Fit Blue Stretchable Denim Jeans,DELEXO,1,0,0,"1,444",1.5,2,42,,1,2,
141,141,B0839JYY7C,Men's Skinny Jeans,Amazon Brand - House & Shields,1,0,0,669,3.6,153,74,,1,153,
142,142,B082Q3QDDN,Men Regular fit Mid Rise Jeans,STUDIO NEXX,1,0,0,619,3.7,284,59,,1,284,
143,143,B09D3B6XV1,Men's Skinny Jeans,OOBANI,1,0,0,689,3.7,55,66,,1,55,https://m.media-amazon.com/images/I/51-yrrXRv2L._AC_UL320_.jpg
144,144,B09LMN56PZ,Men's Chino Regular Jeans,Pepe Jeans,0,0,0,0,0.0,0,0,,0,,https://m.media-amazon.com/images/I/81CgvTCHxgL._AC_UL320_.jpg
145,145,B07CPF1ZYH,Women's High Rise Slim Jeans,AKA CHIC,0,0,0,791,3.9,600,58,,1,600,https://m.media-amazon.com/images/I/81HFJD+5hUL._AC_UL320_.jpg
146,146,B07W3TDXXZ,Women's Skinny Jeans,AKA CHIC,0,0,0,920,3.9,756,66,,1,756,https://m.media-amazon.com/images/I/813TiH8DH2L._AC_UL320_.jpg
147,147,B07TC5ZHZN,Girls Jeans,Pink & Blue,0,0,0,499,3.8,24,17,,1,24,
148,148,B08V6VXXQH,Women's Joggers,dockstreet,0,0,0,398,3.2,"1,740",72,,1,"1,740",https://m.media-amazon.com/images/I/5166B59OSNL._AC_UL320_.jpg
149,149,B0957VLM9Q,Men's Skinny Fit Jeans,Red Tape,0,0,0,"1,002",3.5,4,79,,1,4,https://m.media-amazon.com/images/I/81QyE32k2rL._AC_UL320_.jpg
150,150,B07K3189ZK,Women's Navy Blue Skinny Fit High Rise Clean Look Regular Length Stretchable Denim Jeans,Miss Chase,0,0,0,873,4.0,"1,278",54,,1,"1,278",https://m.media-amazon.com/images/I/71azEcLvb6L._AC_UL320_.jpg
151,151,B09NGWWZTQ,"Plus Size Women- Stretchable-High Waist- Boot Cut/Bell Bottom Jeans-Light Blue/Dark Blue-Waist Size 36"" inch/ 38"" inch/ 40"" inch/ 42"" inch/ 44"" inch",Happening,0,0,0,"1,780",0.0,0,54,,1,"₹1,780
₹3,890 Save ₹2,110 (54%)",https://m.media-amazon.com/images/I/41xxnvb5qZL._AC_UL320_.jpg
152,152,B07RFK3Y2S,Men's Stretch Carrot Stretchable Jeans,Amazon Brand - Inkast Denim Co.,0,0,0,699,3.6,"1,154",72,,1,"1,154",https://m.media-amazon.com/images/I/81iWmTkWAbL._AC_UL320_.jpg
153,153,B07YCX1CV8,Men's 5 Pockets Slim Denim Stretch Jeans,RING OF FIRE,0,0,0,0,4.4,68,0,,0,68,
154,154,B084VZTXBP,Men's Straight Fit Carrot Stretchable Jeans,Amazon Brand - Inkast Denim Co.,0,0,0,809,3.7,187,66,,1,187,
155,155,B098LJV3KK,"Men's Easies,Skinny Fit,Solid,Jeans",Easies by Killer,0,0,0,974,4.0,15,70,,1,15,
156,156,B07V253S5T,Women's Slim Jeans,Miss Chase,0,0,0,849,4.0,163,63,,1,163,https://m.media-amazon.com/images/I/81mIwWLqd9L._AC_UL320_.jpg
157,157,B09BZQG32V,Mens SMU Jeans Skinny,Integriti,0,0,0,811,3.8,8,69,,1,8,https://m.media-amazon.com/images/I/71jnmYcd-tL._AC_UL320_.jpg
158,158,B081LJ99M9,Girls' Slim Fit Jeans,ELENDRA,0,0,0,499,3.8,209,83,,1,209,https://m.media-amazon.com/images/I/71Pyg7XfQGL._AC_UL320_.jpg
159,159,B09LCQZCK8,Men's Slim Jeans,Amazon Brand - Symbol,0,0,0,699,3.0,2,65,,1,2,https://m.media-amazon.com/images/I/81xrblr1IwL._AC_UL320_.jpg
160,160,B085J7FJQM,Men's Slim Jeans,Amazon Brand - Symbol,0,0,0,649,3.6,408,59,,1,408,https://m.media-amazon.com/images/I/81au4FfzaFL._AC_UL320_.jpg
161,161,B082635X7N,Men's Slim Fit Jeans,"L,Zard",0,0,0,499,3.5,407,78,,1,407,https://m.media-amazon.com/images/I/41s4My+nEDL._AC_UL320_.jpg
162,162,B08Z3D61BZ,Men's Skinny Jeans,Spykar,0,0,0,"1,539",3.7,25,45,,1,25,
163,163,B01NBOFQGP,Men's Skinny Fit Jeans,HALOGEN,0,0,0,975,3.9,364,73,,1,364,https://m.media-amazon.com/images/I/61ZMrMANV2L._AC_UL320_.jpg
164,164,B09DG9SXT7,"Men Premium Cotton Blend, Light Weight, Stretchable Jeans | Best Fit for Everyone",COBB,0,0,0,499,3.7,47,82,,1,47,https://m.media-amazon.com/images/I/71mSYPGCaXL._AC_UL320_.jpg
165,165,B074YX6JR5,Men Jeans,Urbano Fashion,0,0,0,649,3.4,"2,111",46,,1,"2,111",https://m.media-amazon.com/images/I/71ft0likY8L._AC_UL320_.jpg
166,166,B07HLZTB7G,Women's Skinny Jeans,AKA CHIC,0,0,0,899,3.8,252,64,,1,252,https://m.media-amazon.com/images/I/31BBiWmYs0L._AC_UL320_.jpg
167,167,B099HVQYCK,mens Jeans,Amazon Brand - Inkast Denim Co.,0,0,0,789,4.2,11,68,,1,11,https://m.media-amazon.com/images/I/71oaJLfdH1L._AC_UL320_.jpg
168,168,B07SD3VBFR,Men's Slim Fit Stretchable Fabric Casual Wear Denim Jeans,RAGZO,0,0,0,781,3.5,"1,205",48,,1,"1,205",https://m.media-amazon.com/images/I/81E-m0fwsIL._AC_UL320_.jpg
169,169,B0796T2B88,jannon Women's Solid Stretchable High Waist Slim Fit Jeans,Generic,0,0,0,499,3.9,972,67,,1,972,
170,170,B09BVX3Q3Q,mens Jeans,Levi's,0,0,0,"1,259",3.8,54,55,,1,54,
171,171,B07D6MF2KV,Men's Slim Fit Jeans,Urbano Fashion,0,0,0,749,3.7,560,53,,1,560,https://m.media-amazon.com/images/I/71d-DQnE5+L._AC_UL320_.jpg
172,172,B07TGQ191J,Men's Slim Apparel,Neostreak,0,0,0,569,3.7,128,70,,1,128,https://m.media-amazon.com/images/I/81mkws56NZL._AC_UL320_.jpg
173,173,B07N22MG4J,Men's Slim Fit Jeans,Wrangler,0,0,0,973,3.9,10,51,,1,10,
174,174,B0989PGNXN,boys Jeans,Amazon Brand - Jam & Honey,0,0,0,721,4.2,12,64,,1,12,
175,175,B085J761RM,Men's Relaxed Jeans,Amazon Brand - Symbol,0,0,0,599,3.7,"1,059",63,,1,"1,059",https://m.media-amazon.com/images/I/71OGd8xUBsL._AC_UL320_.jpg
176,176,B07MC75JQS,Men's Slim Fit Stretchable Jeans,Neostreak,1,0,0,639,3.7,684,71,,1,684,https://m.media-amazon.com/images/I/81-2aGyS-hL._AC_UL320_.jpg
177,177,B07TB9X4QN,Men's Slim Fit Stretchable Jeans,Neostreak,1,0,0,599,3.7,"2,808",68,,1,"2,808",
178,178,B085J74QM6,Men's Skinny Jeans,Amazon Brand - Symbol,1,0,0,629,3.8,672,63,,1,672,
179,179,B07RJQ2RY2,Men Stretchable Jeans,Amazon Brand - Inkast Denim Co.,1,0,0,809,3.8,336,68,,1,336,https://m.media-amazon.com/images/I/71ppM5KQ5rL._AC_UL320_.jpg
180,180,B07FYG1ZX6,Men's Relaxed Jeans,Diverse,1,0,0,619,3.7,"4,053",69,,1,"4,053",https://m.media-amazon.com/images/I/81dZ97Jc2GL._AC_UL320_.jpg
181,181,B09GM7JHW7,Men’s Slim Fit Stretchable Denim Jeans,DELEXO,1,0,0,"1,344",0.0,0,10,,1,"₹1,344
₹1,489 Save ₹145 (10%)",https://m.media-amazon.com/images/I/71CcLKE3-xL._AC_UL320_.jpg
182,182,B08KGXVKTC,Men's Blue Relaxed Fit Jeans,STUDIO NEXX,1,0,0,599,4.0,67,65,,1,67,https://m.media-amazon.com/images/I/81qJdNs4EKL._AC_UL320_.jpg
183,183,B07V9N4NHL,Men's Slim Jeans,Deniklo,1,0,0,555,4.0,224,79,,1,224,https://m.media-amazon.com/images/I/81lMieV8qwL._AC_UL320_.jpg
184,184,B07VCG3TG7,Men's Light Blue Slim Fit Denim Jeans Stretchable,Urbano Fashion,0,0,0,699,3.5,591,53,,1,591,https://m.media-amazon.com/images/I/61nJ6tJX0VL._AC_UL320_.jpg
185,185,B0821T362M,Men's Stretch Slim Jeans,Amazon Brand - House & Shields,0,0,0,749,3.9,100,73,,1,100,https://m.media-amazon.com/images/I/810YxHL0y+L._AC_UL320_.jpg
186,186,B075P2NM6B,Men's Skinny Jeans,U.S. POLO ASSN.,0,0,0,"2,089",3.9,21,5,,1,21,https://m.media-amazon.com/images/I/81wb5LafsQL._AC_UL320_.jpg
187,187,B07Q9RSWX6,Men's Relaxed Fit Jeans,Diverse,0,0,0,466,3.7,914,69,,0,914,https://m.media-amazon.com/images/I/71XtxAxLM7L._AC_UL320_.jpg
188,188,B08HQHJ1YP,Women's Boot Cut Regular Jeans,VERO MODA,0,0,0,"1,124",4.0,29,55,,1,29,
189,189,B0979CDZ8L,Men's Boyfriend Stretch Jeans,Spykar,0,0,0,"1,237",4.1,117,56,,1,117,
190,190,B09BVVJF12,Men's Regular Jeans,Levi's,0,0,0,"1,874",4.2,113,25,,1,113,
191,191,B08RWGYTZ3,Blue Cotton Lycra Boyfriend High Rise Women Jeans,KOTTY,0,0,0,749,3.0,4,75,,1,4,
192,192,B09DPBM2TR,Men's Relaxed Jeans,Diverse,0,0,0,639,5.0,1,74,,1,1,
193,193,B07P876PG1,Women's Skinny Fit Slim Jeans,Miss Olive,0,0,0,693,3.8,770,65,,1,770,https://m.media-amazon.com/images/I/819NumwckqL._AC_UL320_.jpg
194,194,B08RJSKMDR,0_09-Ira Collection Side Buttoned Light Blue Jogger Jeans for Women,Generic,0,0,0,420,3.7,132,58,,1,132,
195,195,B07LHFFQQ2,Women's Skinny Fit Jeans,United Colors of Benetton,0,0,0,572,2.9,11,81,,1,11,
196,196,B09BVVXNG6,Women's Regular Jeans,Levi's,0,0,0,"1,264",3.5,24,49,,1,24,https://m.media-amazon.com/images/I/81zwLPm3V1L._AC_UL320_.jpg
197,197,B07RJQ3QCZ,mens Stretchable Jeans,Amazon Brand - Inkast Denim Co.,0,0,0,729,3.7,230,72,,1,230,
198,198,B07HLXKS4H,Women's Boot Cut Jeans,AKA CHIC,0,0,0,888,4.2,"1,326",66,,1,"1,326",https://m.media-amazon.com/images/I/81UIotxdLPL._AC_UL320_.jpg
199,199,B08QW8X3TN,Men's Slim Fit Jeans,Levi's,0,0,0,"1,485",3.9,164,55,,1,164,
200,200,B0767KLX2M,Men's Slim Jeans,Diverse,1,0,0,674,3.6,289,73,,0,289,
201,201,B07L6YVCPD,Men's Slim Fit Stretchable Jeans,Neostreak,1,0,0,599,3.8,"2,106",63,,1,"2,106",https://m.media-amazon.com/images/I/91mXH+SEo7L._AC_UL320_.jpg
202,202,B08KH1K46S,Men's Blue Relaxed Fit Jeans,STUDIO NEXX,1,0,0,479,3.6,110,72,,0,110,
203,203,B07FYFRMZL,Men's Relaxed Fit Jeans,Diverse,1,0,0,639,3.7,914,57,,1,914,
204,204,B07XMRZ4SL,Men's Regular Fit Cargo Pants,Urban Legends,0,0,0,779,3.3,206,74,,1,206,https://m.media-amazon.com/images/I/71xF2BcNKGL._AC_UL320_.jpg
205,205,B07QW8XZ51,Men's Regular Fit Stretch Jeans,STUDIO NEXX,0,0,0,619,3.7,"3,691",59,,1,"3,691",https://m.media-amazon.com/images/I/81+wlwY-1zL._AC_UL320_.jpg
206,206,B08MC8SSYX,Boy's Slim Fit Jeans,Urbano Juniors,0,0,0,649,4.0,"2,565",54,,1,"2,565",https://m.media-amazon.com/images/I/71svB5N5dKL._AC_UL320_.jpg
207,207,B07L6PB3FV,Men's Slim Fit Stretchable Jeans,Neostreak,0,0,0,599,3.8,"2,106",63,,1,"2,106",https://m.media-amazon.com/images/I/91mXH+SEo7L._AC_UL320_.jpg
208,208,B098K7VDV9,Boy's Regular Jeans,U.S. Polo Assn. Kids,0,0,0,899,4.2,13,44,,1,13,https://m.media-amazon.com/images/I/91jY03uYniL._AC_UL320_.jpg
209,209,B07CC7CJSS,Men's (Rodeo) Comfort Fit Regular Leg Jeans,Lee,0,0,0,"1,218",3.7,41,59,,1,41,
210,210,B08MC7WFP4,Boy's Dark Blue Slim Fit Washed Denim Jeans Stretch,Urbano Juniors,0,0,0,549,3.9,166,54,,1,166,
211,211,B07VZWVRJ7,Men's Skinny Jeans,United Colors of Benetton,0,0,0,"1,185",4.2,17,58,,1,17,
212,212,B08C1431VJ,Men's Straight Fit Jeans,Cherokee by Unlimited,0,0,0,539,4.0,132,40,,1,132,https://m.media-amazon.com/images/I/81pVWGHWUjL._AC_UL320_.jpg
213,213,B07ZVRDFHK,Women's 0 Jeans,AKA CHIC,0,0,0,837,3.7,111,67,,1,111,https://m.media-amazon.com/images/I/61zUa5SA0HL._AC_UL320_.jpg
214,214,B09CH3WLQ8,Mens Stretchable Jogger Jeans,Amazon Brand - House & Shields,0,0,0,629,3.8,52,69,,0,52,
215,215,B087K3N26T,Baby Boy's Jeans,Max,0,0,0,169,0.0,0,66,,0,"₹169
₹499 Save ₹330 (66%)",
216,216,B094TYQDLZ,Men's Slim Jeans,Arrow Sports,0,0,0,"1,269",4.2,42,45,,1,42,https://m.media-amazon.com/images/I/81P8U0CYnmL._AC_UL320_.jpg
217,217,B07MV6WHGM,Men's Slim Fit Jeans,"L,Zard",0,0,0,499,3.2,229,78,,1,229,https://m.media-amazon.com/images/I/61PVjUkg4zL._AC_UL320_.jpg
218,218,B097MRKJDX,Men's Jogger Regular Jeans,Amazon Brand - Symbol,0,0,0,749,4.2,216,66,,1,216,https://m.media-amazon.com/images/I/81cjnyFcGUL._AC_UL320_.jpg
219,219,B07VB9R1WL,Men's Slim Fit Jeans,Urbano Fashion,0,0,0,749,3.5,721,53,,1,721,https://m.media-amazon.com/images/I/61N1hOGfVLL._AC_UL320_.jpg
220,220,B07H4T3BLR,Men's wear,hangup,0,0,0,760,0.0,0,70,,1,"₹760
₹2,499 Save ₹1,739 (70%)",
221,221,B09BVWGFL9,Men's Slim Jeans,Levi's,0,0,0,"1,549",3.9,275,45,,1,275,
222,222,B077N5NW81,Men's Slim Knee Cut/Distressed Black Jeans,EditLook,0,0,0,487,3.4,168,68,,1,168,https://m.media-amazon.com/images/I/51NTO1DvzcL._AC_UL320_.jpg
223,223,B09BVXBNV6,Men's Regular Jeans,Levi's,0,0,0,"1,539",3.7,16,45,,1,16,
224,224,B09DD46GVL,Women's Regular Jeans,VERO MODA,0,0,0,757,4.5,2,75,,1,2,https://m.media-amazon.com/images/I/A1k57AbnFFL._AC_UL320_.jpg
225,225,B085J9M1XX,Women's Slim Jeans,Amazon Brand - Symbol,0,0,0,793,3.5,106,60,,1,106,
226,226,B07CW4BNBM,mens Jeans,Pepe Jeans,0,0,0,"1,402",3.8,24,52,,1,24,
227,227,B07CVHGBB7,Men Jeans,Amazon Brand - Symbol,0,0,0,559,3.6,287,60,,1,287,
228,228,B07CN4S5J4,Women's Loose Fit Jeans,AKA CHIC,0,0,0,793,3.8,809,60,,1,809,https://m.media-amazon.com/images/I/81kvsWLrYUL._AC_UL320_.jpg
229,229,B07TWHPD57,Women's Skinny Jeans,Amazon Brand - Symbol,0,0,0,686,3.6,405,66,,1,405,
230,230,B08X6CH583,Men's Five Pockets Straight Denim Stretch Jeans,RING OF FIRE,0,0,0,"9,953",4.3,47,0,,0,47,
231,231,B082MFGVH1,Men's Slim Jeans,Amazon Brand - Symbol,0,0,0,509,3.7,523,73,,1,523,
232,232,B08ZCMPHB7,Men's Slim Jeans,EASYBUY,0,0,0,799,3.0,2,0,,1,2,
233,233,B07C9DMD18,Men's Relaxed Fit Jeans,STUDIO NEXX,0,0,0,685,3.6,371,57,,1,371,
234,234,B019FGRD90,Men's Relaxed Fit Jeans,Ben Martin,0,0,0,649,3.5,681,74,,1,681,https://m.media-amazon.com/images/I/714EXTMcpuL._AC_UL320_.jpg
235,235,B07HM2JNQQ,Women's Relaxed Fit Jeans,AKA CHIC,0,0,0,839,3.4,204,58,,1,204,https://m.media-amazon.com/images/I/81DxGRGHdKL._AC_UL320_.jpg
236,236,B07L6Z7856,Men's Slim Fit Stretchable Jeans,Neostreak,1,0,0,612,3.7,"2,808",64,,1,"2,808",
237,237,B08KGYWM4Y,Men's Blue Relaxed Fit Jeans,STUDIO NEXX,1,0,0,599,3.8,82,65,,1,82,
238,238,B09QKX4MQQ,UP Men's Denim Blend Solid Slim Jeans for Men,UP Online Store,1,0,0,499,4.6,7,38,,1,7,https://m.media-amazon.com/images/I/81f+PUX412L._AC_UL320_.jpg
239,239,B09B3MQ2R5,Men’s Slim Fit Denim Jeans DNM02_Black_XL,Delexo,1,0,0,894,0.0,0,31,,1,"₹894
₹1,289 Save ₹395 (31%)",https://m.media-amazon.com/images/I/61LEpyWRGcL._AC_UL320_.jpg
240,240,B0758KRCDG,Men's Relaxed Jeans,Diverse,1,0,0,645,3.7,"4,053",68,,1,"4,053",https://m.media-amazon.com/images/I/81MYlEFcDEL._AC_UL320_.jpg
241,241,B0758JSWZ7,Men's Relaxed Jeans,Diverse,1,0,0,579,3.5,"2,204",52,,1,"2,204",https://m.media-amazon.com/images/I/81b9-N5vxJL._AC_UL320_.jpg
242,242,B09PBZ1H24,Mens Slim Fit Stretchable Jeans,RAGZO,1,0,0,827,1.0,2,66,,1,2,
243,243,B07L6YWD2K,Men's Slim Fit Stretchable Jeans,Neostreak,1,0,0,609,3.8,"2,106",64,,1,"2,106",https://m.media-amazon.com/images/I/71wBuBWLFLL._AC_UL320_.jpg
244,244,B07XKSP8DW,Men's Slim Fit Apparel,Neostreak,0,0,0,557,3.4,11,75,,1,11,https://m.media-amazon.com/images/I/815C1sbQsvL._AC_UL320_.jpg
245,245,B083Y52RYR,Men's RO-ALT-01AG-06 Slim Jeans,Spykar,0,0,0,839,0.0,0,70,,1,"₹839
₹2,799 Save ₹1,960 (70%)",https://m.media-amazon.com/images/I/81XSS53iI2L._AC_UL320_.jpg
246,246,B09CVXCBL1,Men's Regular Jeans,Spykar,0,0,0,975,3.6,41,62,,1,41,https://m.media-amazon.com/images/I/81p7va5lRJL._AC_UL320_.jpg
247,247,B098LKX61R,"Men's Easies,Skinny Fit,Solid,Jeans",Easies by Killer,0,0,0,"1,098",2.8,9,67,,1,9,https://m.media-amazon.com/images/I/81ykBwNY-LL._AC_UL320_.jpg
248,248,B082QCGFB5,Women's Skinny Fit Jeans,Levi's,0,0,0,"1,188",4.2,5,64,,1,5,https://m.media-amazon.com/images/I/81R-n3vECYS._AC_UL320_.jpg
249,249,B09CDS9H67,Habit Creation Women's High Waist Ankle Length Stretchable Single Button Skinny Fit Denim Jeans,Generic,0,0,0,699,4.1,12,30,,0,12,
250,250,B09BVX5FH7,Men's Slim Jeans,Levi's,0,0,0,"1,375",3.9,362,51,,1,362,
251,251,B08BR4QP4T,Women's Stylish Slim Fit Denim Jeans,Girls Clubs,0,0,0,719,4.4,16,60,,0,16,https://m.media-amazon.com/images/I/71m7vW+3xLL._AC_UL320_.jpg
252,252,B07VFCTJL4,Men's Regular Jeans,Deniklo,0,0,0,667,3.8,232,74,,1,232,https://m.media-amazon.com/images/I/81HzmXLPa6L._AC_UL320_.jpg
253,253,B096YH53ZS,Men's Jogger Regular Jeans,Levi's,0,0,0,"1,215",4.0,29,55,,1,29,https://m.media-amazon.com/images/I/718vYyIjaNL._AC_UL320_.jpg
254,254,B08QDX48V3,Girl's Regular Jeans,Blink Street,0,0,0,481,4.0,189,63,,0,189,https://m.media-amazon.com/images/I/81rPmiD1kYL._AC_UL320_.jpg
255,255,B07NW1499T,Women's Jeggings Jeans,Women's,0,0,0,525,4.0,17,50,,1,Jealous 21,
256,256,B0846DQGW4,Men's Skinny Jeans,U.S. POLO ASSN.,0,0,0,"1,621",2.9,14,52,,1,14,
257,257,B08H2N2L6X,Cherokee Boy's Relaxed Fit Jeans,Cherokee by Unlimited,0,0,0,379,4.0,969,46,,0,969,
258,258,B08FBD5DK4,Womens/Girls High Waist Boy Friend fit Colored Denim Jeans Relaxed Fit,PARIS HAMILTON,0,0,0,899,3.6,99,64,,0,99,https://m.media-amazon.com/images/I/61gicCcK33L._AC_UL320_.jpg
259,259,B09K78RGWV,Men's Slim Jeans,Hubberholme,0,0,0,695,3.8,24,59,,1,24,https://m.media-amazon.com/images/I/61ejywldvaL._AC_UL320_.jpg
260,260,B08KGYCZ21,Men's Blue Relaxed Fit Jeans,STUDIO NEXX,1,0,0,599,3.8,82,65,,1,82,
261,261,B084VZZRVH,Men's Straight Fit Carrot Stretchable Jeans,Amazon Brand - Inkast Denim Co.,1,0,0,809,3.7,187,66,,1,187,https://m.media-amazon.com/images/I/719ycLQ+2+L._AC_UL320_.jpg
262,262,B09D3BVH6J,Men's Skinny Jeans,OOBANI,1,0,0,689,3.7,55,66,,1,55,https://m.media-amazon.com/images/I/51-yrrXRv2L._AC_UL320_.jpg
263,263,B09D414S5R,Men’s Slim Fit Mid Rise Blue Stretchable Denim Plus Size Jeans MJEAN07_Blue_42,DELEXO,1,0,0,"1,654",0.0,0,53,,1,"₹1,654
₹3,489 Save ₹1,835 (53%)",
264,264,B07VCLBP69,Slim Fit Men's Light Shade Torn Navy Blue Denim Stretchable Jeans,Campus Sutra,0,0,0,849,3.0,26,55,,1,26,https://m.media-amazon.com/images/I/41EiP-XuhZL._AC_UL320_.jpg
265,265,B098LHPYMY,Men's Skinny Jeans,Easies by Killer,0,0,0,"1,006",3.3,12,70,,1,12,https://m.media-amazon.com/images/I/819-OJMcDLL._AC_UL320_.jpg
266,266,B09B4ZH1CX,Women's Relaxed Jeans,AKA CHIC,0,0,0,999,3.7,38,60,,0,38,
267,267,B098K72XSN,Boy's Regular Jeans,U.S. Polo Assn. Kids,0,0,0,899,4.3,29,44,,1,29,https://m.media-amazon.com/images/I/81eP5yeY2FL._AC_UL320_.jpg
268,268,B08XMR91FF,Women's Skinny Fit Jeans,AKA CHIC,0,0,0,431,4.5,2,86,,0,2,https://m.media-amazon.com/images/I/71KpTs0C6CS._AC_UL320_.jpg
269,269,B09GM1P3DB,Men's Slim Fit Jeans White,EditLook,0,0,0,499,2.7,5,67,,1,5,https://m.media-amazon.com/images/I/61t-nvaxWoL._AC_UL320_.jpg
270,270,B07CN9N4RG,Women's High Rise Skinny Jeans,AKA CHIC,0,0,0,685,4.1,"2,659",60,,1,"2,659",https://m.media-amazon.com/images/I/81TF6FCGzKL._AC_UL320_.jpg
271,271,B09CH3KLQ1,Men's Skinny Jeans,Amazon Brand - House & Shields,0,0,0,619,3.7,101,66,,1,101,https://m.media-amazon.com/images/I/81ZAVtTB4rL._AC_UL320_.jpg
272,272,B074KY4DS4,Men's Black Slim Fit Stretch Jeans,Urbano Fashion,0,0,0,749,3.5,586,46,,1,586,https://m.media-amazon.com/images/I/61Ogr-nK2mL._AC_UL320_.jpg
273,273,B07ZVS57VJ,Women's Relaxed Jeans,AKA CHIC,0,0,0,889,3.6,383,67,,1,383,https://m.media-amazon.com/images/I/81UYAceDmsL._AC_UL320_.jpg
274,274,B09F6LC7XW,Men's Skinny Jeans,Spykar,0,0,0,"1,262",0.0,0,59,,1,"₹1,262
₹3,099 Save ₹1,837 (59%)",
275,275,B08S3D485L,Men's Light Blue Slim Fit Heavy Distressed/Torn Jeans,Urbano Fashion,0,0,0,799,3.8,150,56,,1,150,https://m.media-amazon.com/images/I/61bya74GM8L._AC_UL320_.jpg
276,276,B07W5D5X8R,Women's Regular Jeans,AKA CHIC,0,0,0,821,4.2,616,66,,1,616,https://m.media-amazon.com/images/I/71EoojSl3CL._AC_UL320_.jpg
277,277,B09BJZXNWG,Men's Slim Fit Jeans,Ben Martin,0,0,0,699,3.6,"1,042",77,,1,"1,042",
278,278,B07K32QVZJ,Women's Navy Blue Skinny Fit High Rise Regular Length Clean Look Stretchable Denim Jeans,Miss Chase,0,0,0,809,4.0,314,57,,1,314,https://m.media-amazon.com/images/I/71zw+3s6YKL._AC_UL320_.jpg
279,279,B095KJHKCV,Men's Chino Slim Jeans,Pepe Jeans,0,0,0,"4,599",0.0,0,0,,1,"₹4,599",https://m.media-amazon.com/images/I/61DbhMeeYOS._AC_UL320_.jpg
280,280,B07PBGW7H5,Women's Skinny Fit Slim Jeans,Miss Olive,0,0,0,755,3.9,205,64,,1,205,https://m.media-amazon.com/images/I/71G17uLgBJL._AC_UL320_.jpg
281,281,B08BG4J4VY,Men's Slim Jeans,U.S. POLO ASSN.,0,0,0,"1,454",3.6,3,52,,1,3,
282,282,B083228C4Y,Men's Straight Fit Jeans,Pepe Jeans,0,0,0,"1,856",4.2,4,51,,1,4,https://m.media-amazon.com/images/I/61vKUWhWHsL._AC_UL320_.jpg
283,283,B07HQQKBYL,Women's Regular Fit Jeans,Miss Chase,0,0,0,836,3.8,678,56,,1,678,
284,284,B01G7DACXI,Men Jeans Pant Stretch Slim Fit,Men,0,0,0,599,3.3,"1,188",80,,1,0-DEGREE,https://m.media-amazon.com/images/I/71TdkbI3IZL._AC_UL320_.jpg
285,285,B09BVWF55N,Women's Regular Jeans,Levi's,0,0,0,"1,499",3.9,39,40,,1,39,https://m.media-amazon.com/images/I/71X5StYCf3L._AC_UL320_.jpg
286,286,B07CGYZQJH,Men's Skinny Jeans,Diverse,0,0,0,529,3.6,71,79,,1,71,https://m.media-amazon.com/images/I/81yWDOh5QDL._AC_UL320_.jpg
287,287,B077GS2SXF,Men Jeans,Urbano Fashion,0,0,0,749,3.9,227,50,,1,227,
288,288,B09BVVTXHW,Women's Regular Jeans,Levi's,0,0,0,"1,999",3.8,44,0,,1,44,
289,289,B09GVZ618Y,Women's Straight Jeans,Mode By Red Tape,0,0,0,"1,291",0.0,0,70,,1,"₹1,291
₹4,299 Save ₹3,008 (70%)",https://m.media-amazon.com/images/I/81-EExBn14L._AC_UL320_.jpg
290,290,B099JBV179,Men's Slim Jeans,Amazon Brand - Inkast Denim Co.,0,0,0,799,3.9,37,67,,1,37,https://m.media-amazon.com/images/I/71uPs0qFpWL._AC_UL320_.jpg
291,291,B0979DXZCJ,Men's Skinny Jeans,Spykar,0,0,0,"1,281",3.8,14,60,,1,14,
292,292,B09F66RDKS,mens Jeans,Allen Solly,0,0,0,"1,224",3.8,11,39,,1,11,
293,293,B07W48JQBM,Women's Straight Fit Jeans,AKA CHIC,0,0,0,881,4.0,205,66,,1,205,https://m.media-amazon.com/images/I/81dgrqvXEmL._AC_UL320_.jpg
294,294,B08GXMFJNB,Women's Skinny Jeans,Levi's,0,0,0,"1,959",5.0,1,60,,1,1,https://m.media-amazon.com/images/I/81DLKgIGW-S._AC_UL320_.jpg
295,295,B09B4YYF8N,Women's Stretch Jeans,AKA CHIC,0,0,0,959,3.9,27,67,,1,27,
296,296,B07MQ8N9D6,Men's Slim Fit Stretchable Jeans,Neostreak,1,0,0,639,3.7,684,71,,1,684,
297,297,B09CH3T5PV,Mens Skinny Fit Stretchable Jeans,Amazon Brand - House & Shields,1,0,0,579,4.1,7,68,,1,7,https://m.media-amazon.com/images/I/71fVJVBUgJL._AC_UL320_.jpg
298,298,B08THX4PTQ,Men's Drop Crotch Skinny Jeans,Van Heusen,1,0,0,"1,119",3.9,"1,007",44,,1,"1,007",
299,299,B07SD46YBS,Men's Slim Fit Stretchable Fabric Casual Wear Denim Jeans,RAGZO,1,0,0,735,3.5,"1,205",51,,1,"1,205",https://m.media-amazon.com/images/I/81xf-DRC-tL._AC_UL320_.jpg
300,300,B07C77BJFB,Men's Slim Jeans,Diverse,1,0,0,619,3.7,"3,307",75,,1,"3,307",https://m.media-amazon.com/images/I/41g9qjzIuLL._AC_UL320_.jpg
301,301,B07587NX3Z,Men's Relaxed Jeans,Diverse,1,0,0,619,3.7,"4,053",69,,1,"4,053",
302,302,B0767SR1NL,Men Jeans,Diverse,1,0,0,659,3.8,466,67,,1,466,https://m.media-amazon.com/images/I/61qur7WlyvL._AC_UL320_.jpg
303,303,B08THTVVJR,Men's Drop Crotch Skinny Jeans,Van Heusen,1,0,0,"1,119",3.9,"1,007",44,,1,"1,007",
304,304,B09CH2P4D7,Men's Slim Stretchable Jeans,Amazon Brand - Symbol,0,0,0,599,3.9,164,65,,1,164,https://m.media-amazon.com/images/I/81bERsbkGnL._AC_UL320_.jpg
305,305,B084HRSWQV,Men's Relaxed Jeans,Diverse,0,0,0,529,3.0,4,65,,1,4,https://m.media-amazon.com/images/I/71MBr37GjtL._AC_UL320_.jpg
306,306,B08VH93JQ8,Men's Regular Jeans,U.S. POLO ASSN.,0,0,0,"2,399",4.0,5,25,,1,5,
307,307,B0767MH15R,Men's Slim Jeans,Diverse,0,0,0,619,3.7,"3,307",69,,1,"3,307",
308,308,B09B4Z4TVC,Women's Relaxed Jeans,AKA CHIC,0,0,0,939,5.0,6,64,,1,6,https://m.media-amazon.com/images/I/61InK0MovqL._AC_UL320_.jpg
309,309,B07P8D1V8H,DJ&C by FBB Women's Slim Fit Jeans,DJ & C,0,0,0,299,3.7,55,50,,0,55,
310,310,B07842CF1P,Men's Regular Fit Knee Distressed Jeans,EditLook,0,0,0,487,3.4,384,68,,1,384,https://m.media-amazon.com/images/I/41kHo9i+4oL._AC_UL320_.jpg
311,311,B08DS57BFX,Women's Skinny Fit Jeans,ONLY,0,0,0,438,4.1,486,85,,0,486,https://m.media-amazon.com/images/I/61yQlB4ytaL._AC_UL320_.jpg
312,312,B083ZPHND3,Women's Regular Jeans,JEANATICS,0,0,0,783,4.0,33,73,,1,33,
313,313,B07CN831HJ,Women's Regular Rise Skinny Jeans,AKA CHIC,0,0,0,899,4.0,383,61,,1,383,https://m.media-amazon.com/images/I/81yrspVIZpL._AC_UL320_.jpg
314,314,B07ZVRQKDY,Women's Relaxed Jeans,AKA CHIC,0,0,0,914,3.7,228,66,,1,228,
315,315,B099PQ9FXK,Girl's Carrot Slim Jeans,Blink Street,0,0,0,579,4.0,3,64,,1,3,
316,316,B098Q9SDQ4,Men's Skinny Fit Jeans,Red Tape,0,0,0,"1,231",4.1,11,73,,1,11,
317,317,B08KH78HVD,ALEXANDER JEANS by ROHIT BALDark Blue Denim Jeans with Cross on one side,ROHIT BAL,0,0,0,"6,644",5.0,1,30,,1,1,
318,318,B07XB1Q958,Men's Slim Jeans,Amazon Brand - Symbol,0,0,0,729,3.6,195,59,,1,195,
319,319,B07YF3PKLQ,Men's Slim Fit Jeans,Urbano Fashion,0,0,0,829,3.8,298,56,,1,298,https://m.media-amazon.com/images/I/61cNjjtuFML._AC_UL320_.jpg
320,320,B08V9FQCX9,Men's Skinny Jeans,U.S. POLO ASSN.,1,0,0,"1,743",2.5,4,42,,1,4,https://m.media-amazon.com/images/I/81bZazZ+QoL._AC_UL320_.jpg
321,321,B09GRNYVLL,Regular Fit Blue Jean for Men,Dotiq,1,0,0,899,3.5,13,64,,1,13,
322,322,B08KGVYXR2,Men's Relaxed Fit Jeans,STUDIO NEXX,1,0,0,479,3.7,27,76,,0,27,
323,323,B08KH1848H,Men's Blue Relaxed Fit Jeans,STUDIO NEXX,1,0,0,619,3.8,82,65,,1,82,
324,324,B09JS64PPL,Stretchable Jeans for Men Regular Fit with Elastic Band,VERSATYL,0,0,0,"1,349",3.3,22,33,,1,22,
325,325,B07GYDF47W,Men's Slim Stretchable Jeans,Amazon Brand - Inkast Denim Co.,0,0,0,649,3.7,702,73,,1,702,https://m.media-amazon.com/images/I/81GoDjV63QS._AC_UL320_.jpg
326,326,B099HXRC29,mens Jeans,Amazon Brand - Inkast Denim Co.,0,0,0,789,5.0,4,68,,1,4,https://m.media-amazon.com/images/I/814khlmmgIL._AC_UL320_.jpg
327,327,B084HRZNMX,Men's Relaxed Jeans,Diverse,0,0,0,529,3.6,4,65,,1,4,https://m.media-amazon.com/images/I/81jiHOTKrYL._AC_UL320_.jpg
328,328,B07FPCJKMS,DJ&C by FBB Boys' Relaxed Jeans,DJ & C,0,0,0,599,4.1,130,14,,1,130,https://m.media-amazon.com/images/I/91h5yhTR67L._AC_UL320_.jpg
329,329,B01M2WWJ5W,Men's Relaxed Fit Jeans,Ben Martin,0,0,0,698,3.6,208,72,,1,208,https://m.media-amazon.com/images/I/61+ymeZjHJL._AC_UL320_.jpg
330,330,B07DB5CB92,Men's Regular Fit Denim Jeans(BM-JNS-WHTE),Ben Martin,0,0,0,749,3.7,235,75,,1,235,
331,331,B08ZCRSYY6,Women's Plus/Big Size Jeans,Broadstar,0,0,0,899,4.0,64,55,,1,64,https://m.media-amazon.com/images/I/31KOmm-eAPL._AC_UL320_.jpg
332,332,B09D8L8ZZJ,Habit Creation High Waist Jeans Single Button Women (Black),Generic,0,0,0,799,4.0,2,20,,0,2,
333,333,B077N4DHS4,Men's Jeans,EditLook,0,0,0,487,3.6,562,68,,1,562,https://m.media-amazon.com/images/I/71YV0wBJ-TL._AC_UL320_.jpg
334,334,B08DMNXJQ3,Women's Relaxed Fit Joggers,FUNDAY FASHION,0,0,0,279,3.5,"3,023",81,,0,"3,023",https://m.media-amazon.com/images/I/81IlHUNezAL._AC_UL320_.jpg
335,335,B093YBV6WG,Baby Boys Cotton Printed Jeans in Blue Color,Hopscotch,0,0,0,759,3.8,18,0,,1,18,https://m.media-amazon.com/images/I/61HGW82EsYS._AC_UL320_.jpg
336,336,B08GJ9SS4H,Boy's Regular Jeans,Amazon Brand - Jam & Honey,0,0,0,803,4.2,915,55,,1,915,https://m.media-amazon.com/images/I/91WDOXmC9IL._AC_UL320_.jpg
337,337,B07DFPTDM2,Men's Slim Fit Jeans,Urbano Fashion,0,0,0,749,3.7,553,46,,1,553,https://m.media-amazon.com/images/I/61dL-tqEQaL._AC_UL320_.jpg
338,338,B07VGGJWCH,Men's Slim Jeans,Deniklo,0,0,0,754,4.0,224,71,,1,224,https://m.media-amazon.com/images/I/81KZLyAhoeL._AC_UL320_.jpg
339,339,B08X374RRC,Women's Skinny Fit Jeans,V-Girl,0,0,0,599,3.8,604,70,,0,604,https://m.media-amazon.com/images/I/616Sc3K8DuL._AC_UL320_.jpg
340,340,B07XG52D83,Men's Carrot Fit Jeans,Amazon Brand - Symbol,0,0,0,559,3.4,179,65,,1,179,https://m.media-amazon.com/images/I/810gX-6H1XL._AC_UL320_.jpg
341,341,B09B4Z6LTK,Women's Stretch Jeans,AKA CHIC,0,0,0,999,5.0,1,50,,1,1,
342,342,B07HZCCL1B,Men's Straight Casual Trousers,Amazon Brand - Inkast Denim Co.,0,0,0,699,3.5,381,72,,1,381,https://m.media-amazon.com/images/I/81QcbuXUuXL._AC_UL320_.jpg
343,343,B08S3D8H5Q,Men's Carrot Regular Jeans,Max,0,0,0,799,3.6,59,0,,0,59,
344,344,B07Y21XMPT,Women's Loose Fit Jeans,FUNDAY FASHION,0,0,0,299,3.7,111,79,,0,111,https://m.media-amazon.com/images/I/81vWJuyPCzL._AC_UL320_.jpg
345,345,B08XLF6N78,Women's Skinny Fit Jeans,AKA CHIC,0,0,0,459,3.8,8,81,,0,8,https://m.media-amazon.com/images/I/61weiMevjAL._AC_UL320_.jpg
346,346,B09Q92LP31,Boys Cotton Printed Denim Jeans in Navy Color,Hopscotch,0,0,0,544,0.0,0,1,,1,"₹544
₹549 Save ₹5 (1%)",
347,347,B09CVYNQH8,Men's Skinny Jeans,Spykar,0,0,0,"1,082",2.6,6,63,,1,6,
348,348,B09DD3JVQK,Women's Boyfriend Skinny Jeans,VERO MODA,0,0,0,860,4.3,25,71,,1,25,https://m.media-amazon.com/images/I/51IBL0bobRL._AC_UL320_.jpg
349,349,B07MB1YJHY,Women's Slim Fit Jeans,Lee Cooper,0,0,0,898,3.6,9,61,,1,9,
350,350,B01C2DG5HE,Men's Relaxed Fit Stretchable Jeans (Made in India),Dragaon,0,0,0,"1,395",4.1,160,60,,1,160,
351,351,B09LCR9J2X,Men's Skinny Jeans,Amazon Brand - Symbol,0,0,0,699,4.2,3,65,,1,3,https://m.media-amazon.com/images/I/81IbwdUa7mL._AC_UL320_.jpg
352,352,B0979DXN79,Men's Skinny Jeans,Spykar,0,0,0,"1,125",3.5,38,60,,1,38,
353,353,B07M7CK4C2,Men's Slim Jeans,"L,Zard",0,0,0,499,3.4,"1,064",78,,1,"1,064",https://m.media-amazon.com/images/I/61PJp-UGw8L._AC_UL320_.jpg
354,354,B08DPW2SD4,"Skinny Men Black Jeans Size 28 | Soft Denim Narrow Fit Relaxed Jeans | Comfortable Regular Fit Jeans, Denim Fabric Jeans for Casual & Office Wear",Hill Turner,0,0,0,499,4.1,5,80,,1,5,
355,355,B09C6HFR1L,Men's Skinny Jeans,Spykar,0,0,0,"1,137",3.3,20,58,,1,20,
356,356,B07RHLVFG9,Men Stretchable Jeans,Amazon Brand - Inkast Denim Co.,1,0,0,809,3.8,336,68,,1,336,
357,357,B09D3BRMTP,Men's Slim fit Jeans,OOBANI,1,0,0,759,4.1,4,62,,1,4,
358,358,B07TBGX8C7,Men's Slim Fit Apparel,Neostreak,1,0,0,679,3.6,173,68,,1,173,https://m.media-amazon.com/images/I/81wnIzKFQtL._AC_UL320_.jpg
359,359,B09D3CX7TF,Men's Skinny Jeans,OOBANI,1,0,0,679,3.7,55,66,,1,55,https://m.media-amazon.com/images/I/51TUrbjK9LL._AC_UL320_.jpg
360,360,B094X96Z4Z,VMart Men Solid Cotton Knitted Denim Medium Rise Jeans,V MART,1,0,0,"1,299",2.6,7,0,,1,7,
361,361,B09Q6JXSCZ,Spotlight Fashions Regular Fit Stretchable Jeans Pant for Men,Generic,1,0,0,999,0.0,0,23,,0,"₹999
₹1,299 Save ₹300 (23%)",https://m.media-amazon.com/images/I/31Xwh5JZm-L._AC_UL320_.jpg
362,362,B09QKX9Z99,UP Men's Denim Blend Solid Slim Jeans for Men,UP Online Store,1,0,0,499,4.6,7,38,,1,7,https://m.media-amazon.com/images/I/71I6gcnsYjL._AC_UL320_.jpg
363,363,B09DD1CXJH,Jeans Solid/Plain Casual Jeans for Mens,VLK,1,0,0,0,0.0,0,0,,0,,https://m.media-amazon.com/images/I/71Poej6eQNL._AC_UL320_.jpg
364,364,B07N22D1Z4,Men's Slim Fit Jeans,Wrangler,0,0,0,"1,175",3.2,28,58,,1,28,https://m.media-amazon.com/images/I/81+lJQ6RIrL._AC_UL320_.jpg
365,365,B07VM8ZCF7,Men's Regular Fit Stretch Jeans,STUDIO NEXX,0,0,0,645,3.6,993,58,,1,993,
366,366,B07QS21LF6,Women's & Girls' Regular Fit Jeans,ZXN Clothing,0,0,0,495,3.8,"3,165",71,,0,"3,165",https://m.media-amazon.com/images/I/61ULOrRCEUL._AC_UL320_.jpg
367,367,B09DT71XHC,Womens Denim Highwaist Jeans,Broadstar,0,0,0,799,4.0,8,60,,1,8,https://m.media-amazon.com/images/I/31d9xfpeZHL._AC_UL320_.jpg
368,368,B01J1FYQKE,Women's Slim Fit Jeans,NIFTY,0,0,0,799,3.9,783,47,,1,783,https://m.media-amazon.com/images/I/611SuTgCLrL._AC_UL320_.jpg
369,369,B08JYN3BZT,Men's Cotton Low Rise Slim Fit Narrow Leg Regular Length Skinny Jeans (Pack of 1) (Skn-01bj-08),Spykar,0,0,0,583,0.0,0,78,,1,"₹583
₹2,699 Save ₹2,116 (78%)",
370,370,B09K4C5J3D,Women's Bootcut Wide Leg Jeans,Malachi,0,0,0,890,3.4,26,61,,1,26,https://m.media-amazon.com/images/I/817FpLGHEyL._AC_UL320_.jpg
371,371,B09BZQ3RKJ,Mens SMU Jeans Slim,Integriti,0,0,0,942,4.7,7,69,,1,7,
372,372,B078W6499P,Women's Skinny Fit Jeans,Levi's,0,0,0,999,3.9,151,50,,1,151,
373,373,B08XQT2Q2Q,Men's Boyfriend Regular Jeans,Lee Cooper,0,0,0,"1,406",2.6,7,50,,1,7,
374,374,B094VXFTZG,Women's Skinny Jeans,Van Heusen Woman,0,0,0,999,3.7,54,50,,1,54,
375,375,B07GXJKNBN,mens Stretchable Jeans,Amazon Brand - Inkast Denim Co.,0,0,0,859,3.4,109,67,,1,109,https://m.media-amazon.com/images/I/91KPpcuJAXL._AC_UL320_.jpg
376,376,B082QD3T9G,Women's Skinny Fit Jeans,Levi's,0,0,0,"1,959",4.2,49,60,,1,49,
377,377,B075P1WGT5,US Polo Association Men Jeans,U.S. POLO ASSN.,0,0,0,"2,499",3.9,33,0,,1,33,
378,378,B08PS74XZ3,Men's Black Slim Fit Solid Jeans Stretchable,Urbano Fashion,0,0,0,749,4.0,105,46,,1,105,https://m.media-amazon.com/images/I/61ZyJhGxTzL._AC_UL320_.jpg
379,379,B09MLTXPKL,Black High Waist Denim Jeans for Women,O'MINE,0,0,0,449,3.9,7,65,,0,7,https://m.media-amazon.com/images/I/611WYTmYVHL._AC_UL320_.jpg
380,380,B09DG8M151,"Men Premium Cotton Blend, Light Weight, Stretchable Jeans | Best Fit for Everyone",COBB,1,0,0,699,3.7,47,75,,1,47,https://m.media-amazon.com/images/I/71Pgw-rWW4L._AC_UL320_.jpg
381,381,B09JRWMT8M,Stretchable Jeans for Men Regular Fit with Elastic Band,VERSATYL,1,0,0,"1,349",3.3,22,33,,1,22,
382,382,B09QMPQNC5,Spotlight Fashions Regular Fit Stretchable Jeans Pant for Men,Generic,1,0,0,999,0.0,0,23,,0,"₹999
₹1,299 Save ₹300 (23%)",https://m.media-amazon.com/images/I/31ytMGUXAeL._AC_UL320_.jpg
383,383,B07W3LQFGG,Men Slim Fit Urban Grey Khaki,blackberrys,1,0,0,"1,200",3.2,15,50,,1,15,
384,384,B08VDVNBPL,High Waist Bootcut Denim Jeans for Women & Girls,FREAKINS,0,0,0,"1,499",4.1,32,17,,0,32,
385,385,B09H6T6YNC,Men's Skinny Jeans,Red Tape,0,0,0,"1,109",3.4,5,76,,1,5,https://m.media-amazon.com/images/I/61mGWgmMVgL._AC_UL320_.jpg
386,386,B09Q9C18KX,Men Denim Jeans,Generic,1,0,0,"1,300",0.0,0,13,,1,"₹1,300
₹1,499 Save ₹199 (13%)",
387,387,B07XRCY32Y,Solid Black Coloured Cotton Jeans,blackberrys,1,0,0,"1,799",3.9,4,40,,1,4,
388,388,B07SBYKGFN,Men's Slim Fit Stretchable Fabric Casual Wear Denim Jeans,RAGZO,1,0,0,735,3.5,"1,205",51,,1,"1,205",https://m.media-amazon.com/images/I/81pubJ9B1yL._AC_UL320_.jpg
389,389,B08V9GJVGL,Men's Skinny Jeans,U.S. POLO ASSN.,1,0,0,"1,393",1.0,1,59,,1,1,https://m.media-amazon.com/images/I/91hiv1s4GsL._AC_UL320_.jpg
