,Rank,asin,title,brand,Sponsored,Best Seller,Amazon's Choice,Price,Rating,NoofRatings,Discount,Delivery,Prime Delivery,base,image url,cat,Description,A-Description
0,0,B07CJCGM1M,Casual Backpack,American Tourister,0,0,0,"1,099",4.1,"34,839",52,,1,"34,839",https://m.media-amazon.com/images/I/71VJeH76FCL._AC_UL320_.jpg,Backpack,Casual Backpack,SKU: B07CJCGM1M
1,1,B077RXHGTP,Tommy Travel Gear 24.29 Ltrs Navy Laptop Backpack (TH/BIKOL08CRO),Tommy Hilfiger,0,0,0,"1,319",4.3,262,40,,1,262,https://m.media-amazon.com/images/I/61q5-HLfJAL._UX679_.jpg,Backpack,Tommy Travel Gear 24.29 Ltrs Navy Laptop Backpack (TH/BIKOL08CRO),SKU: B077RXHGTP
2,2,B075MK4TXP,30 Ltrs Black Laptop Backpack (LBPASPIRE0104),Gear,0,0,0,"1,246",4.4,"2,455",57,,1,"2,455",https://m.media-amazon.com/images/I/81EKq7XudPL._AC_UL320_.jpg,Backpack,30 Ltrs Black Laptop Backpack (LBPASPIRE0104),SKU: B075MK4TXP
3,3,B07G4JQX2F,Classic Anti Theft Faux Leather 14 cms Navy Tan Laptop Backpack (LBPCLSLTH0519),Gear,0,0,0,799,4.4,"4,120",60,,1,"4,120",https://m.media-amazon.com/images/I/91pwFRgKanL._AC_UL320_.jpg,Backpack,Classic Anti Theft Faux Leather 14 cms Navy Tan Laptop Backpack (LBPCLSLTH0519),SKU: B07G4JQX2F
4,4,B07YY6PTMN,Mi Business Casual 21L Water Resistant Laptop Backpack (Dark Grey),MI,0,0,0,899,4.4,"3,079",55,"Saturday, February 19",1,"3,079",https://m.media-amazon.com/images/I/51r5YqOWlyL._AC_UL320_.jpg,Backpack,Mi Business Casual 21L Water Resistant Laptop Backpack (Dark Grey),SKU: B07YY6PTMN
5,5,B09CNHQ73V,Waterproof Laptop Backpack,OUTBOX,0,0,0,349,4.5,13,73,,0,13,https://m.media-amazon.com/images/I/41-ZuAdIKoL._AC_UL320_.jpg,Backpack,Waterproof Laptop Backpack,SKU: B09CNHQ73V
6,6,B085MHDJ93,35 L Casual Waterproof Laptop Bag/Backpack for Men Women Boys Girls/Office School College Teens & Students with Rain Cover (18 Inch) (Navy),Half Moon,0,1,0,639,3.9,"7,837",64,,1,"7,837",https://m.media-amazon.com/images/I/51Te8fDpjaL._AC_UL320_.jpg,Backpack,35 L Casual Waterproof Laptop Bag/Backpack for Men Women Boys Girls/Office School College Teens & Students with Rain Cover (18 Inch) (Navy),SKU: B085MHDJ93
7,7,B08YZ5XY31,Bingo - 48 L Laptop Office/School/Travel/Business Backpack Water Resistant - Fits Up to 15.6 Inch Laptop Notebook with 1 Year Warranty,Lunar's,0,0,0,899,3.9,"4,292",55,,1,"4,292",https://m.media-amazon.com/images/I/71lXgPnZjvL._AC_UL320_.jpg,Backpack,Bingo - 48 L Laptop Office/School/Travel/Business Backpack Water Resistant - Fits Up to 15.6 Inch Laptop Notebook with 1 Year Warranty,SKU: B08YZ5XY31
8,8,B09B28TKLG,"Quill Laptop Backpack 26 Ltrs Water Resistant Fabric - Blue, L (QUILL19CBBLU)",Safari,0,0,0,829,4.0,141,71,,1,141,https://m.media-amazon.com/images/I/61TWJaaUMtL._UX522_.jpg,Backpack,"Quill Laptop Backpack 26 Ltrs Water Resistant Fabric - Blue, L (QUILL19CBBLU)",SKU: B09B28TKLG
9,9,B085S444JV,"Wesley Milestone Casual Waterproof Laptop Backpack/Office Bag/School Bag/College Bag/Business Bag/Unisex Travel Backpack (Compatible with 15.6 inch Laptop) 30 L, Charcoal Black",Wesley,0,0,0,578,4.3,"4,908",52,"Wednesday, February 16",1,"4,908",https://m.media-amazon.com/images/I/41rIpA+VoPL._SY300_SX300_.jpg,Backpack,"Wesley Milestone Casual Waterproof Laptop Backpack/Office Bag/School Bag/College Bag/Business Bag/Unisex Travel Backpack (Compatible with 15.6 inch Laptop) 30 L, Charcoal Black",SKU: B085S444JV
10,10,B09LMDYFXB,Northzone Anti-Theft Water Resistant Computer USB Charging Port Lightweight Laptop Backpack Bag Fitting 15.6-inch Laptops Tablets,NORTH ZONE,0,0,0,449,3.8,24,72,,0,24,https://m.media-amazon.com/images/I/61jMghlHJWL._AC_UL320_.jpg,Backpack,Northzone Anti-Theft Water Resistant Computer USB Charging Port Lightweight Laptop Backpack Bag Fitting 15.6-inch Laptops Tablets,SKU: B09LMDYFXB
11,11,B09B26MB5M,"Spartan 21 Ltrs Water Resistant Backpack - Blue, S (SPARTAN19CBBLU)",Safari,0,0,0,559,4.1,206,72,,1,206,https://m.media-amazon.com/images/I/61bXaYXvHVL._UX522_.jpg,Backpack,"Spartan 21 Ltrs Water Resistant Backpack - Blue, S (SPARTAN19CBBLU)",SKU: B09B26MB5M
12,12,B079DDT65R,44 Ltrs Casual Backpack (11629-Wolf_Black),Wildcraft,0,0,0,"1,428",4.3,"3,984",25,,1,"3,984",https://m.media-amazon.com/images/I/41Fz+sra7xL._AC_UL320_.jpg,Backpack,44 Ltrs Casual Backpack (11629-Wolf_Black),SKU: B079DDT65R
13,13,B078S7GB96,30 Ltrs Laptop Backpack,POLICE,0,0,0,"1,499",4.3,"3,271",64,,1,"3,271",https://m.media-amazon.com/images/I/91495xMfkcL._AC_UL320_.jpg,Backpack,30 Ltrs Laptop Backpack,SKU: B078S7GB96
14,14,B089QB6D7B,Slope Anti Theft Backpack with USB Charging Port 15 Inch Laptop Backpack (Black),Arctic Fox,0,0,0,"1,499",4.6,758,25,,1,758,https://m.media-amazon.com/images/I/61y5mUKvMdL._AC_UL320_.jpg,Backpack,Slope Anti Theft Backpack with USB Charging Port 15 Inch Laptop Backpack (Black),SKU: B089QB6D7B
15,15,B081P213WR,"by HMI 21 ltrs 16 Inch Classic Laptop Backpack with YKK Zippers, N.Blue",QIPS,0,0,0,499,4.1,951,50,,1,951,https://m.media-amazon.com/images/I/814abu6y8LL._AC_UL320_.jpg,Backpack,"by HMI 21 ltrs 16 Inch Classic Laptop Backpack with YKK Zippers, N.Blue",SKU: B081P213WR
16,16,B09B26TVPM,Hexa 21 Ltrs Water Resistant Backpack,Safari,0,0,0,559,4.1,69,72,,1,69,https://m.media-amazon.com/images/I/61hSMSclCFL._UX679_.jpg,Backpack,Hexa 21 Ltrs Water Resistant Backpack,SKU: B09B26TVPM
17,17,B07BZ5VC4H,45 Ltrs Black Large/Travel/Office Laptop Backpack (Seek 45L 21 OB BLK),Safari,0,0,0,"2,599",4.5,"2,629",49,,1,"2,629",https://m.media-amazon.com/images/I/61odaW2PSyL._AC_UL320_.jpg,Backpack,45 Ltrs Black Large/Travel/Office Laptop Backpack (Seek 45L 21 OB BLK),SKU: B07BZ5VC4H
18,18,B08Z1HHHTD,Brat Black 46 Cms Casual Backpack,Skybags,0,0,0,599,4.2,"1,103",70,,1,"1,103",https://m.media-amazon.com/images/I/810s53kR8tL._AC_UL320_.jpg,Backpack,Brat Black 46 Cms Casual Backpack,SKU: B08Z1HHHTD
19,19,B09QJ7ZF2Y,"Emperor Anti-Theft backpack With USB charging Port and anti -theft back pocket Laptop bag , office bag , college bag ( LEGEND )",TRUE HUMAN,0,0,0,685,4.5,6,67,,1,6,https://m.media-amazon.com/images/I/51DVNSbWIRL._AC_UL320_.jpg,Backpack,"Emperor Anti-Theft backpack With USB charging Port and anti -theft back pocket Laptop bag , office bag , college bag ( LEGEND )",SKU: B09QJ7ZF2Y
20,20,B07CGLDV2C,Casual Backpack,American Tourister,0,0,0,"1,370",4.1,"8,895",47,,1,"8,895",https://m.media-amazon.com/images/I/81KEKEDFUcL._UY550_.jpg,Backpack,Casual Backpack,SKU: B07CGLDV2C
21,21,B019FBEJCO,Campus 8 Backpack Green- Grey (BKPCAMPS80304),Gear,0,0,0,649,4.1,619,50,,1,619,https://m.media-amazon.com/images/I/91YVwfV7b1L._AC_UL320_.jpg,Backpack,Campus 8 Backpack Green- Grey (BKPCAMPS80304),SKU: B019FBEJCO
22,22,B09B26VHXV,"Flash Casual Backpack, 26 ltr Water Resistant Travel Bags, Blue Light Weight Polyester Bagpack for Men and Women, Spacious Shoulder Bag for College, Office, Travelling and Camping",Safari,0,0,0,753,4.0,366,71,,1,366,https://m.media-amazon.com/images/I/61C+07k-y1L._UX522_.jpg,Backpack,"Flash Casual Backpack, 26 ltr Water Resistant Travel Bags, Blue Light Weight Polyester Bagpack for Men and Women, Spacious Shoulder Bag for College, Office, Travelling and Camping",SKU: B09B26VHXV
23,23,B07G6RQ1L2,45 Ltrs Men & Women Backpack (Black),Aristocrat,0,0,0,"1,490",4.1,280,56,,0,280,https://m.media-amazon.com/images/I/51H9OC1K4zL._AC_UL320_.jpg,Backpack,45 Ltrs Men & Women Backpack (Black),SKU: B07G6RQ1L2
24,24,B097KDRZ67,"Turbo 45 Ltrs Expandable Travel Laptop Backpack with RainCover (Grey-Black), One Size (TLPTURBO00401)",Gear,0,0,0,"1,995",4.6,113,64,,1,113,https://m.media-amazon.com/images/I/71XJ4ZmZYhL._AC_UL320_.jpg,Backpack,"Turbo 45 Ltrs Expandable Travel Laptop Backpack with RainCover (Grey-Black), One Size (TLPTURBO00401)",SKU: B097KDRZ67
25,25,B07XPQ7ZTS,Unisex teamGOAL 23 Backpack Red- Black X,Puma,0,0,0,442,4.1,109,66,,0,109,https://m.media-amazon.com/images/I/91RmQrNcc6L._AC_UL320_.jpg,Backpack,Unisex teamGOAL 23 Backpack Red- Black X,SKU: B07XPQ7ZTS
26,26,B07V9Z58QL,Copa Grey Casual Backpack (FU9 (0) 08 001),American Tourister,0,0,0,805,4.2,"1,686",50,,1,"1,686",https://m.media-amazon.com/images/I/91IIh+4X8lL._AC_UL320_.jpg,Backpack,Copa Grey Casual Backpack (FU9 (0) 08 001),SKU: B07V9Z58QL
27,27,B08RB5QDJT,Anti Theft Hard-Shell Laptop Backpack with USB Charging Port,FUR JADEN,0,0,0,"1,699",4.1,65,43,,1,65,https://m.media-amazon.com/images/I/81-+i7vC+5L._UX522_.jpg,Backpack,Anti Theft Hard-Shell Laptop Backpack with USB Charging Port,SKU: B08RB5QDJT
28,28,B07F1157TV,Raider 30 Liter Backpack with Rain Cover (.Marpat Navy Digital Camo),F Gear,0,0,0,792,4.2,"2,189",60,,1,"2,189",https://m.media-amazon.com/images/I/81FAgzxWLoL._UY550_.jpg,Backpack,Raider 30 Liter Backpack with Rain Cover (.Marpat Navy Digital Camo),SKU: B07F1157TV
29,29,B07XSTR69N,"48 cms Black Formal/Office/Laptop Backpack with Anti-Theft, Lock, USB and RFID (VAULT19CBBLK)",Safari,0,0,0,"1,329",4.1,538,67,,1,538,https://m.media-amazon.com/images/I/81hF2cHrNAS._UX679_.jpg,Backpack,"48 cms Black Formal/Office/Laptop Backpack with Anti-Theft, Lock, USB and RFID (VAULT19CBBLK)",SKU: B07XSTR69N
30,30,B09CGZ2W28,55 litres Travelling Laptop Bag/Rucksack Backpack for Luggage Travel Journey Trekking Hiking Bags for Men Women Boys and Girls with Laptop Compartment & Rain Cover (Polyester Navy),Half Moon,0,0,0,849,4.2,218,55,,1,218,https://m.media-amazon.com/images/I/81UAdO9RtmL._AC_UL320_.jpg,Backpack,55 litres Travelling Laptop Bag/Rucksack Backpack for Luggage Travel Journey Trekking Hiking Bags for Men Women Boys and Girls with Laptop Compartment & Rain Cover (Polyester Navy),SKU: B09CGZ2W28
31,31,B09B26T7KQ,"Sheild 26 Ltrs Water Resistant Casual Backpack - Blue, L (SHEILD19CBBLU)",Safari,0,0,0,659,3.9,107,75,,1,107,https://m.media-amazon.com/images/I/61feoAedZJL._UX522_.jpg,Backpack,"Sheild 26 Ltrs Water Resistant Casual Backpack - Blue, L (SHEILD19CBBLU)",SKU: B09B26T7KQ
32,32,B09QM9N1B3,30L Waterproof 15.6 inch Laptop Office School College Bag Backpack for Men Women Boys & Girls,Half Moon,0,0,0,499,2.0,1,72,,1,1,https://m.media-amazon.com/images/I/916pJFRDRyL._AC_UL320_.jpg,Backpack,30L Waterproof 15.6 inch Laptop Office School College Bag Backpack for Men Women Boys & Girls,SKU: B09QM9N1B3
33,33,B0100BCHO0,"Women's Backpack Handbags (Cmd176, Beige Rose Print)",CRAFTS MY DREAM,0,0,0,699,4.3,"1,926",36,,1,"1,926",https://m.media-amazon.com/images/I/51K53b29PQL._AC_UL320_.jpg,Backpack,"Women's Backpack Handbags (Cmd176, Beige Rose Print)",SKU: B0100BCHO0
34,34,B081GSQ9D9,"Vintage 32 L College/ School/ Office/ Casual/ Travel Backpack with 15.6"" laptop compartment, suitable for both men & women, stylish & durable, made with Leatherette, 1 year warranty - Black",POLESTAR,0,0,0,658,4.1,"4,896",67,,0,"4,896",https://m.media-amazon.com/images/I/816MzAt7NjL._AC_UL320_.jpg,Backpack,"Vintage 32 L College/ School/ Office/ Casual/ Travel Backpack with 15.6"" laptop compartment, suitable for both men & women, stylish & durable, made with Leatherette, 1 year warranty - Black",SKU: B081GSQ9D9
35,35,B06XD713N9,35 Ltrs Black and Mel Backpack (WC 5 Dare),Wildcraft,0,0,0,"1,500",4.5,"1,084",25,,1,"1,084",https://m.media-amazon.com/images/I/A1IfT-fxSCL._AC_UL320_.jpg,Backpack,35 Ltrs Black and Mel Backpack (WC 5 Dare),SKU: B06XD713N9
36,36,B09B2581S9,"Sneak Casual Backpack with USB Charging Port 26 Ltrs Water Resistant Fabric - Grey, L (SNEAK19CBGRE)",Safari,0,0,0,829,3.9,223,71,,1,223,https://m.media-amazon.com/images/I/61QN35aYQsL._UX679_.jpg,Backpack,"Sneak Casual Backpack with USB Charging Port 26 Ltrs Water Resistant Fabric - Grey, L (SNEAK19CBGRE)",SKU: B09B2581S9
37,37,B08D75QQVZ,Bomber Eco Statement 22 Ltrs India.Ink-Black Casual Backpack (BKPECOSNT5201),Gear,0,0,0,520,4.0,394,74,,1,394,https://m.media-amazon.com/images/I/6104+94E51L._AC_UL320_.jpg,Backpack,Bomber Eco Statement 22 Ltrs India.Ink-Black Casual Backpack (BKPECOSNT5201),SKU: B08D75QQVZ
38,38,B07F3X45WZ,Light Weight Laptop Backpack 32 Ltrs,ADISA,0,0,0,501,4.0,"3,955",72,,1,"3,955",https://m.media-amazon.com/images/I/61lIZLyw28L._AC_UL320_.jpg,Backpack,Light Weight Laptop Backpack 32 Ltrs,SKU: B07F3X45WZ
39,39,B07N1D9LX8,35 Ltrs 18 inch Backpack (11908 Navy_Navy),Wildcraft,0,0,0,"1,088",4.1,353,16,,0,353,https://m.media-amazon.com/images/I/61R11t0oV9L._AC_UL320_.jpg,Backpack,35 Ltrs 18 inch Backpack (11908 Navy_Navy),SKU: B07N1D9LX8
40,40,B07KM9VSJW,"25 Ltrs Black/Black/White Casual Backpack (BA6124-013), Medium",Nike,0,0,0,"1,957",4.0,49,27,,1,49,https://m.media-amazon.com/images/I/41AeuCnTkLL._SY300_SX300_.jpg,Backpack,"25 Ltrs Black/Black/White Casual Backpack (BA6124-013), Medium",SKU: B07KM9VSJW
41,41,B09MT7WFZ1,VELMORR ENTERPRISES bag Anti Theft Water Repellent 15.6 Inch Laptop Backpack Bag with USB Charging Port (GB-4),Generic,0,0,0,517,5.0,1,48,,0,1,https://m.media-amazon.com/images/I/41+TN9eQKeL.jpg,Backpack,VELMORR ENTERPRISES bag Anti Theft Water Repellent 15.6 Inch Laptop Backpack Bag with USB Charging Port (GB-4),SKU: B09MT7WFZ1
42,42,B07YDGQQN5,"55 LTR Rucksack Travel Backpack Bag for Trekking, Hiking with Shoe Compartment",FUR JADEN,0,0,0,799,4.2,"3,884",68,,1,"3,884",https://m.media-amazon.com/images/I/71GxZAYa6UL._AC_UL320_.jpg,Backpack,"55 LTR Rucksack Travel Backpack Bag for Trekking, Hiking with Shoe Compartment",SKU: B07YDGQQN5
43,43,B01G5I8YLC,"45 Ltrs Grey and Orange Rucksack (8903338073864), Large",Wildcraft,0,0,0,"1,499",4.3,"6,491",29,,1,"6,491",https://m.media-amazon.com/images/I/91MxFWiAyPL._AC_UL320_.jpg,Backpack,"45 Ltrs Grey and Orange Rucksack (8903338073864), Large",SKU: B01G5I8YLC
44,44,B09NGNYLKF,"Emperor Anti-Theft backpack with combination lock Laptop bag , office bag , college bag ( Zyden )",TRUE HUMAN,0,0,0,625,3.8,87,70,,1,87,https://m.media-amazon.com/images/I/512XJlsRAtL._UX466_.jpg,Backpack,"Emperor Anti-Theft backpack with combination lock Laptop bag , office bag , college bag ( Zyden )",SKU: B09NGNYLKF
45,45,B08Z217HCH,Rager 04 Black 46 Cms Casual Backpack,Skybags,0,0,0,599,3.8,6,54,,1,6,https://m.media-amazon.com/images/I/71vuVfNvc1S._UX679_.jpg,Backpack,Rager 04 Black 46 Cms Casual Backpack,SKU: B08Z217HCH
46,46,B09MHVMTMY,OOL BAG Anti Theft Backpack Bag Hard Case15.6 Inch Laptop Business with USB Charging Port and Water Repellent Bag for Men Women (Black),Comfabie,0,0,0,629,3.1,22,67,,1,22,https://m.media-amazon.com/images/I/31m0L1vsznL._AC_UL320_.jpg,Backpack,OOL BAG Anti Theft Backpack Bag Hard Case15.6 Inch Laptop Business with USB Charging Port and Water Repellent Bag for Men Women (Black),SKU: B09MHVMTMY
47,47,B09QT7CFCN,"55 litres Travelling Laptop Bag/Rucksack Backpack for Luggage Travel Trekking Bags for Men Women Boys and Girls with 17 inches Laptop Compartment, Shoe Compartment & Rain Cover",Half Moon,0,0,0,899,5.0,1,64,,1,1,https://m.media-amazon.com/images/I/91ymzT+tE2L._AC_UL320_.jpg,Backpack,"55 litres Travelling Laptop Bag/Rucksack Backpack for Luggage Travel Trekking Bags for Men Women Boys and Girls with 17 inches Laptop Compartment, Shoe Compartment & Rain Cover",SKU: B09QT7CFCN
48,48,B084Q21RW6,"AH Arctic Hunter 3 in 1 Expandable from 19L to 32L, Water & Scratch Resistant Backpack fits up to 15.6 inches Laptop, with USB Port,Earphone Port for Business,Travelling for Men & Women. (Black)",ah arctic hunter,0,0,0,"2,999",4.2,33,46,"Wednesday, February 16",1,33,https://m.media-amazon.com/images/I/31-Wgsc3oUS.jpg,Backpack,"AH Arctic Hunter 3 in 1 Expandable from 19L to 32L, Water & Scratch Resistant Backpack fits up to 15.6 inches Laptop, with USB Port,Earphone Port for Business,Travelling for Men & Women. (Black)",SKU: B084Q21RW6
49,49,B089QBD333,Slope Anti Theft Backpack with USB Charging Port 15 Inch Laptop Backpack (Marble Black),Arctic Fox,0,0,0,"1,499",4.7,334,25,,1,334,https://m.media-amazon.com/images/I/61W3XQlsw-L._AC_UL320_.jpg,Backpack,Slope Anti Theft Backpack with USB Charging Port 15 Inch Laptop Backpack (Marble Black),SKU: B089QBD333
50,50,B093Z6ZRT2,"15.6"" Polyester Casual Laptop Bags/Backpack for Men with Adjustable Strap Expendable with 2 Compartments",Touristiano,0,0,0,290,0.0,0,36,,0,"₹290
₹450 Save ₹160 (36%)",https://m.media-amazon.com/images/I/41Z-ONGdc1L._AC_UL320_.jpg,Backpack,"15.6"" Polyester Casual Laptop Bags/Backpack for Men with Adjustable Strap Expendable with 2 Compartments",SKU: B093Z6ZRT2
51,51,B07RKHRZSX,Pu Leather 15.6 inch College USB Laptop Office Backpack Men Women (BP3067),Leather World,0,0,0,799,3.7,56,80,,1,56,https://m.media-amazon.com/images/I/71jD5yxve7L._AC_UL320_.jpg,Backpack,Pu Leather 15.6 inch College USB Laptop Office Backpack Men Women (BP3067),SKU: B07RKHRZSX
52,52,B09HSG6CHN,"Stylish 17.5"" School & College Backpack for Girls",Lavie Sport,0,0,0,949,4.5,2,73,,1,2,https://m.media-amazon.com/images/I/819fe2E2AXL._AC_UL320_.jpg,Backpack,"Stylish 17.5"" School & College Backpack for Girls",SKU: B09HSG6CHN
53,53,B09BMG8R6Y,"Medium 20 L Laptop Backpack Men Womens Girls Fashion PU Leather Mini Casual Backpack Bags for School, College, Tuition, Office Bag (Black)",Veneer,0,0,0,599,4.3,196,63,,1,196,https://m.media-amazon.com/images/I/617R7Q15NXL._AC_UL320_.jpg,Backpack,"Medium 20 L Laptop Backpack Men Womens Girls Fashion PU Leather Mini Casual Backpack Bags for School, College, Tuition, Office Bag (Black)",SKU: B09BMG8R6Y
54,54,B09HXYJB7B,"Laptop Backpack for 15.6"" Made water-repellent and tear resistant materials for men and women .",Lenovo,0,0,0,790,4.3,107,60,,0,107,https://m.media-amazon.com/images/I/51dAwlVzR6L._AC_UL320_.jpg,Backpack,"Laptop Backpack for 15.6"" Made water-repellent and tear resistant materials for men and women .",SKU: B09HXYJB7B
55,55,B07WBXL33C,Women's Backpack (Yellow),CAPRESE,0,0,0,"1,133",4.5,132,75,,1,132,https://m.media-amazon.com/images/I/71Rs7B2eSsL._AC_UL320_.jpg,Backpack,Women's Backpack (Yellow),SKU: B07WBXL33C
56,56,B07Q7CNPMV,15 Ltrs Sea Blue Casual/School/College Backpack (DAYPACKNEO15CBSEB),Safari,0,0,0,299,4.0,"10,871",63,,0,"10,871",https://m.media-amazon.com/images/I/61kmCas5OCL._AC_UL320_.jpg,Backpack,15 Ltrs Sea Blue Casual/School/College Backpack (DAYPACKNEO15CBSEB),SKU: B07Q7CNPMV
57,57,B08YR984NY,"35 L Laptop Office/School/Travel/Business Backpack Water Proof - Fits Up to 15.6 Inch Laptop Notebook, With Raincover, Inside Organiser and 1 Year Warranty (All)",Lunar's,0,0,0,849,3.8,465,58,,1,465,https://m.media-amazon.com/images/I/81MwzP6Pe8L._AC_UL320_.jpg,Backpack,"35 L Laptop Office/School/Travel/Business Backpack Water Proof - Fits Up to 15.6 Inch Laptop Notebook, With Raincover, Inside Organiser and 1 Year Warranty (All)",SKU: B08YR984NY
58,58,B0983BM2F7,Medium 30 L Laptop Backpack Anti Theft Faux Leather (Brown),GoldStar,0,0,0,510,3.7,31,74,,1,31,https://m.media-amazon.com/images/I/810prIuPRJS._AC_UL320_.jpg,Backpack,Medium 30 L Laptop Backpack Anti Theft Faux Leather (Brown),SKU: B0983BM2F7
59,59,B08ZK19P11,Women's Backpack (Red),CAPRESE,0,0,0,794,4.0,2,76,,1,2,https://m.media-amazon.com/images/I/81uO2M4LNwS._UY625_.jpg,Backpack,Women's Backpack (Red),SKU: B08ZK19P11
60,60,B07LBMV4NR,Brown Leatherette Anti Theft Casual Laptop Backpack with 15.6 Inch Laptop Pocket,FUR JADEN,0,0,0,"1,799",4.3,917,40,,1,917,https://m.media-amazon.com/images/I/714Rv25H9PL._AC_UL320_.jpg,Backpack,Brown Leatherette Anti Theft Casual Laptop Backpack with 15.6 Inch Laptop Pocket,SKU: B07LBMV4NR
61,61,B078KS2FX1,"Talent Laptop Backpack with Rain Cover 32 Liters (Grey,Black)",F Gear,0,0,0,"1,049",4.4,917,62,,1,917,https://m.media-amazon.com/images/I/81uoDfmgNnL._UX522_.jpg,Backpack,"Talent Laptop Backpack with Rain Cover 32 Liters (Grey,Black)",SKU: B078KS2FX1
62,62,B00FXR0SQG,Royal Laptop Backpack,F Gear,0,0,0,"1,199",4.2,391,57,,1,391,https://m.media-amazon.com/images/I/61eTXicVi4L._AC_UL320_.jpg,Backpack,Royal Laptop Backpack,SKU: B00FXR0SQG
63,63,B07CP49QX2,University 25Litres Brown Casual Backpack Heavy,Paras,0,0,0,0,0.0,0,0,,0,,https://m.media-amazon.com/images/I/51ozEWVISiL._AC_UL320_.jpg,Backpack,University 25Litres Brown Casual Backpack Heavy,SKU: B07CP49QX2
64,64,B07PQN9JQB,"Arrow 30 L College/ School/ Office/ Casual/ Travel Backpack with 15.6"" laptop compartment, made with polyester, 1 year warranty",POLESTAR,0,0,0,654,4.0,"1,398",63,,1,"1,398",https://m.media-amazon.com/images/I/61dcx1kEbBL._AC_UL320_.jpg,Backpack,"Arrow 30 L College/ School/ Office/ Casual/ Travel Backpack with 15.6"" laptop compartment, made with polyester, 1 year warranty",SKU: B07PQN9JQB
65,65,B09QYTTLYD,Volt Faux Leather Laptop Backpack Travel Backpack college Backpack for Men and Women for 15.6Inch Laptops (Brown),Luzian,0,0,0,599,3.7,3,70,,1,3,https://m.media-amazon.com/images/I/71DI1qsBkFL._AC_UL320_.jpg,Backpack,Volt Faux Leather Laptop Backpack Travel Backpack college Backpack for Men and Women for 15.6Inch Laptops (Brown),SKU: B09QYTTLYD
66,66,B01DUHA5DQ,26 Ltrs Fuchsia Purple Casual Backpack (7410502),Puma,0,0,0,688,3.8,31,47,,1,31,https://m.media-amazon.com/images/I/91bsfiNBB8L._UY679_.jpg,Backpack,26 Ltrs Fuchsia Purple Casual Backpack (7410502),SKU: B01DUHA5DQ
67,67,B08F7YYZTJ,Women Backpack Latest School Bag for Girls (Black),DIVING DEEP,0,0,0,325,3.4,596,67,,0,596,https://m.media-amazon.com/images/I/51BPWfLZHFL._UX522_.jpg,Backpack,Women Backpack Latest School Bag for Girls (Black),SKU: B08F7YYZTJ
68,68,B0815GL34W,"Phase Backpack II- Palace Blue, X",Puma,0,0,0,589,4.3,44,55,,1,44,https://m.media-amazon.com/images/I/910Mj5nEBDL._AC_UL320_.jpg,Backpack,"Phase Backpack II- Palace Blue, X",SKU: B0815GL34W
69,69,B08P5KNPPQ,Vegan Leather Multi-Compartment Laptop Canvas Backpack.,Hot And Bold,0,0,0,"1,499",3.5,48,73,,1,48,https://m.media-amazon.com/images/I/71SCeNEb2ZL._AC_UL320_.jpg,Backpack,Vegan Leather Multi-Compartment Laptop Canvas Backpack.,SKU: B08P5KNPPQ
70,70,B084TPL24S,Backpack,Lino Perros,0,0,0,979,4.5,69,74,,1,69,https://m.media-amazon.com/images/I/81B3u9++Q4L._AC_UL320_.jpg,Backpack,Backpack,SKU: B084TPL24S
71,71,B07F61HRJF,33 Ltrs Blue Laptop Backpack (BPSPA1BLU),Skybags,0,0,0,"1,179",4.0,674,66,,1,674,https://m.media-amazon.com/images/I/61JlZmMpwRL._SY450_.jpg,Backpack,33 Ltrs Blue Laptop Backpack (BPSPA1BLU),SKU: B07F61HRJF
72,72,B093DH8B8C,Unisex Light Weight Backpack For Men/Women,KLEIO,0,0,0,727,3.9,97,48,,1,97,https://m.media-amazon.com/images/I/61KJcxCcijS._AC_UL320_.jpg,Backpack,Unisex Light Weight Backpack For Men/Women,SKU: B093DH8B8C
73,73,B07NSC4SL5,15 Ltrs Denim Blue Casual/School/College Backpack (DAYPACKNEO15CBDNB),Safari,0,0,0,299,4.0,"6,883",63,,0,"6,883",https://m.media-amazon.com/images/I/61YRI2+SIIL._AC_UL320_.jpg,Backpack,15 Ltrs Denim Blue Casual/School/College Backpack (DAYPACKNEO15CBDNB),SKU: B07NSC4SL5
74,74,B07T47ZLS3,"Phase Backpack, X, Puma Black-Golden logo",Puma,0,0,0,709,4.2,216,45,,1,216,https://m.media-amazon.com/images/I/81i2ZyglboL._AC_UL320_.jpg,Backpack,"Phase Backpack, X, Puma Black-Golden logo",SKU: B07T47ZLS3
75,75,B08P8L8T4Q,Luxur V2 Brown 27 Ltrs Laptop Backpack (3701),F Gear,0,0,0,"1,251",5.0,4,58,,1,4,https://m.media-amazon.com/images/I/81+uR6QSgtL._AC_UL320_.jpg,Backpack,Luxur V2 Brown 27 Ltrs Laptop Backpack (3701),SKU: B08P8L8T4Q
76,76,B08P9NNK7B,20 Ltrs Casual/School/College/Hiking Backpack for Men & Women,DEIN KLEIDER,0,0,0,328,3.5,522,64,,0,522,https://m.media-amazon.com/images/I/511EcvnypEL._AC_UL320_.jpg,Backpack,20 Ltrs Casual/School/College/Hiking Backpack for Men & Women,SKU: B08P9NNK7B
77,77,B09B267161,"HiTech 35 Ltrs Water Resistant Backpack - Black, L (HITECH19CBBLK)",Safari,0,0,0,954,3.8,168,68,,1,168,https://m.media-amazon.com/images/I/61I6joqxQPL._UX679_.jpg,Backpack,"HiTech 35 Ltrs Water Resistant Backpack - Black, L (HITECH19CBBLK)",SKU: B09B267161
78,78,B09RBF7KNL,"Emperor Anti-Theft backpack with combination lock Laptop bag , office bag , college bag ( MARSHALL )",TRUE HUMAN,0,0,0,599,0.0,0,80,,1,"₹599
₹2,999 Save ₹2,400 (80%)",https://m.media-amazon.com/images/I/51cMm2P+Y8L._UY550_.jpg,Backpack,"Emperor Anti-Theft backpack with combination lock Laptop bag , office bag , college bag ( MARSHALL )",SKU: B09RBF7KNL
79,79,B07PRBW9W5,Twing 30 Ltrs Grey Casual Backpack (FD0 (0) 08 003),American Tourister,0,0,0,959,4.2,180,62,,1,180,https://m.media-amazon.com/images/I/61TK7qwla4L._UX679_.jpg,Backpack,Twing 30 Ltrs Grey Casual Backpack (FD0 (0) 08 003),SKU: B07PRBW9W5
80,80,B09RSG214J,College bag for girls backpacks for women school bag for girls bag for girls diving deep bagpack,Craftify,0,0,0,699,0.0,0,65,,1,"₹699
₹1,999 Save ₹1,300 (65%)",https://m.media-amazon.com/images/I/417ExgcT3ML._AC_UL320_.jpg,Backpack,College bag for girls backpacks for women school bag for girls bag for girls diving deep bagpack,SKU: B09RSG214J
81,81,B084THWKPV,Arigato Melange 32 Ltrs Laptop Backpack,F Gear,0,0,0,947,4.2,62,57,,1,62,https://m.media-amazon.com/images/I/71bmYnHOy1L._AC_UL320_.jpg,Backpack,Arigato Melange 32 Ltrs Laptop Backpack,SKU: B084THWKPV
82,82,B07SX438XM,"AirCase Laptop Bag Backpack Case Pouch for 13-Inch, 14-Inch, 15.6-InchLaptop Backpack for Men & Women,(Black)",AirCase,0,0,0,"1,399",4.2,134,65,"Saturday, February 19",1,134,https://m.media-amazon.com/images/I/71SbXYsyO-L._UX679_.jpg,Backpack,"AirCase Laptop Bag Backpack Case Pouch for 13-Inch, 14-Inch, 15.6-InchLaptop Backpack for Men & Women,(Black)",SKU: B07SX438XM
83,83,B019HA8DQQ,Navy Blue and Green Casual Backpack (BKPECOBP40503),Gear,0,0,0,474,4.0,"3,575",57,,0,"3,575",https://m.media-amazon.com/images/I/9145Wr5s-VL._AC_UL320_.jpg,Backpack,Navy Blue and Green Casual Backpack (BKPECOBP40503),SKU: B019HA8DQQ
84,84,B09P3Z4NGB,"Hunter Anti Theft Waterproof Traveling Laptop Backpack With Upto 15.6L Capacity | Smart Lock | USB Charging Port For Mobile Phone Best Bag For Unisex Children/Adult, Men's & Women's (Grey)",Rewy,0,0,0,679,4.4,15,64,,0,15,https://m.media-amazon.com/images/I/41VLbmPVB2L._AC_UL320_.jpg,Backpack,"Hunter Anti Theft Waterproof Traveling Laptop Backpack With Upto 15.6L Capacity | Smart Lock | USB Charging Port For Mobile Phone Best Bag For Unisex Children/Adult, Men's & Women's (Grey)",SKU: B09P3Z4NGB
85,85,B08QGGLL83,32 Ltrs Black Casual Backpack (BPNNE18HBLK),Skybags,0,0,0,896,4.2,316,55,,1,316,https://m.media-amazon.com/images/I/71bHpbVlWUL._AC_UL320_.jpg,Backpack,32 Ltrs Black Casual Backpack (BPNNE18HBLK),SKU: B08QGGLL83
86,86,B08YF9VHTY,"Flamenco2 13 liters Sky Blue Casual Backpack (Tablet Compatible, Water Resistant) (14inch)",Genie,0,0,0,735,4.4,"1,044",59,,1,"1,044",,Backpack,"Flamenco2 13 liters Sky Blue Casual Backpack (Tablet Compatible, Water Resistant) (14inch)",SKU: B08YF9VHTY
87,87,B00Z9427SK,22 ltrs Black and Royal Blue Casual Backpack (BKPCMPUS10110),Gear,0,0,0,604,4.3,"3,232",45,,1,"3,232",https://m.media-amazon.com/images/I/81oORVyJzYL._AC_UL320_.jpg,Backpack,22 ltrs Black and Royal Blue Casual Backpack (BKPCMPUS10110),SKU: B00Z9427SK
88,88,B0998ZMT5L,Women Backpack,Lino Perros,0,0,0,"1,273",4.2,19,57,,1,19,https://m.media-amazon.com/images/I/61pljfqcmJS._UX522_.jpg,Backpack,Women Backpack,SKU: B0998ZMT5L
89,89,B08SVV5HZY,"Artistix Business Class Series Alpine Anti Theft 15.6 inch Laptop Backpack (Black, 32 L)",Artistix,0,0,0,"1,782",4.5,260,54,"Friday, February 18",1,260,https://m.media-amazon.com/images/I/41l-6+q1kzL._SX425_.jpg,Backpack,"Artistix Business Class Series Alpine Anti Theft 15.6 inch Laptop Backpack (Black, 32 L)",SKU: B08SVV5HZY
90,90,B08GZ6C151,PU Leather Teddy Keychain Preppy Style Women Backpack,TYPIFY,0,0,0,359,4.0,193,79,,0,193,https://m.media-amazon.com/images/I/61FloSOYqyL._AC_UL320_.jpg,Backpack,PU Leather Teddy Keychain Preppy Style Women Backpack,SKU: B08GZ6C151
91,91,B09B27S9SG,"Tribe Large Laptop Backpack With 3 Compartments, Water Resistant Fabric",Safari,0,0,0,999,3.8,207,71,,1,207,https://m.media-amazon.com/images/I/71aWnXcav9L._UX522_.jpg,Backpack,"Tribe Large Laptop Backpack With 3 Compartments, Water Resistant Fabric",SKU: B09B27S9SG
92,92,B07G4F3758,Vintage2 Anti Theft Faux Leather 18 cms Tan Laptop Backpack (LBPVG2LTH1901),Gear,0,0,0,829,4.4,978,62,,1,978,https://m.media-amazon.com/images/I/91FK74bRReL._AC_UL320_.jpg,Backpack,Vintage2 Anti Theft Faux Leather 18 cms Tan Laptop Backpack (LBPVG2LTH1901),SKU: B07G4F3758
93,93,B084TPDN9L,Women Multi Colored Floral Print Backpack,Lino Perros,0,0,0,979,4.3,134,74,,1,134,https://m.media-amazon.com/images/I/91lZ8Bj1DyL._UY500_.jpg,Backpack,Women Multi Colored Floral Print Backpack,SKU: B084TPDN9L
94,94,B07DCWCZTB,26 Ltrs Red Casual/School/College Backpack (CHAMP19CBRED),Safari,0,0,0,499,3.9,"1,888",69,,1,"1,888",https://m.media-amazon.com/images/I/71O95lbYYaL._SY450_.jpg,Backpack,26 Ltrs Red Casual/School/College Backpack (CHAMP19CBRED),SKU: B07DCWCZTB
95,95,B09HXG4QRZ,WorldCare® NB53167 Backpack Laptop Backpack Larger Store Multi - Function Shock Absorbing with USB Charging Port Outdoor Shoulder Bag 15.6in Polyester Backpack for Men Women Travel Outdoor Sport,Generic,0,0,0,"29,999",0.0,0,14,,0,"₹29,999
₹34,999 Save ₹5,000 (14%)",https://m.media-amazon.com/images/I/61kRGM+e2tL._AC_UL320_.jpg,Backpack,WorldCare® NB53167 Backpack Laptop Backpack Larger Store Multi - Function Shock Absorbing with USB Charging Port Outdoor Shoulder Bag 15.6in Polyester Backpack for Men Women Travel Outdoor Sport,SKU: B09HXG4QRZ
96,96,B07Q2WYWG1,"Waterproof Polyster Printed 30 L Bag Backpack for School, College, Laptop (Blue & Black)",Trunkit,0,0,0,759,4.0,38,71,,0,38,https://m.media-amazon.com/images/I/91sCqJbFJCL._SY450_.jpg,Backpack,"Waterproof Polyster Printed 30 L Bag Backpack for School, College, Laptop (Blue & Black)",SKU: B07Q2WYWG1
97,97,B098XQ19MB,Vegan Leather Girl's Travel Casual Collage Backpack With Shoulder Strap,INOVERA (LABEL),0,0,0,"1,257",4.4,74,16,,1,74,https://m.media-amazon.com/images/I/61TihzqkwmL._AC_UL320_.jpg,Backpack,Vegan Leather Girl's Travel Casual Collage Backpack With Shoulder Strap,SKU: B098XQ19MB
98,98,B07RYHX44M,Komet 45 cms Royal Blue Laptop Backpack (Komet 05),Skybags,0,0,0,897,4.0,91,75,,0,91,https://m.media-amazon.com/images/I/91TB4AOdP6L._AC_UL320_.jpg,Backpack,Komet 45 cms Royal Blue Laptop Backpack (Komet 05),SKU: B07RYHX44M
99,99,B082QZRX7F,35 Ltrs 46 cm Laptop Backpack (Onyx_Black),Artistix,0,0,0,"1,188",4.3,618,56,,1,618,https://m.media-amazon.com/images/I/613HWeCKC+L._AC_UL320_.jpg,Backpack,35 Ltrs 46 cm Laptop Backpack (Onyx_Black),SKU: B082QZRX7F
100,100,B00N1BCYQ8,Stahlsac by Bare Bonaire Deluxe Mesh Wet/Dry Backpack (Black / Pink),Stahlsac,0,0,0,0,5.0,8,0,,0,8,https://m.media-amazon.com/images/I/7144iOcW5dS._AC_UL320_.jpg,Backpack,Stahlsac by Bare Bonaire Deluxe Mesh Wet/Dry Backpack (Black / Pink),SKU: B00N1BCYQ8
101,101,B084TQ22GN,Women Multi Colored Paisley Print Backpack,Lino Perros,0,0,0,979,4.6,58,74,,1,58,https://m.media-amazon.com/images/I/91L86ym9AUL._AC_UL320_.jpg,Backpack,Women Multi Colored Paisley Print Backpack,SKU: B084TQ22GN
102,102,B08R7RPVJF,Slim Everyday Backpack,Lenovo,0,0,0,699,4.4,900,53,"Wednesday, February 16",1,900,https://m.media-amazon.com/images/I/61v0-iGlR1L._AC_UL320_.jpg,Backpack,Slim Everyday Backpack,SKU: B08R7RPVJF
103,103,B07SRFGK6H,"Arthur 30 L Laptop Backpack (Grey), Free Size (PLBPARTHGRY)",Skybags,0,0,0,888,4.0,230,56,,1,230,https://m.media-amazon.com/images/I/913LOsxluaL._UX522_.jpg,Backpack,"Arthur 30 L Laptop Backpack (Grey), Free Size (PLBPARTHGRY)",SKU: B07SRFGK6H
104,104,B07G4F6XFH,Classic Anti Theft Faux Leather 18 inch 48 cms Brown Laptop Backpack (LBPCLSLTH0201),Gear,0,0,0,799,4.4,"3,208",60,,1,"3,208",https://m.media-amazon.com/images/I/91x7qLAsTPL._AC_UL320_.jpg,Backpack,Classic Anti Theft Faux Leather 18 inch 48 cms Brown Laptop Backpack (LBPCLSLTH0201),SKU: B07G4F6XFH
105,105,B09B42G8C8,Business Casual 30L Dual Compartment Water Resistant Laptop Backpack,URBAN WOLF,0,0,0,749,4.1,592,50,,1,592,https://m.media-amazon.com/images/I/71i5WMamV-L._AC_UL320_.jpg,Backpack,Business Casual 30L Dual Compartment Water Resistant Laptop Backpack,SKU: B09B42G8C8
106,106,B09H7PK5ML,Anti-Theft and USB charging port backpack with combination lock Laptop bag,TRUE HUMAN,0,0,0,675,4.0,168,68,,1,168,https://m.media-amazon.com/images/I/51uFP3SpVOL._AC_UL320_.jpg,Backpack,Anti-Theft and USB charging port backpack with combination lock Laptop bag,SKU: B09H7PK5ML
107,107,B07XMRGQCM,Blackhawk 40 Ltrs Black Laptop Backpack (3178),F Gear,0,0,0,"1,251",4.3,531,58,,1,531,https://m.media-amazon.com/images/I/81fNYb0JPuL._AC_UL320_.jpg,Backpack,Blackhawk 40 Ltrs Black Laptop Backpack (3178),SKU: B07XMRGQCM
108,108,B084TPHLQM,Women Backpack,Lino Perros,0,0,0,"1,546",4.1,26,48,,1,26,https://m.media-amazon.com/images/I/61pljfqcmJS._UX679_.jpg,Backpack,Women Backpack,SKU: B084TPHLQM
109,109,B07JKRYQCH,Jupiter Flower Small Outdoor Mini Backpack- 12L Daypack ( Multicolour),KILLER,0,0,0,440,4.1,411,56,,0,411,https://m.media-amazon.com/images/I/81Bo7VFrn+S._UY550_.jpg,Backpack,Jupiter Flower Small Outdoor Mini Backpack- 12L Daypack ( Multicolour),SKU: B07JKRYQCH
110,110,B07N6DWQQH,SWAGPACK 2019 AMT Vogue NXT BP 02 Backpack,American Tourister,0,0,0,"1,250",4.2,300,36,,1,300,https://m.media-amazon.com/images/I/7119yfuNdyL._UX522_.jpg,Backpack,SWAGPACK 2019 AMT Vogue NXT BP 02 Backpack,SKU: B07N6DWQQH
111,111,B09QL66G55,"Laptop Backpack for Men, Extra Large 31L Travel Backpack with Multi Zip Compartment, Fits 17 Inch Laptop I Ultra Strong Stitching I Quick Access Pocket",WildHorn,0,0,0,799,0.0,0,81,,1,"₹799
₹4,199 Save ₹3,400 (81%)",https://m.media-amazon.com/images/I/91nLbD1nSeL._AC_UL320_.jpg,Backpack,"Laptop Backpack for Men, Extra Large 31L Travel Backpack with Multi Zip Compartment, Fits 17 Inch Laptop I Ultra Strong Stitching I Quick Access Pocket",SKU: B09QL66G55
112,112,B09QGYNXP8,32 L Casual Waterproof Laptop Bag/Backpack for Men Women Boys Girls/Office School College Teens & Students with Rain Cover,CAPRIFF,0,0,0,489,3.7,666,62,,0,666,https://m.media-amazon.com/images/I/81zuiTSaHHL._AC_UL320_.jpg,Backpack,32 L Casual Waterproof Laptop Bag/Backpack for Men Women Boys Girls/Office School College Teens & Students with Rain Cover,SKU: B09QGYNXP8
113,113,B078FZJD5F,Anti Theft Backpack 15.6 Inch Laptop Bag with USB Charging Port and Water Resistant Fabric,FUR JADEN,0,0,0,799,4.0,"9,577",77,,1,"9,577",https://m.media-amazon.com/images/I/91v9NqOYqML._AC_UL320_.jpg,Backpack,Anti Theft Backpack 15.6 Inch Laptop Bag with USB Charging Port and Water Resistant Fabric,SKU: B078FZJD5F
114,114,B08FM6X8KZ,HP X Entry Backpack for Upto 15.6 Inch (39.6 cm) Laptop/Chromebook/Mac (Black) 1D0M5PA,HP,0,0,0,919,4.0,932,54,"Saturday, February 19",1,932,https://m.media-amazon.com/images/I/7127qU2+2QL._AC_UL320_.jpg,Backpack,HP X Entry Backpack for Upto 15.6 Inch (39.6 cm) Laptop/Chromebook/Mac (Black) 1D0M5PA,SKU: B08FM6X8KZ
115,115,B09RHDX3CD,Swiss Cut Design Medium 30 L Laptop Backpack Outdoor Travel Laptop Backpack fits 15.6 inch Multifunctional,Red Lemon,0,0,0,"2,199",0.0,0,45,,1,"₹2,199
₹3,999 Save ₹1,800 (45%)",https://m.media-amazon.com/images/I/71vWm-Xa4jL._UX679_.jpg,Backpack,Swiss Cut Design Medium 30 L Laptop Backpack Outdoor Travel Laptop Backpack fits 15.6 inch Multifunctional,SKU: B09RHDX3CD
116,116,B09QCG4NYB,Medium 25 L Laptop Backpack PLAYYS SCHOOL BACKPACK FOR GIRLS | COLLEGE BAG | TUITION BAG,PLAYY BAGS,0,0,0,429,3.9,41,67,,1,41,https://m.media-amazon.com/images/I/51T3L-NxqYL._AC_UL320_.jpg,Backpack,Medium 25 L Laptop Backpack PLAYYS SCHOOL BACKPACK FOR GIRLS | COLLEGE BAG | TUITION BAG,SKU: B09QCG4NYB
117,117,B07G3CG9FC,Laptop Backpack 31 Ltrs,ADISA,0,0,0,499,4.0,"6,362",72,,1,"6,362",https://m.media-amazon.com/images/I/6175Nru3TXL._AC_UL320_.jpg,Backpack,Laptop Backpack 31 Ltrs,SKU: B07G3CG9FC
118,118,B084LF4RT5,"FATMUG Laptop Bag For Men - Convertible Backpack For Office And Travel (Dark Grey ,Oxford Fabric)",FATMUG,0,0,0,"1,399",4.4,514,53,,1,514,https://m.media-amazon.com/images/I/61SHWz8Ub5L._AC_UL320_.jpg,Backpack,"FATMUG Laptop Bag For Men - Convertible Backpack For Office And Travel (Dark Grey ,Oxford Fabric)",SKU: B084LF4RT5
119,119,B07QX6G94Q,Hayden 25 Liters 15.6 Inch Laptop Backpack for Men and Women - Umber Brown,The Clownfish,0,0,0,"2,199",4.3,17,56,,1,17,https://m.media-amazon.com/images/I/81DYKwaprjL._AC_UL320_.jpg,Backpack,Hayden 25 Liters 15.6 Inch Laptop Backpack for Men and Women - Umber Brown,SKU: B07QX6G94Q
120,120,B085WPWY1W,CONTACTS 15 inch Everyday Laptop Versatile Backpack with USB Charging Port | Multi functional Bagpack (Grey),Contacts,0,0,0,996,3.9,535,59,,1,535,https://m.media-amazon.com/images/I/51rga1GR6rL._AC_UL320_.jpg,Backpack,CONTACTS 15 inch Everyday Laptop Versatile Backpack with USB Charging Port | Multi functional Bagpack (Grey),SKU: B085WPWY1W
121,121,B01F7AX9ZA,Luxur Brown 25 Liter Laptop Backpack (2404),F Gear,0,0,0,"1,109",4.4,"14,080",57,,1,"14,080",https://m.media-amazon.com/images/I/61jEMPfpFcL._AC_UL320_.jpg,Backpack,Luxur Brown 25 Liter Laptop Backpack (2404),SKU: B01F7AX9ZA
122,122,B01M8LNG7B,19 Ltrs Black and Yellow Backpack (BKPECOBP40112),Gear,0,0,0,422,4.0,378,62,,0,378,https://m.media-amazon.com/images/I/81owFACbB8L._AC_UL320_.jpg,Backpack,19 Ltrs Black and Yellow Backpack (BKPECOBP40112),SKU: B01M8LNG7B
123,123,B088XB5XY8,"Mi Step Out 12 L Mini Backpack (Small Size, Black, Water Repellant)",MI,0,0,0,299,4.1,"2,171",40,"Wednesday, February 16",1,"2,171",https://m.media-amazon.com/images/I/71edjA10hZL._AC_UL320_.jpg,Backpack,"Mi Step Out 12 L Mini Backpack (Small Size, Black, Water Repellant)",SKU: B088XB5XY8
124,124,B08PSX1LN9,"45 litres Hammer Waterproof Travelling Rucksack Trekking Backpack for Travel Journey Bags for Men Women Boys and Girls with 17.3 inch Laptop Compartment and Rain Cover (Polyester, Navy)",Half Moon,0,0,0,"1,199",4.2,138,57,,1,138,https://m.media-amazon.com/images/I/81D9i1OumwL._AC_UL320_.jpg,Backpack,"45 litres Hammer Waterproof Travelling Rucksack Trekking Backpack for Travel Journey Bags for Men Women Boys and Girls with 17.3 inch Laptop Compartment and Rain Cover (Polyester, Navy)",SKU: B08PSX1LN9
125,125,B097XNZ1J7,"65 Liter Internal Frame Camping Trekking Hiking Backpack Travel Bag Front & Top Loading Rucksack / Water Proof Rain Cover / Shoe Compartment, HK011",TRAWOC,0,0,0,"1,738",4.4,217,65,,1,217,https://m.media-amazon.com/images/I/81cu5AvnSgS._AC_UL320_.jpg,Backpack,"65 Liter Internal Frame Camping Trekking Hiking Backpack Travel Bag Front & Top Loading Rucksack / Water Proof Rain Cover / Shoe Compartment, HK011",SKU: B097XNZ1J7
126,126,B09RJ2CLN7,32 L Casual Waterproof Laptop Bag/Backpack for Men Boys & Girls For Office School College Teens & Students with Rain Cover With adjustable Strap With 2 Compartment,CAPRIFF,0,0,0,489,3.8,"1,719",62,,0,"1,719",https://m.media-amazon.com/images/I/81fDZ6RSXXL._AC_UL320_.jpg,Backpack,32 L Casual Waterproof Laptop Bag/Backpack for Men Boys & Girls For Office School College Teens & Students with Rain Cover With adjustable Strap With 2 Compartment,SKU: B09RJ2CLN7
127,127,B09B2633BY,Swagpack 35 Ltrs Large Laptop Backpack With 3 Compartments and Raincover - Blue (SWAGPACK19CBBLU),Safari,0,0,0,"1,129",3.9,165,72,,1,165,https://m.media-amazon.com/images/I/61GbFXABvNL._UX522_.jpg,Backpack,Swagpack 35 Ltrs Large Laptop Backpack With 3 Compartments and Raincover - Blue (SWAGPACK19CBBLU),SKU: B09B2633BY
128,128,B07YFX434Y,"Travel Backpack For Camping, Trekking- Foldable, Light-weight ( 25 L , Black)",FATMUG,0,0,0,499,4.3,110,50,,1,110,https://m.media-amazon.com/images/I/719eRamBqyL._AC_UL320_.jpg,Backpack,"Travel Backpack For Camping, Trekking- Foldable, Light-weight ( 25 L , Black)",SKU: B07YFX434Y
129,129,B08336HQ18,Women's PU Leather Stylish and Trending Backpack for College Office Travel Purse (Black),ShopyVid,0,1,0,381,3.8,705,66,,1,705,https://m.media-amazon.com/images/I/71PcKHG6byL._AC_UL320_.jpg,Backpack,Women's PU Leather Stylish and Trending Backpack for College Office Travel Purse (Black),SKU: B08336HQ18
130,130,B091PBJ3BD,"25L Navy Laptop Backpack, Standard",United Colors of Benetton,0,0,0,989,0.0,0,66,,1,"₹989
₹2,899 Save ₹1,910 (66%)",https://m.media-amazon.com/images/I/713C+ITwQ9S._UY550_.jpg,Backpack,"25L Navy Laptop Backpack, Standard",SKU: B091PBJ3BD
131,131,B0836BRKPX,44 Ltrs Blaze 3 Bike Top Black Casual Backpack (12275_Bike_Top_Black)(HxWxD : 19x13.5x10.5)(inches),Wildcraft,0,0,0,"1,599",4.0,43,24,,0,43,https://m.media-amazon.com/images/I/41uDVWhQvhL._SY300_SX300_.jpg,Backpack,44 Ltrs Blaze 3 Bike Top Black Casual Backpack (12275_Bike_Top_Black)(HxWxD : 19x13.5x10.5)(inches),SKU: B0836BRKPX
132,132,B09B277CR5,"Spartan 21 Ltrs Water Resistant Backpack - Teal, S (SPARTAN19CBTEA)",Safari,0,0,0,559,4.0,130,72,,1,130,https://m.media-amazon.com/images/I/61uDtI51IFL._UX522_.jpg,Backpack,"Spartan 21 Ltrs Water Resistant Backpack - Teal, S (SPARTAN19CBTEA)",SKU: B09B277CR5
133,133,B07ZJ739TT,Wiki 5 Jacquard Backpack Black (11963 Black),Wildcraft,0,0,0,"1,100",4.1,25,37,,1,25,https://m.media-amazon.com/images/I/61pLGx2mT1L._AC_UL320_.jpg,Backpack,Wiki 5 Jacquard Backpack Black (11963 Black),SKU: B07ZJ739TT
134,134,B075MMFR9V,Anchor Triumph 30 Ltrs Black-Beige Casual Backpack (BKPACRTRM0122),Gear,0,0,0,711,4.3,284,66,,1,284,https://m.media-amazon.com/images/I/A1CxkfN3PBL._AC_UL320_.jpg,Backpack,Anchor Triumph 30 Ltrs Black-Beige Casual Backpack (BKPACRTRM0122),SKU: B075MMFR9V
135,135,B07B1TFJ7M,Anti Theft Backpack with USB Charging Port 15.6 Inch Laptop Bagpack Waterproof Casual Unisex Bag for School College Office Suitable for Men Women,FUR JADEN,0,0,0,799,4.0,"3,939",80,,1,"3,939",https://m.media-amazon.com/images/I/5165wP+Kw0L._AC_UL320_.jpg,Backpack,Anti Theft Backpack with USB Charging Port 15.6 Inch Laptop Bagpack Waterproof Casual Unisex Bag for School College Office Suitable for Men Women,SKU: B07B1TFJ7M
136,136,B09HCD8XZW,Casual Waterproof Laptop Bag/Backpack for Men Women Boys Girls/Office School College Teens & Students,FASHION SHINE,0,0,0,290,3.4,93,83,,0,93,https://m.media-amazon.com/images/I/41r9UUidgjL._AC_UL320_.jpg,Backpack,Casual Waterproof Laptop Bag/Backpack for Men Women Boys Girls/Office School College Teens & Students,SKU: B09HCD8XZW
137,137,B082MJQ8RG,"NK ELMNTL BKPK -2.0 Rucksack, CK7922-325, Khaki, standard size",Nike,0,0,0,"1,379",3.9,33,40,,1,33,https://m.media-amazon.com/images/I/71m0MJdl8aL._UY550_.jpg,Backpack,"NK ELMNTL BKPK -2.0 Rucksack, CK7922-325, Khaki, standard size",SKU: B082MJQ8RG
138,138,B07G4D13L7,Vintage2 Anti Theft Faux Leather 28 Ltrs Brown Laptop Backpack (LBPVG2LTH0201),Gear,0,0,0,899,4.4,"2,259",59,,1,"2,259",https://m.media-amazon.com/images/I/915AQLq4QWL._AC_UL320_.jpg,Backpack,Vintage2 Anti Theft Faux Leather 28 Ltrs Brown Laptop Backpack (LBPVG2LTH0201),SKU: B07G4D13L7
139,139,B00O45R3HA,"Maxpedition Falcon-II Backpack, Wolf Gray",Maxpedition,0,0,0,0,4.8,111,0,,0,111,https://m.media-amazon.com/images/I/719qF5aIBzL._AC_UL320_.jpg,Backpack,"Maxpedition Falcon-II Backpack, Wolf Gray",SKU: B00O45R3HA
140,140,B09F3W582V,Large 45 L Laptop Backpack Laptop Backpack Large 45L Unisex Laptop Backpack |School Bag| |College Bag||Backpack,ozino,0,0,0,639,4.0,50,79,,0,50,https://m.media-amazon.com/images/I/91QvMt9m2bL._AC_UL320_.jpg,Backpack,Large 45 L Laptop Backpack Laptop Backpack Large 45L Unisex Laptop Backpack |School Bag| |College Bag||Backpack,SKU: B09F3W582V
141,141,B07TRNGT48,Women BackPack With Beautiul Blue Color Casual Backpak (SP-083 Blue),JSPM,0,0,0,389,4.2,68,61,,1,68,https://m.media-amazon.com/images/I/61J2lCalfbL._UY675_.jpg,Backpack,Women BackPack With Beautiul Blue Color Casual Backpak (SP-083 Blue),SKU: B07TRNGT48
142,142,B09C6D5KQG,35 L Laptop Backpack Spacy unisex backpack with rain cover and Backpack Water Resistant Slim Durable Computer Book Bag (Light Blue),FICRO,0,0,0,639,4.0,17,66,,1,17,https://m.media-amazon.com/images/I/51VIIt-E5GL._AC_UL320_.jpg,Backpack,35 L Laptop Backpack Spacy unisex backpack with rain cover and Backpack Water Resistant Slim Durable Computer Book Bag (Light Blue),SKU: B09C6D5KQG
143,143,B012NW0J30,Polyester 46 cms 24 Litre Grey-Black-yellow(LBPECONO10412) Backpack,Gear,0,0,0,759,4.2,"1,176",62,,1,"1,176",https://m.media-amazon.com/images/I/91QTZkurCuL._AC_UL320_.jpg,Backpack,Polyester 46 cms 24 Litre Grey-Black-yellow(LBPECONO10412) Backpack,SKU: B012NW0J30
144,144,B09RQRWZ1B,2021 New Flower Embroidered Artistic National Style Oxford Medium Capacity Women's Bag Generation Backpack (FM-013),FashMart,0,0,0,399,2.0,1,60,,1,1,https://m.media-amazon.com/images/I/61Njm0Xq3RL._AC_UL320_.jpg,Backpack,2021 New Flower Embroidered Artistic National Style Oxford Medium Capacity Women's Bag Generation Backpack (FM-013),SKU: B09RQRWZ1B
145,145,B09992NCPD,Backpack,Lino Perros,0,0,0,"1,039",4.8,16,72,,1,16,https://m.media-amazon.com/images/I/61fwlxKbtvS._AC_UL320_.jpg,Backpack,Backpack,SKU: B09992NCPD
146,146,B08W96CQ1D,ADULT UNISEX_BACKPACK_NK BRSLA XL BKPK-9.0 MTRL SU20_SEAWEED/SEAWEED/PISTACHIO FROST_CU1039-364-MISC,Nike,0,0,0,"2,109",3.7,10,40,,1,10,https://m.media-amazon.com/images/I/91pyqSNVxcL._UY550_.jpg,Backpack,ADULT UNISEX_BACKPACK_NK BRSLA XL BKPK-9.0 MTRL SU20_SEAWEED/SEAWEED/PISTACHIO FROST_CU1039-364-MISC,SKU: B08W96CQ1D
147,147,B07ZB6H7FG,trento armo delta 37 ltr backpack black,POLICE,0,0,0,"2,199",4.0,29,69,,1,29,https://m.media-amazon.com/images/I/712BHTAf2JL._AC_UL320_.jpg,Backpack,trento armo delta 37 ltr backpack black,SKU: B07ZB6H7FG
148,148,B07P7R8GCT,Beatle Pro 27 Ltrs Blue Laptop Backpack,Skybags,0,0,0,"1,800",4.3,"1,202",36,,0,"1,202",https://m.media-amazon.com/images/I/51PJKReqBuL._AC_UL320_.jpg,Backpack,Beatle Pro 27 Ltrs Blue Laptop Backpack,SKU: B07P7R8GCT
149,149,B07142V4GL,Harissons Xeno 33 Ltrs Black (15.6 inch) Laptop Backpack/Bag for Men and Women with 3 compartments and Waterproof rain Cover,HARISSONS,0,0,0,"2,159",4.1,"1,607",6,,1,"1,607",https://m.media-amazon.com/images/I/91w7hnRxSqL._AC_UL320_.jpg,Backpack,Harissons Xeno 33 Ltrs Black (15.6 inch) Laptop Backpack/Bag for Men and Women with 3 compartments and Waterproof rain Cover,SKU: B07142V4GL
150,150,B07SSG4GH8,"Fantasy 12 litres Midnight Black Fashion Backpack for Girls (15 inch, Water Resistant)",Genie,0,0,0,786,4.3,15,59,,1,15,https://m.media-amazon.com/images/I/61q9C5BXl8L._AC_UL320_.jpg,Backpack,"Fantasy 12 litres Midnight Black Fashion Backpack for Girls (15 inch, Water Resistant)",SKU: B07SSG4GH8
151,151,B08425LGF2,Astro NXT Drawstring Pocket Black School Backpack 34L,Skybags,0,0,0,"1,475",4.3,31,33,,1,31,https://m.media-amazon.com/images/I/41s-YQdJuWL._SY450_.jpg,Backpack,Astro NXT Drawstring Pocket Black School Backpack 34L,SKU: B08425LGF2
152,152,B08NYHPGJS,"Elemental - 2.0 Backpack Dk Smoke Grey/Dk Smoke Grey/Br, MISC (BA5876)",Nike,0,0,0,"1,559",4.4,36,29,,1,36,https://m.media-amazon.com/images/I/41e5+k3j0ES.jpg,Backpack,"Elemental - 2.0 Backpack Dk Smoke Grey/Dk Smoke Grey/Br, MISC (BA5876)",SKU: B08NYHPGJS
153,153,B075Y6SRMG,Lenovo Casual Laptop Backpack B210 39.62 cm (15.6) -inch Water Repellent Grey,Lenovo,0,0,0,786,4.2,"28,298",51,"Wednesday, February 16",1,"28,298",https://m.media-amazon.com/images/I/71uMciapNnL._AC_UL320_.jpg,Backpack,Lenovo Casual Laptop Backpack B210 39.62 cm (15.6) -inch Water Repellent Grey,SKU: B075Y6SRMG
154,154,B09RFD1X6S,15.6 inch 25 L Casual Waterproof Laptop Backpack/Office Bag/School Bag/College Bag/Business Bag/Unisex Travel Backpack (PG-0025),Pagwin,0,0,0,499,0.0,0,67,,0,"₹499
₹1,499 Save ₹1,000 (67%)",https://m.media-amazon.com/images/I/61D2BiPLjcL._AC_UL320_.jpg,Backpack,15.6 inch 25 L Casual Waterproof Laptop Backpack/Office Bag/School Bag/College Bag/Business Bag/Unisex Travel Backpack (PG-0025),SKU: B09RFD1X6S
155,155,B08Z1P51BN,Rager 08 Grey 46 Cms Casual Backpack,Skybags,0,0,0,799,3.6,51,58,,1,51,https://m.media-amazon.com/images/I/81f4aLWtYiS._AC_UL320_.jpg,Backpack,Rager 08 Grey 46 Cms Casual Backpack,SKU: B08Z1P51BN
156,156,B08C5L5SQR,"Gods Phenom 15.6 inch Anti Theft Laptop Backpack, Secret Access Pocket, Top Organizer, Versatile & Convertible (Black)",Gods,0,0,0,"3,299",4.5,52,18,"Thursday, February 17",1,52,https://m.media-amazon.com/images/I/71MAXfBcC0L._AC_UL320_.jpg,Backpack,"Gods Phenom 15.6 inch Anti Theft Laptop Backpack, Secret Access Pocket, Top Organizer, Versatile & Convertible (Black)",SKU: B08C5L5SQR
157,157,B07VFNP7QN,Spacious Laptop Backpack For Boys & Girls | College Bags For Girls & Boys | Padded Laptop Compartment,Lavie Sport,0,0,0,849,4.1,646,72,,1,646,,Backpack,Spacious Laptop Backpack For Boys & Girls | College Bags For Girls & Boys | Padded Laptop Compartment,SKU: B07VFNP7QN
158,158,B09B28M2RN,"Sheild 26 Ltrs Water Resistant Casual Backpack - Black, L (SHEILD19CBBLK)",Safari,0,0,0,659,4.2,82,75,,1,82,https://m.media-amazon.com/images/I/61wRo-CEKXL._AC_UL320_.jpg,Backpack,"Sheild 26 Ltrs Water Resistant Casual Backpack - Black, L (SHEILD19CBBLK)",SKU: B09B28M2RN
159,159,B08NHL52MK,"Unisex 50L Water Resistant Office/Travel/Business Laptop Backpack, Bag for up to 17.3 inch Laptop/MacBook with rain Cover and 2 Large compartments",Lunar's,0,0,0,"1,099",4.0,"1,219",63,,1,"1,219",https://m.media-amazon.com/images/I/81GiGvjVB2L._AC_UL320_.jpg,Backpack,"Unisex 50L Water Resistant Office/Travel/Business Laptop Backpack, Bag for up to 17.3 inch Laptop/MacBook with rain Cover and 2 Large compartments",SKU: B08NHL52MK
160,160,B08D7DFBYP,COSMUS WEBSTAR 45 CM LAPTOP BACKPACK 35 LTRS LARGE SCHOOL BAG / TRAVEL BAGPACK (GREY),COSMUS,0,0,0,873,4.2,576,56,"Wednesday, February 16",1,576,https://m.media-amazon.com/images/I/71K5MSFkJ1L._AC_UL320_.jpg,Backpack,COSMUS WEBSTAR 45 CM LAPTOP BACKPACK 35 LTRS LARGE SCHOOL BAG / TRAVEL BAGPACK (GREY),SKU: B08D7DFBYP
161,161,B07L116H2J,45 Ltrs Grey Rucksack (RUCHIKEGRY),Aristocrat,0,0,0,"1,352",4.2,"1,421",60,,1,"1,421",https://m.media-amazon.com/images/I/61S53pHAKsL._SY741_.jpg,Backpack,45 Ltrs Grey Rucksack (RUCHIKEGRY),SKU: B07L116H2J
162,162,B083NBRVCJ,HEROZ Hacker 50 litres Nylon Travel Laptop Backpack Water Resistant Slim Durable Computer Book Bag Tracking Fits Up to 17.3-inch Laptop (Grey & Mehdi Green),HEROZ,0,0,0,"1,371",4.1,"2,586",61,,0,"2,586",https://m.media-amazon.com/images/I/71ub-YOdIpL._SY355_.jpg,Backpack,HEROZ Hacker 50 litres Nylon Travel Laptop Backpack Water Resistant Slim Durable Computer Book Bag Tracking Fits Up to 17.3-inch Laptop (Grey & Mehdi Green),SKU: B083NBRVCJ
163,163,B099921Q7R,ADULT UNISEX_NSW OTHER SPORTS_BACKPACK_EQUIPMNT BACKPACKS_NK ELMNTL BKPK - 2.0 LBR_LIGHT ARMY/LIGHT ARMY/WHITE_BA5878-320_MISC,Nike,0,0,0,"1,969",0.0,0,10,,1,"₹1,969
₹2,195 Save ₹226 (10%)",https://m.media-amazon.com/images/I/61Ul9duXDwL._UY550_.jpg,Backpack,ADULT UNISEX_NSW OTHER SPORTS_BACKPACK_EQUIPMNT BACKPACKS_NK ELMNTL BKPK - 2.0 LBR_LIGHT ARMY/LIGHT ARMY/WHITE_BA5878-320_MISC,SKU: B099921Q7R
164,164,B0842XB4BN,Dell Gaming Backpack for Laptops (Black),Dell,0,0,0,"2,300",4.3,339,56,"Tuesday, February 22",0,339,https://m.media-amazon.com/images/I/51QxUOI9YqL._AC_UL320_.jpg,Backpack,Dell Gaming Backpack for Laptops (Black),SKU: B0842XB4BN
165,165,B08V8Y3QP2,Cute Mini Backpack Rakhi Gifts for Sister | Rakhi Gift for Kids,ShopyVid,0,0,0,389,4.1,88,57,,0,88,https://m.media-amazon.com/images/I/61Eq9OP2cxL._UX679_.jpg,Backpack,Cute Mini Backpack Rakhi Gifts for Sister | Rakhi Gift for Kids,SKU: B08V8Y3QP2
166,166,B08L6Q9V1H,15 Liters Draw String Bag Viridian Backpack,Arctic Fox,0,0,0,209,4.3,"1,403",40,,0,"1,403",https://m.media-amazon.com/images/I/61ZANC-yZAL._AC_UL320_.jpg,Backpack,15 Liters Draw String Bag Viridian Backpack,SKU: B08L6Q9V1H
167,167,B08WK7DKSF,"Bags 65 L Water Resistant Rucksack Hiking Backpack/Bag for Trekking/Camping/Travel/Outdoor Sports (Navy Blue,Black)",GoldStar,0,0,0,730,3.8,96,63,,0,96,https://m.media-amazon.com/images/I/81tg7-6QbOL._AC_UL320_.jpg,Backpack,"Bags 65 L Water Resistant Rucksack Hiking Backpack/Bag for Trekking/Camping/Travel/Outdoor Sports (Navy Blue,Black)",SKU: B08WK7DKSF
168,168,B09GPHHZPW,Kobra Gamer Laptop Backpack,Arctic Fox,0,0,0,"1,999",4.7,42,47,,1,42,https://m.media-amazon.com/images/I/611+NDWIsKL._AC_UL320_.jpg,Backpack,Kobra Gamer Laptop Backpack,SKU: B09GPHHZPW
169,169,B08QG594P7,Dynotrek Casual 15.6 Inch Water Repellent Laptop Daypack Backpack for Men/Women Unisex-Denim Blue (C5),Dynotrek,0,0,0,650,4.0,40,66,"Sunday, February 20",1,40,https://m.media-amazon.com/images/I/817LwQOhUkL._AC_UL320_.jpg,Backpack,Dynotrek Casual 15.6 Inch Water Repellent Laptop Daypack Backpack for Men/Women Unisex-Denim Blue (C5),SKU: B08QG594P7
170,170,B09B27WXSF,Groove 35 Ltrs Water Resistant Backpack,Safari,0,0,0,"1,009",3.7,55,66,,1,55,https://m.media-amazon.com/images/I/61h2OHD-KAL._UX522_.jpg,Backpack,Groove 35 Ltrs Water Resistant Backpack,SKU: B09B27WXSF
171,171,B07KX13TWL,32 Ltrs Blue Casual/School/College Backpack with USB Charging (FRECKLEUSB19CBBLU),Safari,0,0,0,729,4.0,131,72,,1,131,https://m.media-amazon.com/images/I/71NgDkAxN9L._SY450_.jpg,Backpack,32 Ltrs Blue Casual/School/College Backpack with USB Charging (FRECKLEUSB19CBBLU),SKU: B07KX13TWL
172,172,B09RG9DSZZ,18 inch 35 L Casual Waterproof Laptop Backpack/Office Bag/School Bag/College Bag/Business Bag/Unisex Travel Backpack (PG-004),Pagwin,0,0,0,749,0.0,0,50,,0,"₹749
₹1,499 Save ₹750 (50%)",https://m.media-amazon.com/images/I/61obsXwaGvL._AC_UL320_.jpg,Backpack,18 inch 35 L Casual Waterproof Laptop Backpack/Office Bag/School Bag/College Bag/Business Bag/Unisex Travel Backpack (PG-004),SKU: B09RG9DSZZ
173,173,1944135499,"Castles & Crusades Adventurer's Backpack (Hardback, C&C Supp.)",Troll Lord Games,0,0,0,"2,665",0.0,0,24,"Sunday, February 20",1,"₹2,665
₹3,500 Save ₹835 (24%)",https://m.media-amazon.com/images/I/81HbS8jE25L._AC_UL320_.jpg,Backpack,"Castles & Crusades Adventurer's Backpack (Hardback, C&C Supp.)",SKU: 1944135499
174,174,B07KR1NRWR,"20 Ltrs Black/Black/White Casual Backpack (BA6030-013), M",Nike,0,0,0,"1,409",4.3,603,29,,1,603,https://m.media-amazon.com/images/I/91YK-lxXBQL._AC_UL320_.jpg,Backpack,"20 Ltrs Black/Black/White Casual Backpack (BA6030-013), M",SKU: B07KR1NRWR
175,175,B09PLJF1DV,BLANES Large 35 L Laptop Backpack Stylish Unisex Backpack Casual Laptop Bag-Office Bag-School Bag And College Bag-Multipurpose Backpack,Generic,0,0,0,636,4.2,3,58,,0,3,https://m.media-amazon.com/images/I/81qXIzjmjGL._AC_UL320_.jpg,Backpack,BLANES Large 35 L Laptop Backpack Stylish Unisex Backpack Casual Laptop Bag-Office Bag-School Bag And College Bag-Multipurpose Backpack,SKU: B09PLJF1DV
176,176,B08ZJZBX9M,Women's Backpack (Teal),CAPRESE,0,0,0,0,4.5,2,0,,0,2,https://m.media-amazon.com/images/I/71sol8Cl-dS._AC_UL320_.jpg,Backpack,Women's Backpack (Teal),SKU: B08ZJZBX9M
177,177,B091SNKKB4,70L Travel Backpack Hiking Bag Adventure Camping Trekking Bag Rucksack -70L,AFN FASHION,0,0,0,999,4.0,578,71,,1,578,https://m.media-amazon.com/images/I/71OdW0cOeNL._AC_UL320_.jpg,Backpack,70L Travel Backpack Hiking Bag Adventure Camping Trekking Bag Rucksack -70L,SKU: B091SNKKB4
178,178,B073X3TZ1F,Polyester 17 inch 22 cms Black Laptop Backpack (Rover),Safari,0,0,0,"1,099",3.9,318,59,,1,318,https://m.media-amazon.com/images/I/91hcq25eipL._AC_UL320_.jpg,Backpack,Polyester 17 inch 22 cms Black Laptop Backpack (Rover),SKU: B073X3TZ1F
179,179,B07XPJVMDV,Unisex teamGOAL 23 Backpack Black X,Puma,0,0,0,649,4.0,332,50,,1,332,https://m.media-amazon.com/images/I/91pzCX+-0NL._UY550_.jpg,Backpack,Unisex teamGOAL 23 Backpack Black X,SKU: B07XPJVMDV
180,180,B07H5YQ1MS,HP Express 27 ltrs 15.6-inch Laptop Backpack (Black),HP,0,0,0,840,4.2,"3,414",58,"Saturday, February 19",1,"3,414",https://m.media-amazon.com/images/I/919N9XK2kDL._AC_UL320_.jpg,Backpack,HP Express 27 ltrs 15.6-inch Laptop Backpack (Black),SKU: B07H5YQ1MS
181,181,B089QC43BB,Slope Anti Theft Backpack with USB Charging Port 15 Inch Laptop Backpack (Camo Black),Arctic Fox,0,0,0,"1,499",4.5,93,25,,1,93,https://m.media-amazon.com/images/I/61xinPvd6aL._AC_UL320_.jpg,Backpack,Slope Anti Theft Backpack with USB Charging Port 15 Inch Laptop Backpack (Camo Black),SKU: B089QC43BB
182,182,B00Z941HO0,14 cms Navy Blue and Green Casual Backpack (BKPOTLNR60503),Gear,0,0,0,589,4.0,88,46,,1,88,https://m.media-amazon.com/images/I/91cmMLc92UL._SY741_.jpg,Backpack,14 cms Navy Blue and Green Casual Backpack (BKPOTLNR60503),SKU: B00Z941HO0
183,183,B088V9G65Y,27 Ltrs Green-Blue Casual Backpack (BPBEA2EGBL),Skybags,0,0,0,849,3.8,255,58,,1,255,https://m.media-amazon.com/images/I/71f5AahomwL._SY679_.jpg,Backpack,27 Ltrs Green-Blue Casual Backpack (BPBEA2EGBL),SKU: B088V9G65Y
184,184,B09CLN8XF4,bag Anti Theft Water Repellent 15.6 Inch Laptop Backpack Bag with USB Charging Port (GB-1),BAGELLO,0,0,0,550,3.3,23,45,,0,23,https://m.media-amazon.com/images/I/41uGuh3+EHL._AC_UL320_.jpg,Backpack,bag Anti Theft Water Repellent 15.6 Inch Laptop Backpack Bag with USB Charging Port (GB-1),SKU: B09CLN8XF4
185,185,B08NYKDDZL,"Unisex's Heritage - 2.0 Backpack, Crimson Tint/Crimson Tint/Dark, One Size', MISC (BA5879)",Nike,0,0,0,"1,409",3.7,13,29,,1,13,https://m.media-amazon.com/images/I/91bE+21FJQL._UY550_.jpg,Backpack,"Unisex's Heritage - 2.0 Backpack, Crimson Tint/Crimson Tint/Dark, One Size', MISC (BA5879)",SKU: B08NYKDDZL
186,186,B07JKPL1BF,Jupiter Small Outdoor Mini Backpack 12L Daypack,KILLER,0,0,0,465,4.0,"5,419",53,,0,"5,419",https://m.media-amazon.com/images/I/61t-OT1n9NS._AC_UL320_.jpg,Backpack,Jupiter Small Outdoor Mini Backpack 12L Daypack,SKU: B07JKPL1BF
187,187,B07MGDK9K2,HEROZ Harbour Unisex Nylon 28 L Travel Laptop Backpack Water Resistant Slim Durable Fits Up to 17.3 Inch Laptop Notebook (153-ALL) (Purple),HEROZ,0,0,0,841,4.1,"5,649",59,"Saturday, February 19",0,"5,649",https://m.media-amazon.com/images/I/51cboufLY7L._AC_UL320_.jpg,Backpack,HEROZ Harbour Unisex Nylon 28 L Travel Laptop Backpack Water Resistant Slim Durable Fits Up to 17.3 Inch Laptop Notebook (153-ALL) (Purple),SKU: B07MGDK9K2
188,188,B07XKTQN49,"Team Goal 23 Backpack Core, (Electric Blue Lemonade Puma Black)",Puma,0,0,0,649,4.4,82,50,,1,82,https://m.media-amazon.com/images/I/81kQGl0YocL._AC_UL320_.jpg,Backpack,"Team Goal 23 Backpack Core, (Electric Blue Lemonade Puma Black)",SKU: B07XKTQN49
189,189,B09HCMN77M,Zipit Small Outdoor Mini Backpack 11 L Daypack,COSMUS,0,0,0,450,3.7,65,55,,0,65,https://m.media-amazon.com/images/I/61+YBpDHTyL._AC_UL320_.jpg,Backpack,Zipit Small Outdoor Mini Backpack 11 L Daypack,SKU: B09HCMN77M
190,190,B07RC94TG8,"Xplore 55 L Hiking/ Trekking/ Camping/ Travelling Rucksack Backpack with rain cover, shoe compartment, water resistant, made with polyester, 1 year warranty",POLESTAR,0,0,0,956,4.1,"8,542",68,,0,"8,542",https://m.media-amazon.com/images/I/91t9Nn-1fxL._AC_UL320_.jpg,Backpack,"Xplore 55 L Hiking/ Trekking/ Camping/ Travelling Rucksack Backpack with rain cover, shoe compartment, water resistant, made with polyester, 1 year warranty",SKU: B07RC94TG8
191,191,B09B58WF21,Killer Jupiter20 Medium Size Daily use 20 Litre Backpack,COSMUS,0,0,0,545,3.8,55,61,,1,55,https://m.media-amazon.com/images/I/61NV1btBHML._UY550_.jpg,Backpack,Killer Jupiter20 Medium Size Daily use 20 Litre Backpack,SKU: B09B58WF21
192,192,B09QQ494GJ,Bowknot Kitty Printed Backpack For Women and Girls (BV_1306_Black),Bizanne Fashion,0,0,0,399,0.0,0,56,,0,"₹399
₹899 Save ₹500 (56%)",https://m.media-amazon.com/images/I/61BT2dL22pL._AC_UL320_.jpg,Backpack,Bowknot Kitty Printed Backpack For Women and Girls (BV_1306_Black),SKU: B09QQ494GJ
193,193,B09B27B1Q6,"HiTech 35 Ltrs Water Resistant Backpack - Blue, L (HITECH19CBBLU)",Safari,0,0,0,939,4.1,232,69,,1,232,https://m.media-amazon.com/images/I/71hNHEiIfYL._UX522_.jpg,Backpack,"HiTech 35 Ltrs Water Resistant Backpack - Blue, L (HITECH19CBBLU)",SKU: B09B27B1Q6
194,194,B07ZJ7CJVL,Wiki 1 Future Backpack Navy (11950 Navy),Wildcraft,0,0,0,"1,099",4.4,239,8,,1,239,https://m.media-amazon.com/images/I/71kkL4ChLML._SY450_.jpg,Backpack,Wiki 1 Future Backpack Navy (11950 Navy),SKU: B07ZJ7CJVL
195,195,B07ZJ5XF62,Wiki 2 Character Backpack Yellow (11953 Yellow),Wildcraft,0,0,0,983,4.2,63,30,,1,63,https://m.media-amazon.com/images/I/71NM-VqtRbL._AC_UL320_.jpg,Backpack,Wiki 2 Character Backpack Yellow (11953 Yellow),SKU: B07ZJ5XF62
196,196,B09GH3RSM8,34 Ltrs Casual Waterproof Laptop Bag/Backpack for Men Women Boys Girls/Office School College Teens & Students (18 Inch) ( Single red-04),DEfANZO,0,0,0,339,3.5,14,52,,1,14,https://m.media-amazon.com/images/I/6106K4Is9sL._AC_UL320_.jpg,Backpack,34 Ltrs Casual Waterproof Laptop Bag/Backpack for Men Women Boys Girls/Office School College Teens & Students (18 Inch) ( Single red-04),SKU: B09GH3RSM8
197,197,B07G4HH78P,Vintage2 Anti Theft Faux Leather 18 Inch/48 cms Navy Blue Black 28Ltr Laptop Backpack (LBPVG2LTH0501),Gear,0,0,0,789,4.4,"2,119",64,,1,"2,119",https://m.media-amazon.com/images/I/91VmSIbpHfL._AC_UL320_.jpg,Backpack,Vintage2 Anti Theft Faux Leather 18 Inch/48 cms Navy Blue Black 28Ltr Laptop Backpack (LBPVG2LTH0501),SKU: B07G4HH78P
198,198,B07JKRRN9N,Galaxy Small Outdoor Polyester 11 L Mini Daypack Backpack (Camo),KILLER,0,0,0,440,3.6,86,56,,0,86,https://m.media-amazon.com/images/I/611ymEj-vHS._UY550_.jpg,Backpack,Galaxy Small Outdoor Polyester 11 L Mini Daypack Backpack (Camo),SKU: B07JKRRN9N
199,199,B07Q321QDM,46 cms Turquoise Blue Laptop/Casual/School/College Backpack (WANDERER19CBTBU),Safari,0,0,0,889,4.1,90,74,,1,90,https://m.media-amazon.com/images/I/91-tfvkeJiL._AC_UL320_.jpg,Backpack,46 cms Turquoise Blue Laptop/Casual/School/College Backpack (WANDERER19CBTBU),SKU: B07Q321QDM
200,200,B08D54HMS3,Blue Tree Cute Kids Backpack Toddler Bag Plush Animal Cartoon Mini Travel Bag for Baby Girl Boy 1-6 Years (New Butterfly),Blue Tree,0,0,0,299,0.0,0,57,"Saturday, February 19",1,"₹299
₹699 Save ₹400 (57%)",https://m.media-amazon.com/images/I/616GEFxdxIL._AC_UL320_.jpg,Backpack,Blue Tree Cute Kids Backpack Toddler Bag Plush Animal Cartoon Mini Travel Bag for Baby Girl Boy 1-6 Years (New Butterfly),SKU: B08D54HMS3
201,201,B074G4455S,"Hero 32 L Casual/ School/ College/ Day light weight Backpack, suitable for girls, boys, women & men, stylish & durable, made with polyester, 1 year warranty - Green & Black",POLESTAR,0,0,0,585,3.9,525,41,,1,525,https://m.media-amazon.com/images/I/61xCi2AH1tL._AC_UL320_.jpg,Backpack,"Hero 32 L Casual/ School/ College/ Day light weight Backpack, suitable for girls, boys, women & men, stylish & durable, made with polyester, 1 year warranty - Green & Black",SKU: B074G4455S
202,202,B09RFJ7FHV,15.6 inch 25 L Casual Waterproof Laptop Backpack/Office Bag/School Bag/College Bag/Business Bag/Unisex Travel Backpack (PG-0017),Pagwin,0,0,0,349,0.0,0,77,,0,"₹349
₹1,499 Save ₹1,150 (77%)",https://m.media-amazon.com/images/I/61U4groKg3L._UX522_.jpg,Backpack,15.6 inch 25 L Casual Waterproof Laptop Backpack/Office Bag/School Bag/College Bag/Business Bag/Unisex Travel Backpack (PG-0017),SKU: B09RFJ7FHV
203,203,B073X3QGJP,BRISK Polyester 21.5cm Grey Laptop Backpack (Brisk),Safari,0,0,0,"1,049",3.9,461,61,,1,461,https://m.media-amazon.com/images/I/71bX9XQceyL._AC_UL320_.jpg,Backpack,BRISK Polyester 21.5cm Grey Laptop Backpack (Brisk),SKU: B073X3QGJP
204,204,B077NZJ5XZ,Atomic Dx 3 Compartment Large Laptop Bag Polyester Laptop Backpack,COSMUS,0,0,0,"1,529",4.4,"3,607",39,,1,"3,607",https://m.media-amazon.com/images/I/81fApue+UdL._AC_UL320_.jpg,Backpack,Atomic Dx 3 Compartment Large Laptop Bag Polyester Laptop Backpack,SKU: B077NZJ5XZ
205,205,B07N65NHWY,Jazz Nxt 01 Red Grey Casual Backpack,American Tourister,0,0,0,"1,399",4.0,9,35,,1,9,https://m.media-amazon.com/images/I/616SlPmydML._UX522_.jpg,Backpack,Jazz Nxt 01 Red Grey Casual Backpack,SKU: B07N65NHWY
206,206,B09GG53CSL,35 L Waterproof 15.6 inch Laptop Bag/Backpack for Men Women Boys Girls/Office School College with Rain Cover (Grey),Half Moon,0,0,0,639,4.3,36,64,,1,36,https://m.media-amazon.com/images/I/71iEbI+TnPL._AC_UL320_.jpg,Backpack,35 L Waterproof 15.6 inch Laptop Bag/Backpack for Men Women Boys Girls/Office School College with Rain Cover (Grey),SKU: B09GG53CSL
207,207,B09R2H59NL,"Laptop Backpack 13/14/15.6 Inch,Business Slim Durable Laptops Travel Backpacks with USB Charging Port, College School Computer Bag Gifts for Men and Women Fits Notebook (Grey)",Comfabie,0,0,0,649,0.0,0,68,,1,"₹649
₹1,999 Save ₹1,350 (68%)",https://m.media-amazon.com/images/I/51ifSSqczIL._AC_UL320_.jpg,Backpack,"Laptop Backpack 13/14/15.6 Inch,Business Slim Durable Laptops Travel Backpacks with USB Charging Port, College School Computer Bag Gifts for Men and Women Fits Notebook (Grey)",SKU: B09R2H59NL
208,208,B019HA8AYG,Carryon Backpack Black- Blue (BKPCARYON0110),Gear,0,0,0,194,3.7,"3,405",0,,0,"3,405",https://m.media-amazon.com/images/I/81KHT04JtvL._AC_UL320_.jpg,Backpack,Carryon Backpack Black- Blue (BKPCARYON0110),SKU: B019HA8AYG
209,209,B08ZK1H575,Women's Backpack (Plum),CAPRESE,0,0,0,939,4.5,2,73,,1,2,https://m.media-amazon.com/images/I/81VSxyt5JlL._UY625_.jpg,Backpack,Women's Backpack (Plum),SKU: B08ZK1H575
210,210,B07STJF2BP,"New Neon 30 L Backpack (Green), Free Size (BPNNE15HSGN)",Skybags,0,0,0,"1,469",3.8,54,26,,1,54,https://m.media-amazon.com/images/I/61HGG8tjliL._AC_UL320_.jpg,Backpack,"New Neon 30 L Backpack (Green), Free Size (BPNNE15HSGN)",SKU: B07STJF2BP
211,211,B07G4D13LB,Classic Anti Theft Faux Leather 14 cms Black Laptop Backpack (LBPCLSLTH0101),Gear,0,0,0,789,4.5,"1,740",61,,1,"1,740",https://m.media-amazon.com/images/I/91AkiETyGLL._AC_UL320_.jpg,Backpack,Classic Anti Theft Faux Leather 14 cms Black Laptop Backpack (LBPCLSLTH0101),SKU: B07G4D13LB
212,212,B08538JZP8,"Cute Style Female Student Oxford Waterproof Anti Thief School Bags Backpack Girls Daily Backpack Sling Bag (PG-0117, Grey)",Pagwin,0,0,0,327,3.7,"1,970",67,,0,"1,970",https://m.media-amazon.com/images/I/61zIp+GR2BL._AC_UL320_.jpg,Backpack,"Cute Style Female Student Oxford Waterproof Anti Thief School Bags Backpack Girls Daily Backpack Sling Bag (PG-0117, Grey)",SKU: B08538JZP8
213,213,B07QJ96J2H,12.6 inch Girls & Women Backpack,MOCA,0,0,0,899,3.9,"1,052",55,,1,"1,052",https://m.media-amazon.com/images/I/61wV7SPkFpL._AC_UL320_.jpg,Backpack,12.6 inch Girls & Women Backpack,SKU: B07QJ96J2H
214,214,B00TTZU0QG,"NHL Boston Bruins DraftDay Backpack, 18-Inch, Black",NHL,0,0,0,0,0.0,0,0,,0,Concept 1,https://m.media-amazon.com/images/I/71CpvFtFQLL._AC_UL320_.jpg,Backpack,"NHL Boston Bruins DraftDay Backpack, 18-Inch, Black",SKU: B00TTZU0QG
215,215,B08ZM79BZ1,"NK UTILITY HEAT BKPK MENS ,Brown ,MISC, LT OREWOOD BRN/E",Nike,0,0,0,"2,409",4.6,47,40,,1,47,https://m.media-amazon.com/images/I/5135FVtJqAS._UX522_.jpg,Backpack,"NK UTILITY HEAT BKPK MENS ,Brown ,MISC, LT OREWOOD BRN/E",SKU: B08ZM79BZ1
216,216,B07RXK67J7,"Azrel 15.6 Inch 20 Litre Laptop Backpack, Quick Access/Bottle Pocket, Theft and Pickpocketing Protection, Water Repellent Fabric (Green)",Gods,0,0,0,"1,999",4.1,107,20,,1,107,https://m.media-amazon.com/images/I/61lSoNUOKAL._AC_UL320_.jpg,Backpack,"Azrel 15.6 Inch 20 Litre Laptop Backpack, Quick Access/Bottle Pocket, Theft and Pickpocketing Protection, Water Repellent Fabric (Green)",SKU: B07RXK67J7
217,217,B07NPP2FLW,Faux Leather Laptop Backpack for Men and Women for 15.6 Inch Laptops,The Clownfish,0,0,0,999,4.3,"1,761",67,,1,"1,761",https://m.media-amazon.com/images/I/81SCIDGW7SL._UX522_.jpg,Backpack,Faux Leather Laptop Backpack for Men and Women for 15.6 Inch Laptops,SKU: B07NPP2FLW
218,218,B07MCRFH6N,HEROZ Hammer Unisex Nylon 45 L Travel Laptop Backpack Water Resistant Slim Durable Fits Up to 17.3 Inch Laptop Notebook (All) (Grey & Navy Blue),HEROZ,0,0,0,"1,345",4.3,"5,549",58,"Saturday, February 19",1,"5,549",https://m.media-amazon.com/images/I/71JH9vzk+lL._AC_UL320_.jpg,Backpack,HEROZ Hammer Unisex Nylon 45 L Travel Laptop Backpack Water Resistant Slim Durable Fits Up to 17.3 Inch Laptop Notebook (All) (Grey & Navy Blue),SKU: B07MCRFH6N
219,219,B09RG9P12D,18 inch 35 L Casual Waterproof Laptop Backpack/Office Bag/School Bag/College Bag/Business Bag/Unisex Travel Backpack (PG-009),Pagwin,0,0,0,699,0.0,0,53,,0,"₹699
₹1,499 Save ₹800 (53%)",https://m.media-amazon.com/images/I/61OW6AtIGML._AC_UL320_.jpg,Backpack,18 inch 35 L Casual Waterproof Laptop Backpack/Office Bag/School Bag/College Bag/Business Bag/Unisex Travel Backpack (PG-009),SKU: B09RG9P12D
220,220,B08Z24TXTD,Rager 04 Deep Black 46 Cms Casual Backpack,Skybags,0,0,0,599,3.4,12,54,,1,12,https://m.media-amazon.com/images/I/71vuVfNvc1S._UX522_.jpg,Backpack,Rager 04 Deep Black 46 Cms Casual Backpack,SKU: B08Z24TXTD
221,221,B09PVDFQHH,Girl's Nylon Travel Waterproof Anti Theft Backpack With Shoulder Strap (Multi Color),Inovera,0,0,0,867,4.2,8,42,,1,8,https://m.media-amazon.com/images/I/51DVFgXAU8S._AC_UL320_.jpg,Backpack,Girl's Nylon Travel Waterproof Anti Theft Backpack With Shoulder Strap (Multi Color),SKU: B09PVDFQHH
222,222,B00Z93UDQ4,22 cms Black and Red Casual Backpack (BKPAXIS000109),Gear,0,0,0,699,4.4,16,50,,1,16,https://m.media-amazon.com/images/I/91hNxPppJ2L._SY879_.jpg,Backpack,22 cms Black and Red Casual Backpack (BKPAXIS000109),SKU: B00Z93UDQ4
223,223,B07N8PMDJV,29 Ltrs Grey Laptop Backpack (TH/ANDROIDLAP07),Tommy Hilfiger,0,0,0,"1,918",4.1,140,42,,1,140,https://m.media-amazon.com/images/I/61DF2YEkIcL._AC_UL320_.jpg,Backpack,29 Ltrs Grey Laptop Backpack (TH/ANDROIDLAP07),SKU: B07N8PMDJV
224,224,B08ZK1KFVJ,Women's Backpack (Black),CAPRESE,0,0,0,727,5.0,3,76,,1,3,https://m.media-amazon.com/images/I/61-hoSl0ViS._AC_UL320_.jpg,Backpack,Women's Backpack (Black),SKU: B08ZK1KFVJ
225,225,B08R65PRVZ,Fashion Girls 3-PCS Fashion Cute Mini Leather Backpack Sling Bag & Pouch Set for Women,Bellina,0,0,0,449,3.9,88,65,,0,88,https://m.media-amazon.com/images/I/4118crh3icL._AC_UL320_.jpg,Backpack,Fashion Girls 3-PCS Fashion Cute Mini Leather Backpack Sling Bag & Pouch Set for Women,SKU: B08R65PRVZ
226,226,B08T7TH5RP,"Women’s Girls Fashion PU Leather Mini Casual Backpack Bags For School, College, Tuition, office With Small Pocket Keychain (Grey)",Sleema Fashion,0,0,0,327,3.5,145,67,,1,145,https://m.media-amazon.com/images/I/41SZdj3UJML._AC_UL320_.jpg,Backpack,"Women’s Girls Fashion PU Leather Mini Casual Backpack Bags For School, College, Tuition, office With Small Pocket Keychain (Grey)",SKU: B08T7TH5RP
227,227,B07JLTTDVB,Ripon Trendy Stylish Waterproof Canvas Casual Laptop Backpack,KILLER,0,0,0,"1,310",4.3,271,53,,1,271,https://m.media-amazon.com/images/I/81JhgvqriTL._UY679_.jpg,Backpack,Ripon Trendy Stylish Waterproof Canvas Casual Laptop Backpack,SKU: B07JLTTDVB
228,228,B07J46KLFP,"15.6 Inch Laptop Backpack 25 LTR Bag for School, College and Office with USB Charging Port",FUR JADEN,0,0,0,499,3.9,"7,314",75,,1,"7,314",https://m.media-amazon.com/images/I/91t9Nn-1fxL._AC_UL320_.jpg,Backpack,"15.6 Inch Laptop Backpack 25 LTR Bag for School, College and Office with USB Charging Port",SKU: B07J46KLFP
229,229,B084JVCB4L,"HP NB Bundle Backpack with with Accessible Pockets and Dedicated Padded Compartment for Laptops and Notebooks up to 15.6 inch (W3Z70PA), Dark Blue, L",HP,0,0,0,"1,790",4.2,90,1,"Wednesday, February 16",1,90,https://m.media-amazon.com/images/I/616aYKCHLpS._SY355_.jpg,Backpack,"HP NB Bundle Backpack with with Accessible Pockets and Dedicated Padded Compartment for Laptops and Notebooks up to 15.6 inch (W3Z70PA), Dark Blue, L",SKU: B084JVCB4L
230,230,B09DLDHVXQ,Women's Misty Backpack-Ladies Handbag (D. Pink),Lavie,0,0,0,"1,349",0.0,0,61,,1,"₹1,349
₹3,499 Save ₹2,150 (61%)",https://m.media-amazon.com/images/I/81drbxI2l9L._UY575_.jpg,Backpack,Women's Misty Backpack-Ladies Handbag (D. Pink),SKU: B09DLDHVXQ
231,231,B0836LLCXL,Wildcraft 29.5 Ltrs Pack 3 Canvas Black Casual Backpack (12252_Canvas_Black)(HxWxD : 18.5x13x7.5)(inches),Wiki,0,0,0,"1,540",4.3,12,21,,1,12,https://m.media-amazon.com/images/I/71qHRQGpX0L._AC_UL320_.jpg,Backpack,Wildcraft 29.5 Ltrs Pack 3 Canvas Black Casual Backpack (12252_Canvas_Black)(HxWxD : 18.5x13x7.5)(inches),SKU: B0836LLCXL
232,232,B09CNZXHJD,Unisex Nylon 45 L Travel Laptop Backpack Water Resistant Slim Durable Fits Up to 17.3 Inch Laptop Notebook,Tracker,0,0,0,999,4.1,113,71,,1,113,https://m.media-amazon.com/images/I/71sFKxjQyOL._SX425_.jpg,Backpack,Unisex Nylon 45 L Travel Laptop Backpack Water Resistant Slim Durable Fits Up to 17.3 Inch Laptop Notebook,SKU: B09CNZXHJD
233,233,B08PKP7H8K,Cotton Backpack Medium Size,ASTRID,0,0,0,599,4.1,16,54,,1,16,https://m.media-amazon.com/images/I/51F68Yd4ovL._AC_UL320_.jpg,Backpack,Cotton Backpack Medium Size,SKU: B08PKP7H8K
234,234,B088X24HWW,Tactical Sling Bag Chest Pack Backpack Hiking Daypack Men Women,ELECTOMANIA,0,0,0,796,3.9,113,20,,1,113,https://m.media-amazon.com/images/I/61Z-1ev6rpL._AC_UL320_.jpg,Backpack,Tactical Sling Bag Chest Pack Backpack Hiking Daypack Men Women,SKU: B088X24HWW
235,235,B08WJBGNS1,Laptop Waterproof Casual Travel bagpack/School Backpack Bag (Black),Hi-Guys,0,0,0,349,3.8,19,65,,1,19,https://m.media-amazon.com/images/I/71HW7znNQDS._AC_UL320_.jpg,Backpack,Laptop Waterproof Casual Travel bagpack/School Backpack Bag (Black),SKU: B08WJBGNS1
236,236,B07G44G1DC,Vintage2 Anti Theft Faux Leather 28 Ltrs Black Laptop Backpack (LBPVG2LTH0101),Gear,0,0,0,809,4.4,978,63,,1,978,https://m.media-amazon.com/images/I/915EZvywT4L._AC_UL320_.jpg,Backpack,Vintage2 Anti Theft Faux Leather 28 Ltrs Black Laptop Backpack (LBPVG2LTH0101),SKU: B07G44G1DC
237,237,B083QSC5QQ,Polyester 24 cms Multicolor School Backpack (BTS-7111),Peppa Pig,0,0,0,631,4.0,4,37,,1,4,https://m.media-amazon.com/images/I/81O6BwVvWSL._SY450_.jpg,Backpack,Polyester 24 cms Multicolor School Backpack (BTS-7111),SKU: B083QSC5QQ
238,238,B089Q9TM16,Arctic Fox New Anti-Theft Alarm Zipper System Backpack with USB Charging Port 15 Inch Laptop Backpack (Camo Black),Arctic Fox,0,0,0,"2,099",4.5,162,25,,1,162,https://m.media-amazon.com/images/I/614ZmGuLVqL._AC_UL320_.jpg,Backpack,Arctic Fox New Anti-Theft Alarm Zipper System Backpack with USB Charging Port 15 Inch Laptop Backpack (Camo Black),SKU: B089Q9TM16
239,239,B08PQG2688,"Unisex Backpack for School, Travelling and Daily uses",Paradox,0,0,0,599,3.5,10,70,,1,10,https://m.media-amazon.com/images/I/81DrimpaLwL._AC_UL320_.jpg,Backpack,"Unisex Backpack for School, Travelling and Daily uses",SKU: B08PQG2688
240,240,B09J1DNR3M,Pu Leather Preppy Style Women Backpack,TYPIFY,0,0,0,501,3.5,289,71,,1,289,https://m.media-amazon.com/images/I/51lrN7ggm1S._AC_UL320_.jpg,Backpack,Pu Leather Preppy Style Women Backpack,SKU: B09J1DNR3M
241,241,B07P6CNKHV,"Bags Delta 39 L Polyester Navy Blue 15.6"" inch Laptop Backpack | Office, Travel and Casual Laptop Bag",HARISSONS,0,0,0,"1,999",4.3,979,29,,1,979,https://m.media-amazon.com/images/I/71iSRWClWlL._AC_UL320_.jpg,Backpack,"Bags Delta 39 L Polyester Navy Blue 15.6"" inch Laptop Backpack | Office, Travel and Casual Laptop Bag",SKU: B07P6CNKHV
242,242,B07D5QZ76G,PUMA Phase Backpack Limoges,PUMA,0,0,0,709,4.3,532,45,,1,532,https://m.media-amazon.com/images/I/818x-JfFkeL._AC_UL320_.jpg,Backpack,PUMA Phase Backpack Limoges,SKU: B07D5QZ76G
243,243,B07G13F54G,Iris 23 LTR Laptop Backpack for 14 inch Laptop - Blue Series,EUME,0,0,0,"1,809",4.0,85,65,,0,85,https://m.media-amazon.com/images/I/91tw0O4x0fS._UX522_.jpg,Backpack,Iris 23 LTR Laptop Backpack for 14 inch Laptop - Blue Series,SKU: B07G13F54G
244,244,B07RFDC5FL,"GODS Zarc Anti-Theft 15.6 inch Laptop Backpack, Cable Organiser, Sunglass Pocket, Water Repellant, Imported YKK Zipper, 180 Degree Rear Opens Like a Suitcase, (Black)",Gods,0,0,0,"2,099",4.4,561,13,,1,561,https://m.media-amazon.com/images/I/61wqDNv18cL._AC_UL320_.jpg,Backpack,"GODS Zarc Anti-Theft 15.6 inch Laptop Backpack, Cable Organiser, Sunglass Pocket, Water Repellant, Imported YKK Zipper, 180 Degree Rear Opens Like a Suitcase, (Black)",SKU: B07RFDC5FL
245,245,B07NSBSV2Y,15 Ltrs Cherry Red Casual/School/College Backpack (DAYPACKNEO15CBCRE),Safari,0,0,0,299,4.1,"3,238",63,,0,"3,238",https://m.media-amazon.com/images/I/61XKKuQok2L._AC_UL320_.jpg,Backpack,15 Ltrs Cherry Red Casual/School/College Backpack (DAYPACKNEO15CBCRE),SKU: B07NSBSV2Y
246,246,B09CZBK2ZV,Kids School Bag Soft Plush Backpacks Cartoon Boys Girls Baby (2-5 Years),DZert,0,0,0,239,3.8,"2,689",78,,0,"2,689",https://m.media-amazon.com/images/I/61MCGmS6F8L._AC_UL320_.jpg,Backpack,Kids School Bag Soft Plush Backpacks Cartoon Boys Girls Baby (2-5 Years),SKU: B09CZBK2ZV
247,247,B08WLYHMB6,"Classic Backpack for 14 Inch Laptop with Padded Shoulder Strap (CRXL5211, Grey & Red)",CROMA,0,0,0,699,3.7,13,53,,1,13,https://m.media-amazon.com/images/I/91NrPfGlvDL._AC_UL320_.jpg,Backpack,"Classic Backpack for 14 Inch Laptop with Padded Shoulder Strap (CRXL5211, Grey & Red)",SKU: B08WLYHMB6
248,248,B07QS31P59,Day Pixel Polyester 22 Ltrs Mini Casual/School/College Backpack for Men and Women (Teal Green 1),EUME,0,0,0,672,3.7,24,46,,1,24,https://m.media-amazon.com/images/I/91mzK1nMpnL._AC_UL320_.jpg,Backpack,Day Pixel Polyester 22 Ltrs Mini Casual/School/College Backpack for Men and Women (Teal Green 1),SKU: B07QS31P59
249,249,B09NJM7NWM,WorldCare® red12L Bicycle Bags Mountain Climbing Camping Cycling Riding Bike Outdoor Equipment Backpack Men Women Waterproof Climbing Bags,Generic,0,0,0,0,0.0,0,0,,0,,https://m.media-amazon.com/images/I/512DwMwev+L._AC_UL320_.jpg,Backpack,WorldCare® red12L Bicycle Bags Mountain Climbing Camping Cycling Riding Bike Outdoor Equipment Backpack Men Women Waterproof Climbing Bags,SKU: B09NJM7NWM
250,250,B091YR9XXP,RIGHTCHOICE Stylish tuff Quality College School Casual Backpack Bags (Boys and Girls),Right Choice,0,0,0,399,3.6,490,73,,1,490,https://m.media-amazon.com/images/I/61x8sgBeG+L._AC_UL320_.jpg,Backpack,RIGHTCHOICE Stylish tuff Quality College School Casual Backpack Bags (Boys and Girls),SKU: B091YR9XXP
251,251,B07HN77YNZ,Military Tactical 29 Liter Backpack (Marpat ACV Digital Camo),F Gear,0,0,0,"1,304",3.8,106,59,,1,106,https://m.media-amazon.com/images/I/81BdFEfKQsL._AC_UL320_.jpg,Backpack,Military Tactical 29 Liter Backpack (Marpat ACV Digital Camo),SKU: B07HN77YNZ
252,252,B07XY5H6T7,"55 LTR Travel Backpack Daypack bag for Camping Hiking Trekking, Navy Blue, SHK014",TRAWOC,0,0,0,"1,141",4.2,"1,341",62,,1,"1,341",https://m.media-amazon.com/images/I/91955c7wmCL._AC_UL320_.jpg,Backpack,"55 LTR Travel Backpack Daypack bag for Camping Hiking Trekking, Navy Blue, SHK014",SKU: B07XY5H6T7
253,253,B09B264BV6,"Sneak Casual Backpack with USB Charging Port 26 Ltrs Water Resistant Fabric - Red, L (SNEAK19CBRED)",Safari,0,0,0,791,3.7,22,73,,1,22,https://m.media-amazon.com/images/I/61Xg3QV36-L._UX522_.jpg,Backpack,"Sneak Casual Backpack with USB Charging Port 26 Ltrs Water Resistant Fabric - Red, L (SNEAK19CBRED)",SKU: B09B264BV6
254,254,B09NSRPKFF,OOL BAGS Anti Theft Laptop Backpack Bag with USB Charging Port Water Repellent Casual Unisex Bag for School College Office Black Color (15.6 Inch),Generic,0,0,0,659,0.0,0,45,,1,"₹659
₹1,199 Save ₹540 (45%)",https://m.media-amazon.com/images/I/31v104QlAmL._AC_UL320_.jpg,Backpack,OOL BAGS Anti Theft Laptop Backpack Bag with USB Charging Port Water Repellent Casual Unisex Bag for School College Office Black Color (15.6 Inch),SKU: B09NSRPKFF
255,255,B08BZSLTP8,Preppy Style Fashion Waterproof Women Girls Backpack Korean Design Drawstring Chain travel College Office Bag Laptop Backpack,DIVING DEEP,0,0,0,299,3.6,943,50,,1,943,https://m.media-amazon.com/images/I/41cCchx00jL._AC_UL320_.jpg,Backpack,Preppy Style Fashion Waterproof Women Girls Backpack Korean Design Drawstring Chain travel College Office Bag Laptop Backpack,SKU: B08BZSLTP8
256,256,B08665GY1J,"Emprise Melange Blue, Black 23 Ltrs Backpack (3362)",F Gear,0,0,0,406,4.4,11,67,,0,11,https://m.media-amazon.com/images/I/8159INXCcKL._AC_UL320_.jpg,Backpack,"Emprise Melange Blue, Black 23 Ltrs Backpack (3362)",SKU: B08665GY1J
257,257,B09RKNNVFR,Large 37L Laptop Bag/Rucksack Backpack for Luggage Travel Bags for Men Women Boys and Girls with 17.3 inches Laptop Compartment & Rain Cover,Half Moon,0,0,0,729,0.0,0,75,,1,"₹729
₹2,899 Save ₹2,170 (75%)",https://m.media-amazon.com/images/I/71DPYv-vqLL._AC_UL320_.jpg,Backpack,Large 37L Laptop Bag/Rucksack Backpack for Luggage Travel Bags for Men Women Boys and Girls with 17.3 inches Laptop Compartment & Rain Cover,SKU: B09RKNNVFR
258,258,B07G4CYC74,Classic Anti Theft Faux Leather 20 Ltrs Tan Laptop Backpack (LBPCLSLTH1901),Gear,0,0,0,799,4.5,"1,152",60,,1,"1,152",https://m.media-amazon.com/images/I/91QgFqkAUIL._AC_UL320_.jpg,Backpack,Classic Anti Theft Faux Leather 20 Ltrs Tan Laptop Backpack (LBPCLSLTH1901),SKU: B07G4CYC74
259,259,B09PHRWM5L,25L Black Laptop Backpack,WILDER,0,0,0,309,0.0,0,76,,0,"₹309
₹1,299 Save ₹990 (76%)",https://m.media-amazon.com/images/I/812QFzHbDDL._UY679_.jpg,Backpack,25L Black Laptop Backpack,SKU: B09PHRWM5L
260,260,B09PHTTTS7,25L Grey Laptop Backpack,WILDER,0,0,0,309,0.0,0,76,,0,"₹309
₹1,299 Save ₹990 (76%)",https://m.media-amazon.com/images/I/81G6hEFeqkL._AC_UL320_.jpg,Backpack,25L Grey Laptop Backpack,SKU: B09PHTTTS7
261,261,B083G2PJ8C,20 Ltrs Blue School Backpack (MBE-WDP1580),Disney,0,0,0,765,5.0,4,23,,1,4,https://m.media-amazon.com/images/I/91+aPHCNpRL._SY679_.jpg,Backpack,20 Ltrs Blue School Backpack (MBE-WDP1580),SKU: B083G2PJ8C
262,262,B08FG7VT5R,PU Leather Teddy Keychain Women Backpack Girls Handbag,TYPIFY,0,0,0,359,4.0,200,79,,0,200,https://m.media-amazon.com/images/I/61Pp4UZHr3L._AC_UL320_.jpg,Backpack,PU Leather Teddy Keychain Women Backpack Girls Handbag,SKU: B08FG7VT5R
263,263,B0893ZCJ2F,Plaids 19 Maroon Backpack Collection,Genie,0,0,0,"1,086",4.3,66,53,,1,66,https://m.media-amazon.com/images/I/61AjjxlzHzS._UX522_.jpg,Backpack,Plaids 19 Maroon Backpack Collection,SKU: B0893ZCJ2F
264,264,B09M8XM37S,MITAL PARAGKUMAR Soni 50 litres Nylon Travel Laptop Backpack Water Resistant Slim Durable Computer Book Bag,store,0,0,0,"29,999",0.0,0,14,,0,"₹29,999
₹34,999 Save ₹5,000 (14%)",https://m.media-amazon.com/images/I/51C5aRyru7L._AC_UL320_.jpg,Backpack,MITAL PARAGKUMAR Soni 50 litres Nylon Travel Laptop Backpack Water Resistant Slim Durable Computer Book Bag,SKU: B09M8XM37S
265,265,B07NQ8LG83,Marvel Extra 03 35 Ltrs Blue Casual Backpack (Marvel Extra 03),Skybags,0,0,0,"1,799",4.3,637,57,,1,637,https://m.media-amazon.com/images/I/91voVO1eFuL._AC_UL320_.jpg,Backpack,Marvel Extra 03 35 Ltrs Blue Casual Backpack (Marvel Extra 03),SKU: B07NQ8LG83
266,266,B08VVV6PYN,Business 30L Casual Dual Compartment Water Resistant Laptop Backpack,URBAN WOLF,0,0,0,699,4.0,200,53,,1,200,https://m.media-amazon.com/images/I/81KmbCSodhL._AC_UL320_.jpg,Backpack,Business 30L Casual Dual Compartment Water Resistant Laptop Backpack,SKU: B08VVV6PYN
267,267,B09PGKSMGL,Anti Theft Backpack with USB Charging Port 15.6 Inch Laptop Bagpack Waterproof Casual Unisex Bag for School College Office Suitable for Men Women,Diggy,0,0,0,499,4.2,3,69,,0,3,https://m.media-amazon.com/images/I/61AjjxlzHzS._UX522_.jpg,Backpack,Anti Theft Backpack with USB Charging Port 15.6 Inch Laptop Bagpack Waterproof Casual Unisex Bag for School College Office Suitable for Men Women,SKU: B09PGKSMGL
268,268,B09FXBYZ1L,60 Litres Multicolor Air Mesh PRO Waterproof Rucksack Trekking Hiking Camping Outdoor Camps Luggage Bags Tour Travel Backpack with Rain Cover,Impulse,0,0,0,"1,299",0.0,0,76,,1,"₹1,299
₹5,500 Save ₹4,201 (76%)",https://m.media-amazon.com/images/I/81p4iSnUVgL._AC_UL320_.jpg,Backpack,60 Litres Multicolor Air Mesh PRO Waterproof Rucksack Trekking Hiking Camping Outdoor Camps Luggage Bags Tour Travel Backpack with Rain Cover,SKU: B09FXBYZ1L
269,269,B09DPJZVTZ,"Latest Backpack For Girls School Bag Boys Casual Daypack Stylish Printed Girl Backpacks With Laptop Sleeve Ideal for School College Traveling Office Kids Girls and Boys, Size:16 inch",TYNIMO,0,0,0,999,5.0,3,33,,1,3,https://m.media-amazon.com/images/I/81gMqsLihAL._AC_UL320_.jpg,Backpack,"Latest Backpack For Girls School Bag Boys Casual Daypack Stylish Printed Girl Backpacks With Laptop Sleeve Ideal for School College Traveling Office Kids Girls and Boys, Size:16 inch",SKU: B09DPJZVTZ
270,270,B0846LBSW4,Figo Plus 05 36 Ltrs Blue Casual Backpack,Skybags,0,0,0,"1,360",4.4,52,63,,1,52,https://m.media-amazon.com/images/I/A1gzAc4FrNL._AC_UL320_.jpg,Backpack,Figo Plus 05 36 Ltrs Blue Casual Backpack,SKU: B0846LBSW4
271,271,B097KGL2M5,"Workspace 18 Ltrs Hybrid Briefcase Laptop Backpack (Black-Red), One Size (BKPWRPHYD0101)",Gear,0,0,0,889,4.1,47,78,,1,47,https://m.media-amazon.com/images/I/81EN0NQ3unL._AC_UL320_.jpg,Backpack,"Workspace 18 Ltrs Hybrid Briefcase Laptop Backpack (Black-Red), One Size (BKPWRPHYD0101)",SKU: B097KGL2M5
272,272,B07CDD6YS2,Louis 38L Large Laptop Backpack With 3 Compartments Polyester Trendy Waterproof Travel Backpack,KILLER,0,0,0,"1,529",4.4,"9,231",52,,1,"9,231",https://m.media-amazon.com/images/I/81LWWec+irL._AC_UL320_.jpg,Backpack,Louis 38L Large Laptop Backpack With 3 Compartments Polyester Trendy Waterproof Travel Backpack,SKU: B07CDD6YS2
273,273,B07BZ675FP,44.2 Ltrs Navy Blue Laptop/Casual/School/College Backpack (Drawstring 20 CB NAV),Safari,0,0,0,"1,119",4.0,335,55,,1,335,https://m.media-amazon.com/images/I/61gRHJ5dTyL._AC_UL320_.jpg,Backpack,44.2 Ltrs Navy Blue Laptop/Casual/School/College Backpack (Drawstring 20 CB NAV),SKU: B07BZ675FP
274,274,B09KS1X5BX,Women's Girls Mini Cute Rabbit PU Backpack,Faisna,0,0,0,199,5.0,2,85,,1,2,https://m.media-amazon.com/images/I/61sEbyvftCL._UX522_.jpg,Backpack,Women's Girls Mini Cute Rabbit PU Backpack,SKU: B09KS1X5BX
275,275,B09CQ57Q6Q,Large 35 L Laptop Backpack Trendy Backpack With Rain Cover,LUGARE,0,0,0,625,4.5,12,65,,0,12,https://m.media-amazon.com/images/I/71zjpWBwxnS._AC_UL320_.jpg,Backpack,Large 35 L Laptop Backpack Trendy Backpack With Rain Cover,SKU: B09CQ57Q6Q
276,276,B08ZJ3NSL5,"Internal Frame Travel Backpack with Detachable Daypack / Camping Hiking Trekking Bag Rucksack BHK007, 1 Year Warranty",TRAWOC,0,0,0,"2,776",4.3,449,44,,1,449,https://m.media-amazon.com/images/I/91pSMfrD8HL._AC_UL320_.jpg,Backpack,"Internal Frame Travel Backpack with Detachable Daypack / Camping Hiking Trekking Bag Rucksack BHK007, 1 Year Warranty",SKU: B08ZJ3NSL5
277,277,B07SRGQ2R4,"Miami 13 Litres Rose Casual Backpack (14 inch, Water Resistant)",Genie,0,0,0,733,4.5,"1,311",59,,1,"1,311",https://m.media-amazon.com/images/I/71DPD4B-1nL._AC_UL320_.jpg,Backpack,"Miami 13 Litres Rose Casual Backpack (14 inch, Water Resistant)",SKU: B07SRGQ2R4
278,278,B07SSFGRLK,"Vacay 18 litres Jade Casual Backpack (Laptop,16 inch, Water Resistant)",Genie,0,0,0,759,4.5,263,37,,1,263,https://m.media-amazon.com/images/I/719ecO+EqcL._AC_UL320_.jpg,Backpack,"Vacay 18 litres Jade Casual Backpack (Laptop,16 inch, Water Resistant)",SKU: B07SSFGRLK
279,279,B08CKRMWCR,Zest 01 35 L Backpack (Green) Teal,Aristocrat,0,0,0,849,4.2,73,54,,1,73,https://m.media-amazon.com/images/I/61q+Z+dLDQL._UY550_.jpg,Backpack,Zest 01 35 L Backpack (Green) Teal,SKU: B08CKRMWCR
280,280,B09B27CYC4,"Snap 35 Ltrs Large Laptop Backpack With 3 Compartments, Water Resistant Fabric - Black (SNAP19CBBLK)",Safari,0,0,0,"1,121",3.6,113,67,,1,113,https://m.media-amazon.com/images/I/61AKeWINawL._UX522_.jpg,Backpack,"Snap 35 Ltrs Large Laptop Backpack With 3 Compartments, Water Resistant Fabric - Black (SNAP19CBBLK)",SKU: B09B27CYC4
281,281,B078MFYJ3M,Heavy Duty School Bag - Cosmus Norwich 33L waterproof Backpacks Bag With laptop compartment,COSMUS,0,0,0,982,4.2,250,45,,1,250,https://m.media-amazon.com/images/I/71PkPZBPJ5L._AC_UL320_.jpg,Backpack,Heavy Duty School Bag - Cosmus Norwich 33L waterproof Backpacks Bag With laptop compartment,SKU: B078MFYJ3M
282,282,B089WFYJPX,Cute Kids Backpack Toddler Bag Plush Animal Cartoon Mini Travel Bag for Baby Girl Boy 1-6 Years (Batman),Blue Tree,0,0,0,261,3.9,168,63,,0,168,https://m.media-amazon.com/images/I/41lOV47iFtL._AC_UL320_.jpg,Backpack,Cute Kids Backpack Toddler Bag Plush Animal Cartoon Mini Travel Bag for Baby Girl Boy 1-6 Years (Batman),SKU: B089WFYJPX
283,283,B09BF7QT3Q,Combo of 2- Fur Jaden Hiking Camping Rucksack Casual 10 Ltrs Blue Casual Backpack,FUR JADEN,0,0,0,498,3.2,14,75,,0,14,,Backpack,Combo of 2- Fur Jaden Hiking Camping Rucksack Casual 10 Ltrs Blue Casual Backpack,SKU: B09BF7QT3Q
284,284,B07N1CSG11,35 Ltrs 18.50 inchs Backpack (11911 Black_Black),Wildcraft,0,0,0,"1,278",4.1,355,15,,0,355,https://m.media-amazon.com/images/I/71S9yJotC0L._AC_UL320_.jpg,Backpack,35 Ltrs 18.50 inchs Backpack (11911 Black_Black),SKU: B07N1CSG11
285,285,B086SY5RYG,55 LTR Trekking Hiking Sports Travel Rucksack Backpack with Shoe Compartment for Outdoor Travel and Backpacking Weekend Trips (Black Grey),FUR JADEN,0,0,0,649,4.1,400,81,,1,400,https://m.media-amazon.com/images/I/71Ftk-y8MzL._AC_UL320_.jpg,Backpack,55 LTR Trekking Hiking Sports Travel Rucksack Backpack with Shoe Compartment for Outdoor Travel and Backpacking Weekend Trips (Black Grey),SKU: B086SY5RYG
286,286,B08D76WDTV,Compact Business Laptop Backpack India Ink (BUSCOMPACT052),Gear,0,0,0,599,4.3,810,67,,1,810,https://m.media-amazon.com/images/I/61cdOBlyAOL._AC_UL320_.jpg,Backpack,Compact Business Laptop Backpack India Ink (BUSCOMPACT052),SKU: B08D76WDTV
287,287,B07SMJD685,22 Ltrs Puma Black School Backpack (7662201),Puma,0,0,0,779,3.9,202,40,,1,202,https://m.media-amazon.com/images/I/91CP-KZP8NL._AC_UL320_.jpg,Backpack,22 Ltrs Puma Black School Backpack (7662201),SKU: B07SMJD685
288,288,B07FM4KQ1L,20.25 Ltrs Grey School Backpack (HD/LEAG07BP),HEAD,0,0,0,599,3.9,23,70,,1,23,https://m.media-amazon.com/images/I/61dttj2ybpL._AC_UL320_.jpg,Backpack,20.25 Ltrs Grey School Backpack (HD/LEAG07BP),SKU: B07FM4KQ1L
289,289,B0757MBSS6,21 Ltrs Black Grey Casual Backpack (MDBKPECO50104),Gear,0,0,0,388,3.8,"1,404",61,,0,"1,404",https://m.media-amazon.com/images/I/918DJfyv9rL._AC_UL320_.jpg,Backpack,21 Ltrs Black Grey Casual Backpack (MDBKPECO50104),SKU: B0757MBSS6
290,290,B09FQ3S2LG,60 Litres Keep Discovering Light Waterproof Rucksack Trekking Hiking Camping Outdoor Camps Luggage Bags Tour Travel Backpack with Rain Cover,Impulse,0,0,0,999,4.1,51,70,,1,51,https://m.media-amazon.com/images/I/71CXBhjZ6+L._AC_UL320_.jpg,Backpack,60 Litres Keep Discovering Light Waterproof Rucksack Trekking Hiking Camping Outdoor Camps Luggage Bags Tour Travel Backpack with Rain Cover,SKU: B09FQ3S2LG
291,291,B08LSQ77Y6,Girl's PU Travel Waterproof Anti Theft Backpack With Shoulder Strap,INOVERA (LABEL),0,0,0,"1,055",4.3,160,34,,1,160,https://m.media-amazon.com/images/I/71bI2D+5N0L._AC_UL320_.jpg,Backpack,Girl's PU Travel Waterproof Anti Theft Backpack With Shoulder Strap,SKU: B08LSQ77Y6
292,292,B08LBLHVXQ,Speckle 36 Ltrs (15.6 inch) Laptop Backpack/Bag for Men and Women,HARISSONS,0,0,0,"1,919",4.4,168,34,,0,168,https://m.media-amazon.com/images/I/41Z4OwRv2sL._AC_UL320_.jpg,Backpack,Speckle 36 Ltrs (15.6 inch) Laptop Backpack/Bag for Men and Women,SKU: B08LBLHVXQ
293,293,B071WMG6HC,24 Ltrs Black Laptop Backpack (7471401),Puma,0,0,0,749,4.1,143,50,,1,143,https://m.media-amazon.com/images/I/81M2a4qBJGL._AC_UL320_.jpg,Backpack,24 Ltrs Black Laptop Backpack (7471401),SKU: B071WMG6HC
294,294,B084Q4N84P,Walt Laptop Backpack Business Office College Travel Bags for Men Fits Up to 15 inch Laptop Notebook - Black,POLICE,0,0,0,"1,699",4.2,291,62,,1,291,https://m.media-amazon.com/images/I/71T1Q1PW9XL._AC_UL320_.jpg,Backpack,Walt Laptop Backpack Business Office College Travel Bags for Men Fits Up to 15 inch Laptop Notebook - Black,SKU: B084Q4N84P
295,295,B08VJ2XS4C,"Aztech Black 30 L Water Resistant college,School Bag/Backpack For Boys And Girls",STRABO,0,0,0,749,3.6,6,25,,1,6,https://m.media-amazon.com/images/I/51SU1Ub9nlL._AC_UL320_.jpg,Backpack,"Aztech Black 30 L Water Resistant college,School Bag/Backpack For Boys And Girls",SKU: B08VJ2XS4C
296,296,B07R6X4NSR,The Baby Co. Diaper Bag Backpack Baby Bag Multifunction Maternity Travel Changing Pack – Water Resistant Nappy Tote (TBC-HM-7C),The Baby Co.,0,0,0,749,4.4,68,67,"Sunday, February 20",1,68,https://m.media-amazon.com/images/I/71jwaMty9RL._AC_UL320_.jpg,Backpack,The Baby Co. Diaper Bag Backpack Baby Bag Multifunction Maternity Travel Changing Pack – Water Resistant Nappy Tote (TBC-HM-7C),SKU: B07R6X4NSR
297,297,B07S794KM9,"Casual Backpack, Black & Grey",Sirius,0,0,0,499,0.0,0,69,,0,"₹499
₹1,599 Save ₹1,100 (69%)",,Backpack,"Casual Backpack, Black & Grey",SKU: B07S794KM9
298,298,B09B25Z8M2,"Quill Laptop Backpack 26 Ltrs Water Resistant Fabric - Black, L (QUILL19CBBLK)",Safari,0,0,0,829,4.0,189,71,,1,189,https://m.media-amazon.com/images/I/61xpAsIGqwL._UX522_.jpg,Backpack,"Quill Laptop Backpack 26 Ltrs Water Resistant Fabric - Black, L (QUILL19CBBLK)",SKU: B09B25Z8M2
299,299,B088B4LZ1C,15.6 inch 30 L Casual Waterproof Laptop Backpack/Office Bag/School Bag/College Bag/Business Bag/Unisex Travel Backpack(Red),Martucci,0,0,0,569,4.1,"2,258",68,,1,"2,258",https://m.media-amazon.com/images/I/717QCh1pLpL._AC_UL320_.jpg,Backpack,15.6 inch 30 L Casual Waterproof Laptop Backpack/Office Bag/School Bag/College Bag/Business Bag/Unisex Travel Backpack(Red),SKU: B088B4LZ1C
300,300,B09RHB26K1,Backpack for Women and Girls | Women Latest Trendy Backpack,Pagwin,0,0,0,399,0.0,0,60,,1,"₹399
₹999 Save ₹600 (60%)",https://m.media-amazon.com/images/I/41sGHXh7j1L._AC_UL320_.jpg,Backpack,Backpack for Women and Girls | Women Latest Trendy Backpack,SKU: B09RHB26K1
301,301,B07D6NXR2Q,"Amaze 30 L College/ Casual/ Office/ Travel Backpack with 15.6"" laptop compartment, made with polyester, 1 year warranty",POLESTAR,0,0,0,658,4.0,"5,107",49,,0,"5,107",https://m.media-amazon.com/images/I/91ZGFbXbExL._AC_UL320_.jpg,Backpack,"Amaze 30 L College/ Casual/ Office/ Travel Backpack with 15.6"" laptop compartment, made with polyester, 1 year warranty",SKU: B07D6NXR2Q
302,302,B0847NMHLG,"65 L Travel Backpack for Hiking Trekking Bag Camping Rucksack with Rain Cover / Shoe Compartment MHK002, 1 Year Warranty",TRAWOC,0,0,0,"1,564",4.4,806,48,,1,806,https://m.media-amazon.com/images/I/71++O7wGgoL._AC_UL320_.jpg,Backpack,"65 L Travel Backpack for Hiking Trekking Bag Camping Rucksack with Rain Cover / Shoe Compartment MHK002, 1 Year Warranty",SKU: B0847NMHLG
303,303,B09NNG1P81,2021 New Flower Embroidered Artistic National Style Oxford Large Capacity Women's Bag Generation Backpack,IRMAO,0,0,0,479,3.6,58,52,,1,58,https://m.media-amazon.com/images/I/61hre5NAPiL._AC_UL320_.jpg,Backpack,2021 New Flower Embroidered Artistic National Style Oxford Large Capacity Women's Bag Generation Backpack,SKU: B09NNG1P81
304,304,B07P9JFYZ5,Velvet Kids School/Nursery/Picnic/Carry/Travelling Bag - 2 to 5 Year Age,Frantic,0,0,0,278,4.0,"3,407",54,,0,"3,407",https://m.media-amazon.com/images/I/61TEPAqtZ6L._AC_UL320_.jpg,Backpack,Velvet Kids School/Nursery/Picnic/Carry/Travelling Bag - 2 to 5 Year Age,SKU: B07P9JFYZ5
305,305,B07N68449T,25 Ltrs Red Laptop Backpack (GH6 (0) 20 001),American Tourister,0,0,0,"1,849",0.0,0,38,,1,"₹1,849
₹3,000 Save ₹1,151 (38%)",https://m.media-amazon.com/images/I/71HLq4cXsyL._SY450_.jpg,Backpack,25 Ltrs Red Laptop Backpack (GH6 (0) 20 001),SKU: B07N68449T
