,Unnamed: 0.1,Rank,Unnamed: 2,o_Rank,Data-id,Ad,Link,Brand,price,Discount,F-assured,Title,Description,Rating,#Ratings,#Reviews,Spotlight,Pvt,Images,F-Description,cat
0,0,1,2,3,SMTFKFV9URTNYDWH,0,https://www.flipkart.com/adrenex-flipkart-anti-skid-yoga-mat-strap-blue-6-mm/p/itm8065a2e6be7cb?pid=SMTFKFV9URTNYDWH&lid=LSTSMTFKFV9URTNYDWH5QTQFU&marketplace=FLIPKART&q=yoga+mat&store=qoc%2Fs1h%2Ffco&spotlightTagId=BestsellerId_qoc%2Fs1h%2Ffco&srno=s_1_3&otracker=search&otracker1=search&iid=0eb05e4d-f322-44f2-bdef-1d7c1f5fef18.SMTFKFV9URTNYDWH.SEARCH&ssid=izr6k0hatc0000001645023803857&qH=dfecfecfa9701de7,adrenex,₹349,63% off,1,"Adrenex by Flipkart Anti Skid Yoga Mat with Strap, Blue...",,4.2,"(99,112)",,Bestseller,Private,http://rukmini1.flixcart.com/image/300/300/k29bvrk0/sport-mat/d/w/h/anti-skid-yoga-mat-with-strap-6-60-adrenex-by-flipkart-180-original-imafhn7ffvpvcjge.jpeg,"SKU : SMTFKFV9URTNYDWH
Brand : adrenex",yoga mats
1,1,2,323,324,SMTG4TEJRC4YU4EE,Advertisement,https://www.flipkart.com/fabssy-6mm-anti-skid-eva-tpe-tearless-yoga-mat-transparent-bag-men-women-black-maroon-mm/p/itm2d106cc0f8630?pid=SMTG4TEJRC4YU4EE&lid=LSTSMTG4TEJRC4YU4EEMC0EGS&marketplace=FLIPKART&q=yoga+mat&store=qoc%2Fs1h%2Ffco&srno=s_9_324&otracker=search&otracker1=search&iid=en_h9N6OqCEH%2BMS%2FGOt21PdmIf%2Faf%2BqImkg83uBbCgkZ8MVBQ%2BP7u7nxZe5ygMDR%2BFwRBaF6%2F%2B1dPIbsvwln11qeQ%3D%3D&ssid=n7ucqsbgg00000001645023822643&qH=dfecfecfa9701de7,,₹799,68% off,1,Fabssy 6mm Anti Skid EVA+TPE Tearless Yoga Mat with Tra...,,4.3,(409),,,0,http://rukmini1.flixcart.com/image/300/300/kvba7bk0/sport-mat/d/0/a/6mm-anti-skid-eva-tpe-tearless-yoga-mat-with-transparent-bag-for-original-imag88z4nbsjttze.jpeg,SKU : SMTG4TEJRC4YU4EE,yoga mats
2,2,3,355,356,SMTGBHVDXYUX8M3E,Advertisement,https://www.flipkart.com/quick-shel-100-eva-eco-friendly-mat-exercise-gym-mat-bag-black-6-mm-yoga/p/itm1fe90de976dd0?pid=SMTGBHVDXYUX8M3E&lid=LSTSMTGBHVDXYUX8M3EDKNOW8&marketplace=FLIPKART&q=yoga+mat&store=qoc%2Fs1h%2Ffco&srno=s_9_356&otracker=search&otracker1=search&iid=en_h9N6OqCEH%2BMS%2FGOt21PdmIf%2Faf%2BqImkg83uBbCgkZ8Oca2DBGq7YfwNcNdGtVcvzMNfGYVIU2chPredvhaRMJg%3D%3D&ssid=n7ucqsbgg00000001645023822643&qH=dfecfecfa9701de7,,₹379,62% off,1,"Quick Shel 100%EVA Eco Friendly Mat, Exercise & Gym Mat...",,3.9,"(78,022)",,,0,http://rukmini1.flixcart.com/image/300/300/kzpw2vk0/sport-mat/f/c/z/100-eva-eco-friendly-mat-exercise-gym-mat-with-bag-6-24-quick-original-imagbnz4ktdgazee.jpeg,SKU : SMTGBHVDXYUX8M3E,yoga mats
3,3,4,33,34,SMTFKFV9XHE8EM6X,0,https://www.flipkart.com/adrenex-flipkart-premium-yoga-anti-slip-mat-purple-8-mm/p/itm2e025cb3f1822?pid=SMTFKFV9XHE8EM6X&lid=LSTSMTFKFV9XHE8EM6XSHJLXC&marketplace=FLIPKART&q=yoga+mat&store=qoc%2Fs1h%2Ffco&spotlightTagId=TrendingId_qoc%2Fs1h%2Ffco&srno=s_1_34&otracker=search&otracker1=search&iid=0eb05e4d-f322-44f2-bdef-1d7c1f5fef18.SMTFKFV9XHE8EM6X.SEARCH&ssid=izr6k0hatc0000001645023803857&qH=dfecfecfa9701de7,adrenex,₹499,56% off,1,Adrenex by Flipkart Premium Yoga Anti Slip Mat Purple 8...,,4.1,"(12,022)",,Trending,Private,http://rukmini1.flixcart.com/image/300/300/k29bvrk0/sport-mat/m/6/x/anti-skid-yoga-mat-with-strap-8-60-adrenex-by-flipkart-180-original-imafhn7gwzhufjgm.jpeg,"SKU : SMTFKFV9XHE8EM6X
Brand : adrenex",yoga mats
4,4,5,3,4,SMTGFGGF7W7GFKAT,0,https://www.flipkart.com/quick-shel-premium-luxfoam-ultra-soft-yoga-mat-orange-4-5-mm/p/itm8c7e710334e3b?pid=SMTGFGGF7W7GFKAT&lid=LSTSMTGFGGF7W7GFKATFZYG0A&marketplace=FLIPKART&q=yoga+mat&store=qoc%2Fs1h%2Ffco&srno=s_1_4&otracker=search&otracker1=search&iid=e007479b-ba3e-4fa5-8524-0acc9b355e91.SMTGFGGF7W7GFKAT.SEARCH&ssid=855v9ncvr40000001644997955352&qH=dfecfecfa9701de7,,₹309,61% off,1,Quick Shel Premium Luxfoam Ultra Soft Yoga Mat Orange 4...,,3.9,(474),,,0,http://rukmini1.flixcart.com/image/300/300/kmuxevk0/sport-mat/o/j/0/premium-luxfoam-ultra-soft-yoga-mat-4-5-24-quick-shel-74-original-imagfzfnq7phmqwy.jpeg,SKU : SMTGFGGF7W7GFKAT,yoga mats
5,5,6,6,7,SMTF5846HBTZZWVM,0,https://www.flipkart.com/quick-shel-100-eva-eco-friendly-purple-6-mm-yoga-mat/p/itm392009f178406?pid=SMTF5846HBTZZWVM&lid=LSTSMTF5846HBTZZWVMQJXYQC&marketplace=FLIPKART&q=yoga+mat&store=qoc%2Fs1h%2Ffco&srno=s_1_7&otracker=search&otracker1=search&iid=e25ec869-0d4d-426e-90be-633a71cbac66.SMTF5846HBTZZWVM.SEARCH&ssid=t8mky9fe9s0000001644825269091&qH=dfecfecfa9701de7,,₹359,64% off,1,Quick Shel 100%EVA Eco Friendly Purple 6 mm Yoga Mat,,3.9,"(77,892)",,,0,http://rukmini1.flixcart.com/image/300/300/kzfvzww0/sport-mat/v/p/y/100-eva-eco-friendly-6-11-78-quick-shel-11-78-original-imagbgmcpjxftffj.jpeg,SKU : SMTF5846HBTZZWVM,yoga mats
6,6,7,6,7,SMTF5FMYZFEXQ6MA,0,https://www.flipkart.com/quick-shel-100-eva-eco-friendly-mat-exercise-gym-mat-bag-blue-6-mm-yoga/p/itm1fe90de976dd0?pid=SMTF5FMYZFEXQ6MA&lid=LSTSMTF5FMYZFEXQ6MALHAKEO&marketplace=FLIPKART&q=yoga+mat&store=qoc%2Fs1h%2Ffco&srno=s_1_7&otracker=search&otracker1=search&iid=0eb05e4d-f322-44f2-bdef-1d7c1f5fef18.SMTF5FMYZFEXQ6MA.SEARCH&ssid=izr6k0hatc0000001645023803857&qH=dfecfecfa9701de7,,₹349,65% off,1,"Quick Shel 100%EVA Eco Friendly Mat, Exercise & Gym Mat...",,3.9,"(78,022)",,,0,http://rukmini1.flixcart.com/image/300/300/kzhbfrk0/sport-mat/h/a/8/100-eva-eco-friendly-mat-exercise-gym-mat-with-bag-6-11-78-quick-original-imagbgmzzhegdsj5.jpeg,SKU : SMTF5FMYZFEXQ6MA,yoga mats
7,7,8,3,4,SMTFKYY3M5PHERXU,0,https://www.flipkart.com/quick-shel-blue-6mm-009-6-mm-yoga-mat/p/itm555ef39f204c4?pid=SMTFKYY3M5PHERXU&lid=LSTSMTFKYY3M5PHERXU8VZPHT&marketplace=FLIPKART&q=yoga+mat&store=qoc%2Fs1h%2Ffco&srno=s_1_4&otracker=search&otracker1=search&iid=0eb05e4d-f322-44f2-bdef-1d7c1f5fef18.SMTFKYY3M5PHERXU.SEARCH&ssid=izr6k0hatc0000001645023803857&qH=dfecfecfa9701de7,,₹349,64% off,1,Quick Shel BLUE 6MM 009 Blue 6 mm Yoga Mat,,3.9,"(5,599)",,,0,http://rukmini1.flixcart.com/image/300/300/k1cgr680/sport-mat/r/x/u/blue-6mm-009-6-61-quick-shel-173-original-imafh53tuhzqbznw.jpeg,SKU : SMTFKYY3M5PHERXU,yoga mats
8,8,9,327,328,SMTG3FE3YTZGUS2W,Advertisement,https://www.flipkart.com/pro-well-301-tpe-anti-slip-exercise-mats-gym-workout-fitness-men-women-bag-blue-0-6-cm-mm-yoga-mat/p/itm11f1d3a4f2324?pid=SMTG3FE3YTZGUS2W&lid=LSTSMTG3FE3YTZGUS2W077VH2&marketplace=FLIPKART&q=yoga+mat&store=qoc%2Fs1h%2Ffco&srno=s_9_328&otracker=search&otracker1=search&iid=en_h9N6OqCEH%2BMS%2FGOt21PdmIf%2Faf%2BqImkg83uBbCgkZ8PV4zyqu6szCTwxINA5aJruiy2PUAtK5bi9RtzzECXPqw%3D%3D&ssid=n7ucqsbgg00000001645023822643&qH=dfecfecfa9701de7,,"₹1,299",59% off,0,Pro.well 301 TPE Anti Slip Exercise Mats For Gym Workou...,,4.2,(56),,,0,http://rukmini1.flixcart.com/image/300/300/ksez24w0/sport-mat/8/n/0/301-tpe-anti-slip-exercise-mats-for-gym-workout-fitness-for-men-original-imag5yzgyyvtrayg.jpeg,SKU : SMTG3FE3YTZGUS2W,yoga mats
9,9,10,18,19,SMTFSP3P6UZX23SF,0,https://www.flipkart.com/rixon-global-yogamat-green-green-4mm-mm-yoga-mat/p/itm021e3bdbdec9c?pid=SMTFSP3P6UZX23SF&lid=LSTSMTFSP3P6UZX23SFETI9UU&marketplace=FLIPKART&q=yoga+mat&store=qoc%2Fs1h%2Ffco&srno=s_1_19&otracker=search&otracker1=search&iid=0eb05e4d-f322-44f2-bdef-1d7c1f5fef18.SMTFSP3P6UZX23SF.SEARCH&ssid=izr6k0hatc0000001645023803857&qH=dfecfecfa9701de7,,₹320,67% off,1,Rixon Global yogamat-Green Green 4mm mm Yoga Mat,,3.5,"(1,829)",,,0,http://rukmini1.flixcart.com/image/300/300/l1dwknk0/sport-mat/z/m/g/yogamat-green-4mm-32-rixon-global-72-original-imagcyngzdsbynhn.jpeg,SKU : SMTFSP3P6UZX23SF,yoga mats
10,10,11,4,5,SMTF5846SG6U7V6J,0,https://www.flipkart.com/quick-shel-100-eva-eco-friendly-green-6-mm-yoga-mat/p/itm392009f178406?pid=SMTF5846SG6U7V6J&lid=LSTSMTF5846SG6U7V6JRZBYGP&marketplace=FLIPKART&q=yoga+mat&store=qoc%2Fs1h%2Ffco&srno=s_1_5&otracker=search&otracker1=search&iid=0eb05e4d-f322-44f2-bdef-1d7c1f5fef18.SMTF5846SG6U7V6J.SEARCH&ssid=izr6k0hatc0000001645023803857&qH=dfecfecfa9701de7,,₹349,65% off,1,Quick Shel 100%EVA Eco Friendly Green 6 mm Yoga Mat,,3.9,"(78,022)",,,0,http://rukmini1.flixcart.com/image/300/300/kzhbfrk0/sport-mat/m/j/e/100-eva-eco-friendly-6-11-78-quick-shel-11-78-original-imagbhj4zzmhygfy.jpeg,SKU : SMTF5846SG6U7V6J,yoga mats
11,11,12,343,344,SMTG8TPYEWQPJEX8,Advertisement,https://www.flipkart.com/fabssy-6mm-anti-skid-eva-yoga-mat-carry-bag-tearless-borders-men-women-6-mm/p/itmea111294b262a?pid=SMTG8TPYEWQPJEX8&lid=LSTSMTG8TPYEWQPJEX81RNUBV&marketplace=FLIPKART&q=yoga+mat&store=qoc%2Fs1h%2Ffco&srno=s_9_344&otracker=search&otracker1=search&iid=en_h9N6OqCEH%2BMS%2FGOt21PdmIf%2Faf%2BqImkg83uBbCgkZ8ORdADf2Ydtl5GXHV7H5T%2B7M0HV8gq4kjnrfDmZmv9%2FAQ%3D%3D&ssid=n7ucqsbgg00000001645023822643&qH=dfecfecfa9701de7,,₹799,20% off,1,Fabssy 6mm Anti Skid EVA Yoga Mat with Carry Bag & Tear...,,4.3,(149),,,0,http://rukmini1.flixcart.com/image/300/300/l33cia80/sport-mat/k/w/m/6mm-anti-skid-eva-yoga-mat-with-carry-bag-tearless-borders-for-original-imageaeh2vhyg9g2.jpeg,SKU : SMTG8TPYEWQPJEX8,yoga mats
12,12,13,8,9,SMTF5846DARGJSTX,0,https://www.flipkart.com/quick-shel-100-eva-eco-friendly-red-6-mm-yoga-mat/p/itm392009f178406?pid=SMTF5846DARGJSTX&lid=LSTSMTF5846DARGJSTXYCNNWR&marketplace=FLIPKART&q=yoga+mat&store=qoc%2Fs1h%2Ffco&srno=s_1_9&otracker=search&otracker1=search&iid=96191028-667c-4c8f-a440-ed45693d0553.SMTF5846DARGJSTX.SEARCH&ssid=461z2oqeuo0000001644914002118&qH=dfecfecfa9701de7,,₹339,66% off,1,Quick Shel 100%EVA Eco Friendly Red 6 mm Yoga Mat,,3.9,"(77,952)",,,0,http://rukmini1.flixcart.com/image/300/300/kzhbfrk0/sport-mat/h/p/b/100-eva-eco-friendly-6-11-78-quick-shel-11-78-original-imagbhgknnnphsha.jpeg,SKU : SMTF5846DARGJSTX,yoga mats
13,13,14,331,332,SMTFKFV9KUCTMK4C,Advertisement,https://www.flipkart.com/adrenex-flipkart-anti-skid-yoga-mat-strap-purple-6-mm/p/itm8065a2e6be7cb?pid=SMTFKFV9KUCTMK4C&lid=LSTSMTFKFV9KUCTMK4CFAAUQC&marketplace=FLIPKART&q=yoga+mat&store=qoc%2Fs1h%2Ffco&srno=s_9_332&otracker=search&otracker1=search&iid=en_h9N6OqCEH%2BMS%2FGOt21PdmIf%2Faf%2BqImkg83uBbCgkZ8N6ChZpiIcwH%2BGlL%2FcfmWOt9FZFiXiHog4KLtSVsgk%2FMw%3D%3D&ssid=n7ucqsbgg00000001645023822643&qH=dfecfecfa9701de7,adrenex,₹349,63% off,1,"Adrenex by Flipkart Anti Skid Yoga Mat with Strap, Purp...",,4.2,"(99,112)",,,Private,http://rukmini1.flixcart.com/image/300/300/k29bvrk0/sport-mat/m/6/x/anti-skid-yoga-mat-with-strap-8-60-adrenex-by-flipkart-180-original-imafhn7gwzhufjgm.jpeg,"SKU : SMTFKFV9KUCTMK4C
Brand : adrenex",yoga mats
14,14,15,8,9,SMTFUDS3HGKPS2TN,0,https://www.flipkart.com/trust-model-317-tpe-exercise-mats-gym-workout-fitness-men-women-cover-bag-6-mm-yoga-mat/p/itmc843554e3e051?pid=SMTFUDS3HGKPS2TN&lid=LSTSMTFUDS3HGKPS2TN2JYIWF&marketplace=FLIPKART&q=yoga+mat&store=qoc%2Fs1h%2Ffco&srno=s_1_9&otracker=search&otracker1=search&iid=0eb05e4d-f322-44f2-bdef-1d7c1f5fef18.SMTFUDS3HGKPS2TN.SEARCH&ssid=izr6k0hatc0000001645023803857&qH=dfecfecfa9701de7,,"₹1,299",67% off,1,Dr Trust Model 317 TPE Exercise Mats for Gym Workout Fi...,,4.3,"(1,991)",,,0,http://rukmini1.flixcart.com/image/300/300/kfyasnk0/sport-mat/2/t/n/model-317-tpe-exercise-mats-for-gym-workout-fitness-for-men-original-imafwas8z6cksexk.jpeg,SKU : SMTFUDS3HGKPS2TN,yoga mats
15,15,16,25,26,SMTFXD9DPZPKNWGX,0,https://www.flipkart.com/ligera-ecofriendly-exercise-gym-yoga-mats-4mm-pink-men-women-4-mm-mat/p/itm3c9ef578db46b?pid=SMTFXD9DPZPKNWGX&lid=LSTSMTFXD9DPZPKNWGXUONG2T&marketplace=FLIPKART&q=yoga+mat&store=qoc%2Fs1h%2Ffco&srno=s_1_26&otracker=search&otracker1=search&iid=0eb05e4d-f322-44f2-bdef-1d7c1f5fef18.SMTFXD9DPZPKNWGX.SEARCH&ssid=izr6k0hatc0000001645023803857&qH=dfecfecfa9701de7,,₹325,67% off,1,Ligera EcoFriendly Exercise Gym & Yoga Mats 4mm Pink Fo...,,3.8,(442),,,0,http://rukmini1.flixcart.com/image/300/300/khcb7gw0-0/sport-mat/m/a/w/ecofriendly-exercise-gym-yoga-mats-4mm-pink-for-men-women-4-mm-original-imafxd6pmqznbhyh.jpeg,SKU : SMTFXD9DPZPKNWGX,yoga mats
16,16,17,335,336,SMTG4J3GDTZVNHZQ,Advertisement,https://www.flipkart.com/yogarise-6mm-yoga-mat-shoulder-strap-bag-mats-home-gym-outdoor-6-mm/p/itmd7d6ecf13767b?pid=SMTG4J3GDTZVNHZQ&lid=LSTSMTG4J3GDTZVNHZQLLHAU3&marketplace=FLIPKART&q=yoga+mat&store=qoc%2Fs1h%2Ffco&srno=s_9_336&otracker=search&otracker1=search&iid=en_h9N6OqCEH%2BMS%2FGOt21PdmIf%2Faf%2BqImkg83uBbCgkZ8OMQpudEfQyp4xyzyQPEJYJovTT%2BA61F5MneGkSPPUO3Q%3D%3D&ssid=n7ucqsbgg00000001645023822643&qH=dfecfecfa9701de7,,₹479,68% off,1,Yogarise 6mm Yoga Mat with Shoulder Strap & Bag Yoga ma...,,4,(483),,,0,http://rukmini1.flixcart.com/image/300/300/kqidx8w0/sport-mat/g/v/t/6mm-yoga-mat-with-shoulder-strap-bag-yoga-mats-for-home-gym-original-imag4gbfnfdaz7ad.jpeg,SKU : SMTG4J3GDTZVNHZQ,yoga mats
17,17,18,13,14,SMTFSP3PYYNH2HNG,0,https://www.flipkart.com/rixon-global-yogamat-blue-4mm-mm-yoga-mat/p/itm3cf0b00055119?pid=SMTFSP3PYYNH2HNG&lid=LSTSMTFSP3PYYNH2HNGQQGGGM&marketplace=FLIPKART&q=yoga+mat&store=qoc%2Fs1h%2Ffco&srno=s_1_14&otracker=search&otracker1=search&iid=e007479b-ba3e-4fa5-8524-0acc9b355e91.SMTFSP3PYYNH2HNG.SEARCH&ssid=855v9ncvr40000001644997955352&qH=dfecfecfa9701de7,,₹344,69% off,1,Rixon Global yogamat-blue 4mm mm Yoga Mat,,3.6,"(4,846)",,,0,http://rukmini1.flixcart.com/image/300/300/kapoo7k0/sport-mat/h/g/j/eco-friendly-non-slip-5mm-na-61-alaska-173-original-imafs844qrxrbgyc.jpeg,SKU : SMTFSP3PYYNH2HNG,yoga mats
18,18,19,28,29,SMTGFAKZBXMZ4VDH,0,https://www.flipkart.com/hrx-anti-skid-eva-strap-blue-red-6-mm-yoga-mat/p/itm034e2abdc2ba2?pid=SMTGFAKZBXMZ4VDH&lid=LSTSMTGFAKZBXMZ4VDHJU0O3N&marketplace=FLIPKART&q=yoga+mat&store=qoc%2Fs1h%2Ffco&srno=s_1_29&otracker=search&otracker1=search&iid=0eb05e4d-f322-44f2-bdef-1d7c1f5fef18.SMTGFAKZBXMZ4VDH.SEARCH&ssid=izr6k0hatc0000001645023803857&qH=dfecfecfa9701de7,,₹699,41% off,1,"HRX Anti Skid EVA with Strap Blue, Red 6 mm Yoga Mat",,4.3,"(2,512)",,,0,http://rukmini1.flixcart.com/image/300/300/kp036vk0/sport-mat/2/c/n/dual-tone-anti-skid-yoga-mat-with-inbuilt-strap-6-24-hrx-72-original-imag3bzewznxgj5f.jpeg,SKU : SMTGFAKZBXMZ4VDH,yoga mats
19,19,20,21,22,SMTGF9HUE4G9CGFN,0,https://www.flipkart.com/ojs-anti-skid-yoga-mat-bag-gym-workout-flooring-exercise-men-women-6mm-mm/p/itm3321fe7282f71?pid=SMTGF9HUE4G9CGFN&lid=LSTSMTGF9HUE4G9CGFNJAT6QI&marketplace=FLIPKART&q=yoga+mat&store=qoc%2Fs1h%2Ffco&srno=s_1_22&otracker=search&otracker1=search&iid=0eb05e4d-f322-44f2-bdef-1d7c1f5fef18.SMTGF9HUE4G9CGFN.SEARCH&ssid=izr6k0hatc0000001645023803857&qH=dfecfecfa9701de7,,₹499,50% off,1,ojs Anti Skid Yoga mat with Bag for Gym Workout and Flo...,,4.1,"(1,891)",,,0,http://rukmini1.flixcart.com/image/300/300/kkmwr680/sport-mat/c/c/b/ecofriendly-antiskid-exercise-yoga-mats-for-men-m-women-with-original-imafzxh3dqcgvmeb.jpeg,SKU : SMTGF9HUE4G9CGFN,yoga mats
20,20,21,195,196,SMTG2FD9FKHGKKFV,Advertisement,https://www.flipkart.com/adrenex-flipkart-anti-skid-6mm-yoga-mat-skipping-rope-6-mm/p/itmbdcceca119039?pid=SMTG2FD9FKHGKKFV&lid=LSTSMTG2FD9FKHGKKFVT3ANVL&marketplace=FLIPKART&q=yoga+mat&store=qoc%2Fs1h%2Ffco&srno=s_5_196&otracker=search&otracker1=search&iid=en_Cqa8GtanfA80oTUGxvAmDbGdybefQlx22Gm6SdaANF7H1bAZ7MG1vOyIHo4oGSQuScaFq9pfEkiUKB731SD7gA%3D%3D&ssid=obqlr13qeo0000001644850376024&qH=dfecfecfa9701de7,adrenex,₹449,62% off,1,Adrenex by Flipkart Anti Skid 6MM Yoga Mat with Skippin...,,4,(693),,,Private,http://rukmini1.flixcart.com/image/300/300/knc2p3k0/sport-mat/r/b/d/anti-skid-6mm-yoga-mat-with-skipping-rope-6-60-adrenex-by-original-imag2fd9att3vagw.jpeg,"SKU : SMTG2FD9FKHGKKFV
Brand : adrenex",yoga mats
21,21,22,347,348,SMTGAK4VBHXDFYGG,Advertisement,https://www.flipkart.com/citroda-fitness-mat-yoga-exercise-gym-workout-men-women-carrying-strap-bag-black-13-mm/p/itm5c2ace989cdd0?pid=SMTGAK4VBHXDFYGG&lid=LSTSMTGAK4VBHXDFYGGDWWQQ1&marketplace=FLIPKART&q=yoga+mat&store=qoc%2Fs1h%2Ffco&srno=s_9_348&otracker=search&otracker1=search&iid=en_h9N6OqCEH%2BMS%2FGOt21PdmIf%2Faf%2BqImkg83uBbCgkZ8OS76DyqX%2Fe8JiCsEa6z87JnLmDGatnM6idLfKNk4ns0g%3D%3D&ssid=n7ucqsbgg00000001645023822643&qH=dfecfecfa9701de7,,₹899,60% off,1,CITRODA Fitness Mat Yoga Exercise Gym Workout Men Women...,,-,-,,,0,http://rukmini1.flixcart.com/image/300/300/kyag87k0/sport-mat/y/u/i/fitness-mat-yoga-exercise-gym-workout-men-women-yoga-mat-with-original-imagak4vuvc7uhhg.jpeg,SKU : SMTGAK4VBHXDFYGG,yoga mats
22,22,23,16,17,SMTF58AZRVQJGYHT,0,https://www.flipkart.com/quick-shel-100-eva-eco-friendly-mat-exercise-gym-mat-yoga-strap-blue-6-mm/p/itmfg4j6hevgtezn?pid=SMTF58AZRVQJGYHT&lid=LSTSMTF58AZRVQJGYHTXQ0XV0&marketplace=FLIPKART&q=yoga+mat&store=qoc%2Fs1h%2Ffco&srno=s_1_17&otracker=search&otracker1=search&iid=0eb05e4d-f322-44f2-bdef-1d7c1f5fef18.SMTF58AZRVQJGYHT.SEARCH&ssid=izr6k0hatc0000001645023803857&qH=dfecfecfa9701de7,,₹346,65% off,1,"Quick Shel 100%EVA Eco Friendly Mat, Exercise & Gym Mat...",,3.9,"(17,043)",,,0,http://rukmini1.flixcart.com/image/300/300/kjn6qvk0-0/sport-mat/e/z/t/8mm-superior-quality-anti-skid-yoga-mat-with-strap-8mm-quick-original-imafz68uys4uq57w.jpeg,SKU : SMTF58AZRVQJGYHT,yoga mats
23,23,24,105,106,SMTG9P4QXXSRN2BY,0,https://www.flipkart.com/adrenex-flipkart-yoga-mat-6mm-exercise-gym-home-workout-fitness-eva-anti-skid-material-purple-6-mm/p/itm7a0a9b1fc8ae0?pid=SMTG9P4QXXSRN2BY&lid=LSTSMTG9P4QXXSRN2BY48BQXL&marketplace=FLIPKART&q=yoga+mat&store=qoc%2Fs1h%2Ffco&srno=s_3_106&otracker=search&otracker1=search&iid=97155166-bb86-4241-8396-5b13f7b2cc33.SMTG9P4QXXSRN2BY.SEARCH&ssid=45w8xr3h5c0000001645023808934&qH=dfecfecfa9701de7,adrenex,₹349,65% off,1,Adrenex by Flipkart Yoga Mat 6mm | Exercise Mat for Gym...,,3.5,(59),,,Private,http://rukmini1.flixcart.com/image/300/300/kx6fwcw0/sport-mat/n/1/6/yoga-mat-6mm-exercise-mat-for-gym-home-workout-fitness-eva-anti-original-imag9p4qrfxp47sx.jpeg,"SKU : SMTG9P4QXXSRN2BY
Brand : adrenex",yoga mats
24,24,25,16,17,SMTF5846YHYPF3DS,0,https://www.flipkart.com/quick-shel-100-eva-eco-friendly-mat-exercise-gym-mat-bag-orange-6-mm-yoga/p/itm1fe90de976dd0?pid=SMTF5846YHYPF3DS&lid=LSTSMTF5846YHYPF3DSJUHEU7&marketplace=FLIPKART&q=yoga+mat&store=qoc%2Fs1h%2Ffco&srno=s_1_17&otracker=search&otracker1=search&iid=de2f4fba-7bc2-44f0-8350-4c058122c61a.SMTF5846YHYPF3DS.SEARCH&ssid=39zn9mtaog0000001644936529682&qH=dfecfecfa9701de7,,₹349,65% off,1,"Quick Shel 100%EVA Eco Friendly Mat, Exercise & Gym Mat...",,3.9,"(77,994)",,,0,http://rukmini1.flixcart.com/image/300/300/kkoc70w0/sport-mat/s/7/r/100-eva-eco-friendly-mat-exercise-gym-mat-with-bag-6-quick-shel-original-imafzyw8ahxskfp2.jpeg,SKU : SMTF5846YHYPF3DS,yoga mats
25,25,26,32,33,SMTG4YZHSHHDB4TP,0,https://www.flipkart.com/prowl-non-toxic-phthalate-free-anti-skid-bag-6-mm-yoga-mat/p/itm4677661bdae6f?pid=SMTG4YZHSHHDB4TP&lid=LSTSMTG4YZHSHHDB4TPKSMMGC&marketplace=FLIPKART&q=yoga+mat&store=qoc%2Fs1h%2Ffco&srno=s_1_33&otracker=search&otracker1=search&iid=0eb05e4d-f322-44f2-bdef-1d7c1f5fef18.SMTG4YZHSHHDB4TP.SEARCH&ssid=izr6k0hatc0000001645023803857&qH=dfecfecfa9701de7,,₹599,53% off,1,"PROWL Non-Toxic & Phthalate Free, Anti-Skid with Bag 6 ...",,4.2,"(2,816)",,,0,http://rukmini1.flixcart.com/image/300/300/kr3tj0w0/sport-mat/d/i/e/premium-10mm-anti-skid-yoga-and-exercise-mat-with-yoga-mat-bag-original-imag4yvkud7jw93t.jpeg,SKU : SMTG4YZHSHHDB4TP,yoga mats
26,26,27,219,220,SMTES6BFUMYG3TBU,Advertisement,https://www.flipkart.com/strauss-anti-skid-yoga-mat-men-women-carry-bag-blue-6-mm/p/itmb67f836e785a8?pid=SMTES6BFUMYG3TBU&lid=LSTSMTES6BFUMYG3TBUYLWUFE&marketplace=FLIPKART&q=yoga+mat&store=qoc%2Fs1h%2Ffco&srno=s_6_220&otracker=search&otracker1=search&iid=en_98TWGS8251gyzncUmjCmo%2Bwbx9R6BTTG5bgrMe03O54OascnpYJzv4EDQ5vFY3%2FpdNs%2BY1BrqYuL0Tk8ny4Tkg%3D%3D&ssid=j11jycnxvk0000001645023815931&qH=dfecfecfa9701de7,,₹499,61% off,1,Strauss Anti-Skid Yoga Mat for Men & Women with Carry B...,,3.9,(781),,,0,http://rukmini1.flixcart.com/image/300/300/ky3b0y80/sport-mat/h/n/x/anti-skid-yoga-mat-for-men-women-with-carry-bag-6-61-strauss-173-original-imagaejzt6hwnyqf.jpeg,SKU : SMTES6BFUMYG3TBU,yoga mats
27,27,28,66,67,SMTGFAKZVRGYP9JC,0,https://www.flipkart.com/hrx-anti-skid-single-tone-superior-eva-bag-purple-6-mm-yoga-mat/p/itm05b53c3f7ad6f?pid=SMTGFAKZVRGYP9JC&lid=LSTSMTGFAKZVRGYP9JCEWG5LK&marketplace=FLIPKART&q=yoga+mat&store=qoc%2Fs1h%2Ffco&srno=s_2_67&otracker=search&otracker1=search&iid=a4b17093-b84a-4bea-9048-025afdb3eb33.SMTGFAKZVRGYP9JC.SEARCH&ssid=vx0vvmcf9s0000001645023806705&qH=dfecfecfa9701de7,,₹799,52% off,1,HRX Anti Skid Single Tone Superior EVA with Bag Purple ...,,4.2,(373),,,0,http://rukmini1.flixcart.com/image/300/300/kp78e4w0/sport-mat/h/e/f/anti-skid-superior-pure-eva-with-bag-6-hrx-original-imag3hgcnhje9wbu.jpeg,SKU : SMTGFAKZVRGYP9JC,yoga mats
28,28,29,14,15,SMTG349RDMTSXH3Z,0,https://www.flipkart.com/boldfit-yoga-mat-women-men-cover-bag-eva-material-6mm-extra-thickness-blue-6-mm/p/itmcb40a421d33ba?pid=SMTG349RDMTSXH3Z&lid=LSTSMTG349RDMTSXH3ZSCBWTZ&marketplace=FLIPKART&q=yoga+mat&store=qoc%2Fs1h%2Ffco&srno=s_1_15&otracker=search&otracker1=search&iid=0eb05e4d-f322-44f2-bdef-1d7c1f5fef18.SMTG349RDMTSXH3Z.SEARCH&ssid=izr6k0hatc0000001645023803857&qH=dfecfecfa9701de7,,₹599,33% off,1,BOLDFIT Yoga mat for Women and Men with Cover Bag EVA M...,,4.2,(215),,,0,http://rukmini1.flixcart.com/image/300/300/l23mhzk0/sport-mat/p/r/y/yoga-mat-for-men-women-kids-eva-exercise-mat-for-gym-with-cover-original-imagdgzscnvpghwy.jpeg,SKU : SMTG349RDMTSXH3Z,yoga mats
29,29,30,37,38,SMTFCV2EEXXCHNPB,0,https://www.flipkart.com/quick-shel-6mm-yoga-mat-100-eva-eco-friendly-premium-quality-orange-6-mm/p/itmfg2gpjsaxxvrf?pid=SMTFCV2EEXXCHNPB&lid=LSTSMTFCV2EEXXCHNPB7CASP6&marketplace=FLIPKART&q=yoga+mat&store=qoc%2Fs1h%2Ffco&srno=s_1_38&otracker=search&otracker1=search&iid=e25ec869-0d4d-426e-90be-633a71cbac66.SMTFCV2EEXXCHNPB.SEARCH&ssid=t8mky9fe9s0000001644825269091&qH=dfecfecfa9701de7,,₹399,60% off,1,Quick Shel 6MM YOGA MAT 100% EVA ECO FRIENDLY Premium Q...,,3.9,"(2,651)",,,0,http://rukmini1.flixcart.com/image/300/300/kl175ow0/sport-mat/e/9/2/6mm-yoga-mat-100-eva-eco-friendly-premium-quality-6-quick-shel-original-imagy8ysebyzgyjd.jpeg,SKU : SMTFCV2EEXXCHNPB,yoga mats
30,30,31,359,360,SMTG7EN6KXXT7JBX,Advertisement,https://www.flipkart.com/effingo-eva-4mm-yoga-mat-carry-bag-strap-exercise-fitness-black-black-4-mm/p/itm66e0b8224a5c0?pid=SMTG7EN6KXXT7JBX&lid=LSTSMTG7EN6KXXT7JBX08XED3&marketplace=FLIPKART&q=yoga+mat&store=qoc%2Fs1h%2Ffco&srno=s_9_360&otracker=search&otracker1=search&iid=en_h9N6OqCEH%2BMS%2FGOt21PdmIf%2Faf%2BqImkg83uBbCgkZ8MKciE2WifDPYpw7QQup97rono8iM1kK9IXZ3iMxh5GZw%3D%3D&ssid=n7ucqsbgg00000001645023822643&qH=dfecfecfa9701de7,,₹355,72% off,0,effingo EVA 4MM Yoga Mat with Carry Bag & Strap for Exe...,,3.8,(5),,,0,http://rukmini1.flixcart.com/image/300/300/ku8pbbk0/sport-mat/n/v/c/eva-4mm-yoga-mat-with-carry-bag-strap-for-exercise-and-fitness-original-imag7en6drmhag8h.jpeg,SKU : SMTG7EN6KXXT7JBX,yoga mats
31,31,32,9,10,SMTG6WVF9JWWXY8W,0,https://www.flipkart.com/pristyn-care-yoga-mat-anti-skid-texture-exercise-mats-gym-workout-fitness-unisex-pink-6-mm/p/itmcada53b1ad28a?pid=SMTG6WVF9JWWXY8W&lid=LSTSMTG6WVF9JWWXY8WA4EUWK&marketplace=FLIPKART&q=yoga+mat&store=qoc%2Fs1h%2Ffco&srno=s_1_10&otracker=search&otracker1=search&iid=0eb05e4d-f322-44f2-bdef-1d7c1f5fef18.SMTG6WVF9JWWXY8W.SEARCH&ssid=izr6k0hatc0000001645023803857&qH=dfecfecfa9701de7,,₹349,70% off,1,Pristyn care Yoga Mat with Anti Skid Texture | Exercise...,,3.8,"(2,480)",,,0,http://rukmini1.flixcart.com/image/300/300/ku79vgw0/sport-mat/q/q/j/yoga-mat-with-anti-skid-texture-exercise-mats-for-gym-workout-original-imag7dgyfee6u9qy.jpeg,SKU : SMTG6WVF9JWWXY8W,yoga mats
32,32,33,22,23,SMTFN7T4PDZZHSYV,0,https://www.flipkart.com/core-fit-roll-easy-pro-24-x-72-l-grey-6-mm-yoga-mat/p/itmbcdd290e5ec0f?pid=SMTFN7T4PDZZHSYV&lid=LSTSMTFN7T4PDZZHSYVWLHQAK&marketplace=FLIPKART&q=yoga+mat&store=qoc%2Fs1h%2Ffco&srno=s_1_23&otracker=search&otracker1=search&iid=0eb05e4d-f322-44f2-bdef-1d7c1f5fef18.SMTFN7T4PDZZHSYV.SEARCH&ssid=izr6k0hatc0000001645023803857&qH=dfecfecfa9701de7,,₹454,62% off,1,CORE FIT Roll Easy Pro 24 X 72-L Grey 6 mm Yoga Mat,,4.1,"(6,159)",,,0,http://rukmini1.flixcart.com/image/300/300/kwfaj680/sport-mat/b/6/q/super-grippy-with-belt-9-24-core-fit-72-original-imag93wfzrtzdtwv.jpeg,SKU : SMTFN7T4PDZZHSYV,yoga mats
33,33,34,56,57,SMTFVY24YGSWC52B,0,https://www.flipkart.com/millennium-mart-mm-yoga-4-green-4-mm-yoga-mat/p/itmeee84ffbc28c1?pid=SMTFVY24YGSWC52B&lid=LSTSMTFVY24YGSWC52BZ892ES&marketplace=FLIPKART&q=yoga+mat&store=qoc%2Fs1h%2Ffco&srno=s_2_57&otracker=search&otracker1=search&iid=a4b17093-b84a-4bea-9048-025afdb3eb33.SMTFVY24YGSWC52B.SEARCH&ssid=vx0vvmcf9s0000001645023806705&qH=dfecfecfa9701de7,,₹341,65% off,1,MILLENNIUM MART MM-yoga-4 Green 4 mm Yoga Mat,,3.5,(389),,,0,http://rukmini1.flixcart.com/image/300/300/kc0u7bk0/sport-mat/x/g/4/vn-yoga-4-4-24-khwaish-kollection-72-original-imaft8mp6sw9xh3z.jpeg,SKU : SMTFVY24YGSWC52B,yoga mats
34,34,35,90,91,SMTG3SPTZB449QT6,0,https://www.flipkart.com/fabssy-6mm-anti-skid-eva-yoga-mat-transparent-bag-tearless-borders-men-women-grey-black-6-mm/p/itmc17cb57d53181?pid=SMTG3SPTZB449QT6&lid=LSTSMTG3SPTZB449QT6ID99U1&marketplace=FLIPKART&q=yoga+mat&store=qoc%2Fs1h%2Ffco&srno=s_3_91&otracker=search&otracker1=search&iid=97155166-bb86-4241-8396-5b13f7b2cc33.SMTG3SPTZB449QT6.SEARCH&ssid=45w8xr3h5c0000001645023808934&qH=dfecfecfa9701de7,,₹799,20% off,1,Fabssy 6mm Anti Skid EVA Yoga Mat with Transparent Bag ...,,4.3,(149),,,0,http://rukmini1.flixcart.com/image/300/300/kw2fki80/sport-mat/r/i/y/6mm-anti-skid-eva-yoga-mat-with-transparent-bag-tearless-borders-original-imag8tztyyq83urv.jpeg,SKU : SMTG3SPTZB449QT6,yoga mats
35,35,36,94,95,SMTFST8RPG4TYAJH,0,https://www.flipkart.com/liv-pink-anti-slip-anti-skid-yoga-mat-women-gym-workout-flooring-exercise-4-mm/p/itma8af41208c54d?pid=SMTFST8RPG4TYAJH&lid=LSTSMTFST8RPG4TYAJHKAAJCD&marketplace=FLIPKART&q=yoga+mat&store=qoc%2Fs1h%2Ffco&srno=s_3_95&otracker=search&otracker1=search&iid=4d98c0ef-7f3e-4263-b08d-32a50b61dbe9.SMTFST8RPG4TYAJH.SEARCH&ssid=uxoo3crbm80000001644936533245&qH=dfecfecfa9701de7,,₹355,64% off,1,Liv Pink Anti-Slip Anti-Skid Yoga mat For Women Gym Wor...,,3.5,(44),,,0,http://rukmini1.flixcart.com/image/300/300/k5jxfgw0/sport-mat/r/f/4/4mm-non-slippery-yoga-mat-for-gym-work-out-flooring-exercise-4-original-imafefagpyjctwbt.jpeg,SKU : SMTFST8RPG4TYAJH,yoga mats
36,36,37,32,33,SMTFN6V4JZFZQXWY,0,https://www.flipkart.com/core-fit-roll-easy-pro-24-x-72-red-6-mm-yoga-mat/p/itm844f605fe1bea?pid=SMTFN6V4JZFZQXWY&lid=LSTSMTFN6V4JZFZQXWYCKT1ZB&marketplace=FLIPKART&q=yoga+mat&store=qoc%2Fs1h%2Ffco&srno=s_1_33&otracker=search&otracker1=search&iid=c24df85f-731b-454c-a122-c0270be76df6.SMTFN6V4JZFZQXWY.SEARCH&ssid=rw3l5kejnk0000001644479440793&qH=dfecfecfa9701de7,,₹454,62% off,1,CORE FIT Roll Easy Pro 24 X 72 Red 6 mm Yoga Mat,,4.1,"(6,454)",,,0,http://rukmini1.flixcart.com/image/300/300/kwfaj680/sport-mat/p/w/r/super-grippy-with-belt-9-24-core-fit-72-original-imag93wffgbnjzas.jpeg,SKU : SMTFN6V4JZFZQXWY,yoga mats
37,37,38,20,21,SMTG5H3CUVFKMQHK,0,https://www.flipkart.com/gymfy-eco-friendly-antislip-6mm-yoga-mat-gym-workout-flooring-exercise-long-size-grey-6-mm/p/itmd7855c20d281c?pid=SMTG5H3CUVFKMQHK&lid=LSTSMTG5H3CUVFKMQHKT6GFAD&marketplace=FLIPKART&q=yoga+mat&store=qoc%2Fs1h%2Ffco&srno=s_1_21&otracker=search&otracker1=search&iid=0eb05e4d-f322-44f2-bdef-1d7c1f5fef18.SMTG5H3CUVFKMQHK.SEARCH&ssid=izr6k0hatc0000001645023803857&qH=dfecfecfa9701de7,,₹499,50% off,1,Gymfy Eco-Friendly AntiSlip 6MM Yoga mat for Gym Workou...,,4.4,(101),,,0,http://rukmini1.flixcart.com/image/300/300/l16rde80/sport-mat/s/4/f/-original-imagct56hbsbtphq.jpeg,SKU : SMTG5H3CUVFKMQHK,yoga mats
38,38,39,10,11,SMTGFAKZHTHRZQCF,0,https://www.flipkart.com/hrx-anti-skid-pure-eva-designer-bag-blue-6-mm-yoga-mat/p/itm1825fdd63e29e?pid=SMTGFAKZHTHRZQCF&lid=LSTSMTGFAKZHTHRZQCFN0EEMC&marketplace=FLIPKART&q=yoga+mat&store=qoc%2Fs1h%2Ffco&srno=s_1_11&otracker=search&otracker1=search&iid=0eb05e4d-f322-44f2-bdef-1d7c1f5fef18.SMTGFAKZHTHRZQCF.SEARCH&ssid=izr6k0hatc0000001645023803857&qH=dfecfecfa9701de7,,₹799,46% off,1,HRX Anti Skid Pure EVA - Designer with Bag Blue 6 mm Yo...,,4.3,"(3,478)",,,0,http://rukmini1.flixcart.com/image/300/300/kp78e4w0/sport-mat/t/d/j/anti-skid-pure-eva-designer-with-bag-6-hrx-original-imag3hgcfzxszane.jpeg,SKU : SMTGFAKZHTHRZQCF,yoga mats
39,39,40,319,320,SMTFVGU3UPWUAG2P,Advertisement,https://www.flipkart.com/strauss-extra-thick-yoga-mat-men-women-carry-strap-red-13-mm/p/itm77d6913e1aca2?pid=SMTFVGU3UPWUAG2P&lid=LSTSMTFVGU3UPWUAG2P6UWVYB&marketplace=FLIPKART&q=yoga+mat&store=qoc%2Fs1h%2Ffco&srno=s_8_320&otracker=search&otracker1=search&iid=en_oTgV1yZlZOXcTi64Z8lS96ASkosY7CjtBQrpmOBWB3FIZGH4d%2FxC2LWHL%2FBmQWK4DpeOHQctpW8p0rMpk52hvA%3D%3D&ssid=o1e4y8d1s00000001644392797540&qH=dfecfecfa9701de7,,₹999,37% off,1,Strauss Extra Thick Yoga Mat for men & Women with Carry...,,3.7,(158),,,0,http://rukmini1.flixcart.com/image/300/300/kk76wsw0/sport-mat/r/a/b/nbr-13-strauss-original-imafzhu4ugjqebf4.jpeg,SKU : SMTFVGU3UPWUAG2P,yoga mats
